<game>
<id>400488939</id>
<date>8:00 PM ET, November 6, 2013</date>
<team>
<name>Cleveland Cavaliers</name>
<player>
<name>Tristan Thompson</name>
<pos>PF</pos>
<start>true</start>
<min>35</min>
<fgm>1</fgm>
<fga>5</fga>
<tpm>0</tpm>
<tpa>0</tpa>
<ftm>3</ftm>
<fta>4</fta>
<oreb>3</oreb>
<dreb>4</dreb>
<reb>7</reb>
<ast>0</ast>
<stl>2</stl>
<blk>0</blk>
<to>2</to>
<pf>1</pf>
<pam>+8</pam>
<pts>5</pts>
<dnp>false</dnp>
</player>
<player>
<name>Earl Clark</name>
<pos>SF</pos>
<start>true</start>
<min>13</min>
<fgm>1</fgm>
<fga>2</fga>
<tpm>1</tpm>
<tpa>1</tpa>
<ftm>0</ftm>
<fta>0</fta>
<oreb>0</oreb>
<dreb>2</dreb>
<reb>2</reb>
<ast>0</ast>
<stl>1</stl>
<blk>0</blk>
<to>0</to>
<pf>3</pf>
<pam>-1</pam>
<pts>3</pts>
<dnp>false</dnp>
</player>
<player>
<name>Anderson Varejao</name>
<pos>C</pos>
<start>true</start>
<min>33</min>
<fgm>6</fgm>
<fga>9</fga>
<tpm>0</tpm>
<tpa>0</tpa>
<ftm>0</ftm>
<fta>0</fta>
<oreb>3</oreb>
<dreb>5</dreb>
<reb>8</reb>
<ast>3</ast>
<stl>3</stl>
<blk>0</blk>
<to>0</to>
<pf>3</pf>
<pam>+2</pam>
<pts>12</pts>
<dnp>false</dnp>
</player>
<player>
<name>Kyrie Irving</name>
<pos>PG</pos>
<start>true</start>
<min>35</min>
<fgm>10</fgm>
<fga>20</fga>
<tpm>4</tpm>
<tpa>6</tpa>
<ftm>5</ftm>
<fta>5</fta>
<oreb>1</oreb>
<dreb>4</dreb>
<reb>5</reb>
<ast>8</ast>
<stl>0</stl>
<blk>0</blk>
<to>2</to>
<pf>2</pf>
<pam>+11</pam>
<pts>29</pts>
<dnp>false</dnp>
</player>
<player>
<name>Dion Waiters</name>
<pos>SG</pos>
<start>true</start>
<min>30</min>
<fgm>7</fgm>
<fga>13</fga>
<tpm>1</tpm>
<tpa>4</tpa>
<ftm>6</ftm>
<fta>11</fta>
<oreb>0</oreb>
<dreb>3</dreb>
<reb>3</reb>
<ast>3</ast>
<stl>1</stl>
<blk>1</blk>
<to>1</to>
<pf>2</pf>
<pam>+10</pam>
<pts>21</pts>
<dnp>false</dnp>
</player>
<player>
<name>Alonzo Gee</name>
<pos>SF</pos>
<start>false</start>
<min>23</min>
<fgm>2</fgm>
<fga>5</fga>
<tpm>1</tpm>
<tpa>3</tpa>
<ftm>2</ftm>
<fta>2</fta>
<oreb>1</oreb>
<dreb>3</dreb>
<reb>4</reb>
<ast>1</ast>
<stl>1</stl>
<blk>0</blk>
<to>1</to>
<pf>1</pf>
<pam>-15</pam>
<pts>7</pts>
<dnp>false</dnp>
</player>
<player>
<name>Anthony Bennett</name>
<pos>SF</pos>
<start>false</start>
<min>12</min>
<fgm>1</fgm>
<fga>5</fga>
<tpm>1</tpm>
<tpa>3</tpa>
<ftm>0</ftm>
<fta>0</fta>
<oreb>2</oreb>
<dreb>1</dreb>
<reb>3</reb>
<ast>1</ast>
<stl>2</stl>
<blk>1</blk>
<to>0</to>
<pf>1</pf>
<pam>-5</pam>
<pts>3</pts>
<dnp>false</dnp>
</player>
<player>
<name>Tyler Zeller</name>
<pos>C</pos>
<start>false</start>
<min>2</min>
<fgm>0</fgm>
<fga>0</fga>
<tpm>0</tpm>
<tpa>0</tpa>
<ftm>0</ftm>
<fta>0</fta>
<oreb>0</oreb>
<dreb>0</dreb>
<reb>0</reb>
<ast>0</ast>
<stl>0</stl>
<blk>0</blk>
<to>0</to>
<pf>1</pf>
<pam>-2</pam>
<pts>0</pts>
<dnp>false</dnp>
</player>
<player>
<name>Andrew Bynum</name>
<pos>C</pos>
<start>false</start>
<min>14</min>
<fgm>2</fgm>
<fga>7</fga>
<tpm>0</tpm>
<tpa>0</tpa>
<ftm>0</ftm>
<fta>0</fta>
<oreb>1</oreb>
<dreb>3</dreb>
<reb>4</reb>
<ast>0</ast>
<stl>0</stl>
<blk>0</blk>
<to>1</to>
<pf>2</pf>
<pam>-9</pam>
<pts>4</pts>
<dnp>false</dnp>
</player>
<player>
<name>Jarrett Jack</name>
<pos>PG</pos>
<start>false</start>
<min>19</min>
<fgm>3</fgm>
<fga>8</fga>
<tpm>0</tpm>
<tpa>1</tpa>
<ftm>0</ftm>
<fta>0</fta>
<oreb>0</oreb>
<dreb>0</dreb>
<reb>0</reb>
<ast>2</ast>
<stl>0</stl>
<blk>0</blk>
<to>2</to>
<pf>3</pf>
<pam>-19</pam>
<pts>6</pts>
<dnp>false</dnp>
</player>
<player>
<name>C.J. Miles</name>
<pos>SG</pos>
<start>false</start>
<min>24</min>
<fgm>5</fgm>
<fga>11</fga>
<tpm>4</tpm>
<tpa>10</tpa>
<ftm>0</ftm>
<fta>0</fta>
<oreb>1</oreb>
<dreb>2</dreb>
<reb>3</reb>
<ast>2</ast>
<stl>0</stl>
<blk>0</blk>
<to>0</to>
<pf>2</pf>
<pam>-5</pam>
<pts>14</pts>
<dnp>false</dnp>
</player>
<player>
<name>Matthew Dellavedova</name>
<pos>SG</pos>
<start>false</start>
<min>0</min>
<fgm>0</fgm>
<fga>0</fga>
<tpm>0</tpm>
<tpa>0</tpa>
<ftm>0</ftm>
<fta>0</fta>
<oreb>0</oreb>
<dreb>0</dreb>
<reb>0</reb>
<ast>0</ast>
<stl>0</stl>
<blk>0</blk>
<to>0</to>
<pf>0</pf>
<pam>0</pam>
<pts>0</pts>
<dnp>true</dnp>
</player>
<home>false</home>
<win>false</win>
<fgm>38</fgm>
<fga>85</fga>
<tpm>12</tpm>
<tpa>28</tpa>
<ftm>16</ftm>
<fta>22</fta>
<oreb>12</oreb>
<dreb>27</dreb>
<reb>39</reb>
<ast>20</ast>
<stl>10</stl>
<blk>2</blk>
<to>9</to>
<pf>21</pf>
<pts>104</pts>
</team>
<team>
<name>Milwaukee Bucks</name>
<player>
<name>Caron Butler</name>
<pos>SF</pos>
<start>true</start>
<min>30</min>
<fgm>4</fgm>
<fga>12</fga>
<tpm>2</tpm>
<tpa>7</tpa>
<ftm>0</ftm>
<fta>0</fta>
<oreb>1</oreb>
<dreb>3</dreb>
<reb>4</reb>
<ast>0</ast>
<stl>1</stl>
<blk>0</blk>
<to>3</to>
<pf>3</pf>
<pam>-10</pam>
<pts>10</pts>
<dnp>false</dnp>
</player>
<player>
<name>Zaza Pachulia</name>
<pos>C</pos>
<start>true</start>
<min>41</min>
<fgm>2</fgm>
<fga>4</fga>
<tpm>0</tpm>
<tpa>0</tpa>
<ftm>10</ftm>
<fta>10</fta>
<oreb>4</oreb>
<dreb>5</dreb>
<reb>9</reb>
<ast>7</ast>
<stl>0</stl>
<blk>0</blk>
<to>3</to>
<pf>2</pf>
<pam>-5</pam>
<pts>14</pts>
<dnp>false</dnp>
</player>
<player>
<name>John Henson</name>
<pos>C</pos>
<start>true</start>
<min>39</min>
<fgm>7</fgm>
<fga>9</fga>
<tpm>0</tpm>
<tpa>0</tpa>
<ftm>0</ftm>
<fta>2</fta>
<oreb>0</oreb>
<dreb>9</dreb>
<reb>9</reb>
<ast>3</ast>
<stl>0</stl>
<blk>3</blk>
<to>0</to>
<pf>4</pf>
<pam>+3</pam>
<pts>14</pts>
<dnp>false</dnp>
</player>
<player>
<name>Nate Wolters</name>
<pos>PG</pos>
<start>true</start>
<min>33</min>
<fgm>2</fgm>
<fga>5</fga>
<tpm>0</tpm>
<tpa>1</tpa>
<ftm>5</ftm>
<fta>5</fta>
<oreb>2</oreb>
<dreb>6</dreb>
<reb>8</reb>
<ast>6</ast>
<stl>0</stl>
<blk>0</blk>
<to>0</to>
<pf>3</pf>
<pam>+7</pam>
<pts>9</pts>
<dnp>false</dnp>
</player>
<player>
<name>O.J. Mayo</name>
<pos>SG</pos>
<start>true</start>
<min>33</min>
<fgm>9</fgm>
<fga>19</fga>
<tpm>6</tpm>
<tpa>7</tpa>
<ftm>4</ftm>
<fta>4</fta>
<oreb>0</oreb>
<dreb>2</dreb>
<reb>2</reb>
<ast>3</ast>
<stl>0</stl>
<blk>0</blk>
<to>4</to>
<pf>3</pf>
<pam>-5</pam>
<pts>28</pts>
<dnp>false</dnp>
</player>
<player>
<name>Khris Middleton</name>
<pos>PF</pos>
<start>false</start>
<min>20</min>
<fgm>2</fgm>
<fga>5</fga>
<tpm>1</tpm>
<tpa>3</tpa>
<ftm>2</ftm>
<fta>2</fta>
<oreb>0</oreb>
<dreb>3</dreb>
<reb>3</reb>
<ast>1</ast>
<stl>0</stl>
<blk>0</blk>
<to>2</to>
<pf>2</pf>
<pam>+17</pam>
<pts>7</pts>
<dnp>false</dnp>
</player>
<player>
<name>Ekpe Udoh</name>
<pos>PF</pos>
<start>false</start>
<min>13</min>
<fgm>2</fgm>
<fga>3</fga>
<tpm>0</tpm>
<tpa>0</tpa>
<ftm>0</ftm>
<fta>0</fta>
<oreb>2</oreb>
<dreb>3</dreb>
<reb>5</reb>
<ast>1</ast>
<stl>2</stl>
<blk>1</blk>
<to>1</to>
<pf>1</pf>
<pam>+6</pam>
<pts>4</pts>
<dnp>false</dnp>
</player>
<player>
<name>Gary Neal</name>
<pos>SG</pos>
<start>false</start>
<min>31</min>
<fgm>8</fgm>
<fga>15</fga>
<tpm>4</tpm>
<tpa>5</tpa>
<ftm>3</ftm>
<fta>3</fta>
<oreb>0</oreb>
<dreb>1</dreb>
<reb>1</reb>
<ast>4</ast>
<stl>0</stl>
<blk>0</blk>
<to>1</to>
<pf>0</pf>
<pam>+12</pam>
<pts>23</pts>
<dnp>false</dnp>
</player>
<player>
<name>Ersan Ilyasova</name>
<pos>PF</pos>
<start>false</start>
<min>0</min>
<fgm>0</fgm>
<fga>0</fga>
<tpm>0</tpm>
<tpa>0</tpa>
<ftm>0</ftm>
<fta>0</fta>
<oreb>0</oreb>
<dreb>0</dreb>
<reb>0</reb>
<ast>0</ast>
<stl>0</stl>
<blk>0</blk>
<to>0</to>
<pf>0</pf>
<pam>0</pam>
<pts>0</pts>
<dnp>true</dnp>
</player>
<player>
<name>Miroslav Raduljica</name>
<pos>C</pos>
<start>false</start>
<min>0</min>
<fgm>0</fgm>
<fga>0</fga>
<tpm>0</tpm>
<tpa>0</tpa>
<ftm>0</ftm>
<fta>0</fta>
<oreb>0</oreb>
<dreb>0</dreb>
<reb>0</reb>
<ast>0</ast>
<stl>0</stl>
<blk>0</blk>
<to>0</to>
<pf>0</pf>
<pam>0</pam>
<pts>0</pts>
<dnp>true</dnp>
</player>
<player>
<name>Larry Sanders</name>
<pos>C</pos>
<start>false</start>
<min>0</min>
<fgm>0</fgm>
<fga>0</fga>
<tpm>0</tpm>
<tpa>0</tpa>
<ftm>0</ftm>
<fta>0</fta>
<oreb>0</oreb>
<dreb>0</dreb>
<reb>0</reb>
<ast>0</ast>
<stl>0</stl>
<blk>0</blk>
<to>0</to>
<pf>0</pf>
<pam>0</pam>
<pts>0</pts>
<dnp>true</dnp>
</player>
<player>
<name>Brandon Knight</name>
<pos>PG</pos>
<start>false</start>
<min>0</min>
<fgm>0</fgm>
<fga>0</fga>
<tpm>0</tpm>
<tpa>0</tpa>
<ftm>0</ftm>
<fta>0</fta>
<oreb>0</oreb>
<dreb>0</dreb>
<reb>0</reb>
<ast>0</ast>
<stl>0</stl>
<blk>0</blk>
<to>0</to>
<pf>0</pf>
<pam>0</pam>
<pts>0</pts>
<dnp>true</dnp>
</player>
<home>true</home>
<win>true</win>
<fgm>36</fgm>
<fga>72</fga>
<tpm>13</tpm>
<tpa>23</tpa>
<ftm>24</ftm>
<fta>26</fta>
<oreb>9</oreb>
<dreb>32</dreb>
<reb>41</reb>
<ast>25</ast>
<stl>3</stl>
<blk>4</blk>
<to>14</to>
<pf>18</pf>
<pts>109</pts>
</team>
</game>