<game>
<id>400489210</id>
<date>8:30 PM ET, December 13, 2013</date>
<team>
<name>Chicago Bulls</name>
<player>
<name>Carlos Boozer</name>
<pos>PF</pos>
<start>true</start>
<min>37</min>
<fgm>5</fgm>
<fga>16</fga>
<tpm>0</tpm>
<tpa>0</tpa>
<ftm>4</ftm>
<fta>4</fta>
<oreb>2</oreb>
<dreb>10</dreb>
<reb>12</reb>
<ast>2</ast>
<stl>0</stl>
<blk>2</blk>
<to>1</to>
<pf>4</pf>
<pam>+16</pam>
<pts>14</pts>
<dnp>false</dnp>
</player>
<player>
<name>Mike Dunleavy</name>
<pos>SF</pos>
<start>true</start>
<min>38</min>
<fgm>4</fgm>
<fga>8</fga>
<tpm>1</tpm>
<tpa>3</tpa>
<ftm>3</ftm>
<fta>3</fta>
<oreb>1</oreb>
<dreb>4</dreb>
<reb>5</reb>
<ast>4</ast>
<stl>1</stl>
<blk>0</blk>
<to>2</to>
<pf>2</pf>
<pam>+2</pam>
<pts>12</pts>
<dnp>false</dnp>
</player>
<player>
<name>Joakim Noah</name>
<pos>C</pos>
<start>true</start>
<min>35</min>
<fgm>10</fgm>
<fga>15</fga>
<tpm>0</tpm>
<tpa>0</tpa>
<ftm>1</ftm>
<fta>2</fta>
<oreb>9</oreb>
<dreb>9</dreb>
<reb>18</reb>
<ast>5</ast>
<stl>3</stl>
<blk>3</blk>
<to>2</to>
<pf>5</pf>
<pam>+2</pam>
<pts>21</pts>
<dnp>false</dnp>
</player>
<player>
<name>Kirk Hinrich</name>
<pos>SG</pos>
<start>true</start>
<min>36</min>
<fgm>5</fgm>
<fga>12</fga>
<tpm>3</tpm>
<tpa>9</tpa>
<ftm>0</ftm>
<fta>0</fta>
<oreb>0</oreb>
<dreb>1</dreb>
<reb>1</reb>
<ast>8</ast>
<stl>0</stl>
<blk>0</blk>
<to>3</to>
<pf>2</pf>
<pam>+13</pam>
<pts>13</pts>
<dnp>false</dnp>
</player>
<player>
<name>Jimmy Butler</name>
<pos>SG</pos>
<start>true</start>
<min>37</min>
<fgm>4</fgm>
<fga>12</fga>
<tpm>1</tpm>
<tpa>4</tpa>
<ftm>7</ftm>
<fta>8</fta>
<oreb>1</oreb>
<dreb>1</dreb>
<reb>2</reb>
<ast>1</ast>
<stl>3</stl>
<blk>0</blk>
<to>3</to>
<pf>2</pf>
<pam>+9</pam>
<pts>16</pts>
<dnp>false</dnp>
</player>
<player>
<name>Taj Gibson</name>
<pos>PF</pos>
<start>false</start>
<min>19</min>
<fgm>3</fgm>
<fga>8</fga>
<tpm>0</tpm>
<tpa>0</tpa>
<ftm>0</ftm>
<fta>0</fta>
<oreb>4</oreb>
<dreb>1</dreb>
<reb>5</reb>
<ast>3</ast>
<stl>0</stl>
<blk>0</blk>
<to>2</to>
<pf>3</pf>
<pam>-8</pam>
<pts>6</pts>
<dnp>false</dnp>
</player>
<player>
<name>Nazr Mohammed</name>
<pos>C</pos>
<start>false</start>
<min>5</min>
<fgm>1</fgm>
<fga>1</fga>
<tpm>0</tpm>
<tpa>0</tpa>
<ftm>1</ftm>
<fta>2</fta>
<oreb>0</oreb>
<dreb>0</dreb>
<reb>0</reb>
<ast>0</ast>
<stl>0</stl>
<blk>1</blk>
<to>1</to>
<pf>1</pf>
<pam>-8</pam>
<pts>3</pts>
<dnp>false</dnp>
</player>
<player>
<name>D.J. Augustin</name>
<pos>PG</pos>
<start>false</start>
<min>12</min>
<fgm>0</fgm>
<fga>3</fga>
<tpm>0</tpm>
<tpa>2</tpa>
<ftm>0</ftm>
<fta>0</fta>
<oreb>0</oreb>
<dreb>1</dreb>
<reb>1</reb>
<ast>1</ast>
<stl>1</stl>
<blk>0</blk>
<to>0</to>
<pf>2</pf>
<pam>-12</pam>
<pts>0</pts>
<dnp>false</dnp>
</player>
<player>
<name>Tony Snell</name>
<pos>SG</pos>
<start>false</start>
<min>21</min>
<fgm>2</fgm>
<fga>6</fga>
<tpm>2</tpm>
<tpa>6</tpa>
<ftm>0</ftm>
<fta>0</fta>
<oreb>0</oreb>
<dreb>0</dreb>
<reb>0</reb>
<ast>2</ast>
<stl>0</stl>
<blk>0</blk>
<to>1</to>
<pf>1</pf>
<pam>-9</pam>
<pts>6</pts>
<dnp>false</dnp>
</player>
<player>
<name>Erik Murphy</name>
<pos>PF</pos>
<start>false</start>
<min>0</min>
<fgm>0</fgm>
<fga>0</fga>
<tpm>0</tpm>
<tpa>0</tpa>
<ftm>0</ftm>
<fta>0</fta>
<oreb>0</oreb>
<dreb>0</dreb>
<reb>0</reb>
<ast>0</ast>
<stl>0</stl>
<blk>0</blk>
<to>0</to>
<pf>0</pf>
<pam>0</pam>
<pts>0</pts>
<dnp>true</dnp>
</player>
<player>
<name>Luol Deng</name>
<pos>SF</pos>
<start>false</start>
<min>0</min>
<fgm>0</fgm>
<fga>0</fga>
<tpm>0</tpm>
<tpa>0</tpa>
<ftm>0</ftm>
<fta>0</fta>
<oreb>0</oreb>
<dreb>0</dreb>
<reb>0</reb>
<ast>0</ast>
<stl>0</stl>
<blk>0</blk>
<to>0</to>
<pf>0</pf>
<pam>0</pam>
<pts>0</pts>
<dnp>true</dnp>
</player>
<player>
<name>Marquis Teague</name>
<pos>PG</pos>
<start>false</start>
<min>0</min>
<fgm>0</fgm>
<fga>0</fga>
<tpm>0</tpm>
<tpa>0</tpa>
<ftm>0</ftm>
<fta>0</fta>
<oreb>0</oreb>
<dreb>0</dreb>
<reb>0</reb>
<ast>0</ast>
<stl>0</stl>
<blk>0</blk>
<to>0</to>
<pf>0</pf>
<pam>0</pam>
<pts>0</pts>
<dnp>true</dnp>
</player>
<home>false</home>
<win>true</win>
<fgm>34</fgm>
<fga>81</fga>
<tpm>7</tpm>
<tpa>24</tpa>
<ftm>16</ftm>
<fta>19</fta>
<oreb>17</oreb>
<dreb>27</dreb>
<reb>44</reb>
<ast>26</ast>
<stl>8</stl>
<blk>6</blk>
<to>15</to>
<pf>22</pf>
<pts>91</pts>
</team>
<team>
<name>Milwaukee Bucks</name>
<player>
<name>Khris Middleton</name>
<pos>PF</pos>
<start>true</start>
<min>24</min>
<fgm>5</fgm>
<fga>9</fga>
<tpm>0</tpm>
<tpa>0</tpa>
<ftm>0</ftm>
<fta>0</fta>
<oreb>1</oreb>
<dreb>3</dreb>
<reb>4</reb>
<ast>2</ast>
<stl>0</stl>
<blk>1</blk>
<to>0</to>
<pf>2</pf>
<pam>+1</pam>
<pts>10</pts>
<dnp>false</dnp>
</player>
<player>
<name>Ekpe Udoh</name>
<pos>PF</pos>
<start>true</start>
<min>33</min>
<fgm>3</fgm>
<fga>5</fga>
<tpm>0</tpm>
<tpa>0</tpa>
<ftm>1</ftm>
<fta>2</fta>
<oreb>1</oreb>
<dreb>4</dreb>
<reb>5</reb>
<ast>2</ast>
<stl>1</stl>
<blk>3</blk>
<to>3</to>
<pf>3</pf>
<pam>0</pam>
<pts>7</pts>
<dnp>false</dnp>
</player>
<player>
<name>John Henson</name>
<pos>C</pos>
<start>true</start>
<min>36</min>
<fgm>6</fgm>
<fga>9</fga>
<tpm>0</tpm>
<tpa>0</tpa>
<ftm>3</ftm>
<fta>4</fta>
<oreb>1</oreb>
<dreb>7</dreb>
<reb>8</reb>
<ast>3</ast>
<stl>2</stl>
<blk>4</blk>
<to>2</to>
<pf>3</pf>
<pam>-6</pam>
<pts>15</pts>
<dnp>false</dnp>
</player>
<player>
<name>Brandon Knight</name>
<pos>PG</pos>
<start>true</start>
<min>29</min>
<fgm>3</fgm>
<fga>9</fga>
<tpm>0</tpm>
<tpa>0</tpa>
<ftm>5</ftm>
<fta>5</fta>
<oreb>0</oreb>
<dreb>2</dreb>
<reb>2</reb>
<ast>4</ast>
<stl>0</stl>
<blk>0</blk>
<to>3</to>
<pf>1</pf>
<pam>-11</pam>
<pts>11</pts>
<dnp>false</dnp>
</player>
<player>
<name>O.J. Mayo</name>
<pos>SG</pos>
<start>true</start>
<min>29</min>
<fgm>6</fgm>
<fga>13</fga>
<tpm>2</tpm>
<tpa>5</tpa>
<ftm>0</ftm>
<fta>0</fta>
<oreb>0</oreb>
<dreb>1</dreb>
<reb>1</reb>
<ast>2</ast>
<stl>0</stl>
<blk>0</blk>
<to>1</to>
<pf>5</pf>
<pam>-9</pam>
<pts>14</pts>
<dnp>false</dnp>
</player>
<player>
<name>Ersan Ilyasova</name>
<pos>PF</pos>
<start>false</start>
<min>24</min>
<fgm>1</fgm>
<fga>7</fga>
<tpm>0</tpm>
<tpa>1</tpa>
<ftm>1</ftm>
<fta>2</fta>
<oreb>2</oreb>
<dreb>1</dreb>
<reb>3</reb>
<ast>1</ast>
<stl>1</stl>
<blk>0</blk>
<to>0</to>
<pf>1</pf>
<pam>+5</pam>
<pts>3</pts>
<dnp>false</dnp>
</player>
<player>
<name>Miroslav Raduljica</name>
<pos>C</pos>
<start>false</start>
<min>3</min>
<fgm>0</fgm>
<fga>2</fga>
<tpm>0</tpm>
<tpa>0</tpa>
<ftm>0</ftm>
<fta>0</fta>
<oreb>2</oreb>
<dreb>0</dreb>
<reb>2</reb>
<ast>0</ast>
<stl>0</stl>
<blk>0</blk>
<to>0</to>
<pf>2</pf>
<pam>-1</pam>
<pts>0</pts>
<dnp>false</dnp>
</player>
<player>
<name>Nate Wolters</name>
<pos>PG</pos>
<start>false</start>
<min>19</min>
<fgm>2</fgm>
<fga>7</fga>
<tpm>0</tpm>
<tpa>0</tpa>
<ftm>1</ftm>
<fta>2</fta>
<oreb>2</oreb>
<dreb>0</dreb>
<reb>2</reb>
<ast>3</ast>
<stl>2</stl>
<blk>0</blk>
<to>1</to>
<pf>0</pf>
<pam>+10</pam>
<pts>5</pts>
<dnp>false</dnp>
</player>
<player>
<name>Gary Neal</name>
<pos>SG</pos>
<start>false</start>
<min>19</min>
<fgm>5</fgm>
<fga>9</fga>
<tpm>2</tpm>
<tpa>4</tpa>
<ftm>5</ftm>
<fta>6</fta>
<oreb>0</oreb>
<dreb>2</dreb>
<reb>2</reb>
<ast>0</ast>
<stl>0</stl>
<blk>0</blk>
<to>4</to>
<pf>0</pf>
<pam>+5</pam>
<pts>17</pts>
<dnp>false</dnp>
</player>
<player>
<name>Giannis Antetokounmpo</name>
<pos>SG</pos>
<start>false</start>
<min>24</min>
<fgm>2</fgm>
<fga>4</fga>
<tpm>0</tpm>
<tpa>0</tpa>
<ftm>4</ftm>
<fta>4</fta>
<oreb>4</oreb>
<dreb>5</dreb>
<reb>9</reb>
<ast>1</ast>
<stl>0</stl>
<blk>0</blk>
<to>0</to>
<pf>2</pf>
<pam>+1</pam>
<pts>8</pts>
<dnp>false</dnp>
</player>
<player>
<name>Caron Butler</name>
<pos>SF</pos>
<start>false</start>
<min>0</min>
<fgm>0</fgm>
<fga>0</fga>
<tpm>0</tpm>
<tpa>0</tpa>
<ftm>0</ftm>
<fta>0</fta>
<oreb>0</oreb>
<dreb>0</dreb>
<reb>0</reb>
<ast>0</ast>
<stl>0</stl>
<blk>0</blk>
<to>0</to>
<pf>0</pf>
<pam>0</pam>
<pts>0</pts>
<dnp>true</dnp>
</player>
<player>
<name>Zaza Pachulia</name>
<pos>C</pos>
<start>false</start>
<min>0</min>
<fgm>0</fgm>
<fga>0</fga>
<tpm>0</tpm>
<tpa>0</tpa>
<ftm>0</ftm>
<fta>0</fta>
<oreb>0</oreb>
<dreb>0</dreb>
<reb>0</reb>
<ast>0</ast>
<stl>0</stl>
<blk>0</blk>
<to>0</to>
<pf>0</pf>
<pam>0</pam>
<pts>0</pts>
<dnp>true</dnp>
</player>
<home>true</home>
<win>false</win>
<fgm>33</fgm>
<fga>74</fga>
<tpm>4</tpm>
<tpa>10</tpa>
<ftm>20</ftm>
<fta>25</fta>
<oreb>13</oreb>
<dreb>25</dreb>
<reb>38</reb>
<ast>18</ast>
<stl>6</stl>
<blk>8</blk>
<to>14</to>
<pf>19</pf>
<pts>90</pts>
</team>
</game>