<game>
<id>400489300</id>
<date>7:00 PM ET, December 27, 2013</date>
<team>
<name>Oklahoma City Thunder</name>
<player>
<name>Serge Ibaka</name>
<pos>PF</pos>
<start>true</start>
<min>36</min>
<fgm>6</fgm>
<fga>8</fga>
<tpm>0</tpm>
<tpa>1</tpa>
<ftm>0</ftm>
<fta>0</fta>
<oreb>2</oreb>
<dreb>7</dreb>
<reb>9</reb>
<ast>2</ast>
<stl>0</stl>
<blk>3</blk>
<to>2</to>
<pf>3</pf>
<pam>-1</pam>
<pts>12</pts>
<dnp>false</dnp>
</player>
<player>
<name>Kevin Durant</name>
<pos>SF</pos>
<start>true</start>
<min>40</min>
<fgm>14</fgm>
<fga>28</fga>
<tpm>2</tpm>
<tpa>6</tpa>
<ftm>4</ftm>
<fta>6</fta>
<oreb>2</oreb>
<dreb>10</dreb>
<reb>12</reb>
<ast>6</ast>
<stl>0</stl>
<blk>0</blk>
<to>2</to>
<pf>3</pf>
<pam>+1</pam>
<pts>34</pts>
<dnp>false</dnp>
</player>
<player>
<name>Kendrick Perkins</name>
<pos>C</pos>
<start>true</start>
<min>25</min>
<fgm>0</fgm>
<fga>3</fga>
<tpm>0</tpm>
<tpa>0</tpa>
<ftm>0</ftm>
<fta>2</fta>
<oreb>4</oreb>
<dreb>6</dreb>
<reb>10</reb>
<ast>1</ast>
<stl>1</stl>
<blk>1</blk>
<to>3</to>
<pf>1</pf>
<pam>+4</pam>
<pts>0</pts>
<dnp>false</dnp>
</player>
<player>
<name>Reggie Jackson</name>
<pos>PG</pos>
<start>true</start>
<min>30</min>
<fgm>4</fgm>
<fga>19</fga>
<tpm>1</tpm>
<tpa>5</tpa>
<ftm>1</ftm>
<fta>2</fta>
<oreb>0</oreb>
<dreb>6</dreb>
<reb>6</reb>
<ast>3</ast>
<stl>1</stl>
<blk>0</blk>
<to>0</to>
<pf>1</pf>
<pam>+5</pam>
<pts>10</pts>
<dnp>false</dnp>
</player>
<player>
<name>Thabo Sefolosha</name>
<pos>SG</pos>
<start>true</start>
<min>24</min>
<fgm>3</fgm>
<fga>5</fga>
<tpm>3</tpm>
<tpa>5</tpa>
<ftm>3</ftm>
<fta>4</fta>
<oreb>0</oreb>
<dreb>3</dreb>
<reb>3</reb>
<ast>2</ast>
<stl>0</stl>
<blk>0</blk>
<to>0</to>
<pf>1</pf>
<pam>+8</pam>
<pts>12</pts>
<dnp>false</dnp>
</player>
<player>
<name>Nick Collison</name>
<pos>PF</pos>
<start>false</start>
<min>16</min>
<fgm>0</fgm>
<fga>2</fga>
<tpm>0</tpm>
<tpa>1</tpa>
<ftm>2</ftm>
<fta>2</fta>
<oreb>0</oreb>
<dreb>1</dreb>
<reb>1</reb>
<ast>3</ast>
<stl>0</stl>
<blk>0</blk>
<to>1</to>
<pf>3</pf>
<pam>+5</pam>
<pts>2</pts>
<dnp>false</dnp>
</player>
<player>
<name>Perry Jones</name>
<pos>SF</pos>
<start>false</start>
<min>10</min>
<fgm>0</fgm>
<fga>0</fga>
<tpm>0</tpm>
<tpa>0</tpa>
<ftm>0</ftm>
<fta>0</fta>
<oreb>0</oreb>
<dreb>0</dreb>
<reb>0</reb>
<ast>0</ast>
<stl>0</stl>
<blk>0</blk>
<to>0</to>
<pf>0</pf>
<pam>+2</pam>
<pts>0</pts>
<dnp>false</dnp>
</player>
<player>
<name>Steven Adams</name>
<pos>C</pos>
<start>false</start>
<min>16</min>
<fgm>1</fgm>
<fga>1</fga>
<tpm>0</tpm>
<tpa>0</tpa>
<ftm>4</ftm>
<fta>6</fta>
<oreb>2</oreb>
<dreb>1</dreb>
<reb>3</reb>
<ast>1</ast>
<stl>0</stl>
<blk>1</blk>
<to>0</to>
<pf>3</pf>
<pam>+1</pam>
<pts>6</pts>
<dnp>false</dnp>
</player>
<player>
<name>Derek Fisher</name>
<pos>PG</pos>
<start>false</start>
<min>18</min>
<fgm>1</fgm>
<fga>4</fga>
<tpm>1</tpm>
<tpa>3</tpa>
<ftm>0</ftm>
<fta>0</fta>
<oreb>0</oreb>
<dreb>2</dreb>
<reb>2</reb>
<ast>0</ast>
<stl>0</stl>
<blk>0</blk>
<to>2</to>
<pf>3</pf>
<pam>-1</pam>
<pts>3</pts>
<dnp>false</dnp>
</player>
<player>
<name>Jeremy Lamb</name>
<pos>SG</pos>
<start>false</start>
<min>24</min>
<fgm>4</fgm>
<fga>10</fga>
<tpm>1</tpm>
<tpa>4</tpa>
<ftm>1</ftm>
<fta>2</fta>
<oreb>0</oreb>
<dreb>2</dreb>
<reb>2</reb>
<ast>1</ast>
<stl>0</stl>
<blk>0</blk>
<to>1</to>
<pf>0</pf>
<pam>-4</pam>
<pts>10</pts>
<dnp>false</dnp>
</player>
<player>
<name>Ryan Gomes</name>
<pos>SF</pos>
<start>false</start>
<min>0</min>
<fgm>0</fgm>
<fga>0</fga>
<tpm>0</tpm>
<tpa>0</tpa>
<ftm>0</ftm>
<fta>0</fta>
<oreb>0</oreb>
<dreb>0</dreb>
<reb>0</reb>
<ast>0</ast>
<stl>0</stl>
<blk>0</blk>
<to>0</to>
<pf>0</pf>
<pam>0</pam>
<pts>0</pts>
<dnp>true</dnp>
</player>
<player>
<name>Hasheem Thabeet</name>
<pos>C</pos>
<start>false</start>
<min>0</min>
<fgm>0</fgm>
<fga>0</fga>
<tpm>0</tpm>
<tpa>0</tpa>
<ftm>0</ftm>
<fta>0</fta>
<oreb>0</oreb>
<dreb>0</dreb>
<reb>0</reb>
<ast>0</ast>
<stl>0</stl>
<blk>0</blk>
<to>0</to>
<pf>0</pf>
<pam>0</pam>
<pts>0</pts>
<dnp>true</dnp>
</player>
<home>false</home>
<win>true</win>
<fgm>33</fgm>
<fga>80</fga>
<tpm>8</tpm>
<tpa>25</tpa>
<ftm>15</ftm>
<fta>24</fta>
<oreb>10</oreb>
<dreb>38</dreb>
<reb>48</reb>
<ast>19</ast>
<stl>2</stl>
<blk>5</blk>
<to>11</to>
<pf>18</pf>
<pts>89</pts>
</team>
<team>
<name>Charlotte Bobcats</name>
<player>
<name>Josh McRoberts</name>
<pos>PF</pos>
<start>true</start>
<min>32</min>
<fgm>5</fgm>
<fga>13</fga>
<tpm>3</tpm>
<tpa>7</tpa>
<ftm>0</ftm>
<fta>0</fta>
<oreb>1</oreb>
<dreb>5</dreb>
<reb>6</reb>
<ast>7</ast>
<stl>2</stl>
<blk>2</blk>
<to>1</to>
<pf>3</pf>
<pam>+9</pam>
<pts>13</pts>
<dnp>false</dnp>
</player>
<player>
<name>Anthony Tolliver</name>
<pos>PF</pos>
<start>true</start>
<min>35</min>
<fgm>2</fgm>
<fga>5</fga>
<tpm>2</tpm>
<tpa>5</tpa>
<ftm>0</ftm>
<fta>0</fta>
<oreb>0</oreb>
<dreb>3</dreb>
<reb>3</reb>
<ast>2</ast>
<stl>1</stl>
<blk>0</blk>
<to>0</to>
<pf>1</pf>
<pam>-1</pam>
<pts>6</pts>
<dnp>false</dnp>
</player>
<player>
<name>Al Jefferson</name>
<pos>C</pos>
<start>true</start>
<min>35</min>
<fgm>7</fgm>
<fga>16</fga>
<tpm>0</tpm>
<tpa>0</tpa>
<ftm>2</ftm>
<fta>2</fta>
<oreb>2</oreb>
<dreb>9</dreb>
<reb>11</reb>
<ast>0</ast>
<stl>0</stl>
<blk>1</blk>
<to>0</to>
<pf>2</pf>
<pam>+1</pam>
<pts>16</pts>
<dnp>false</dnp>
</player>
<player>
<name>Kemba Walker</name>
<pos>PG</pos>
<start>true</start>
<min>36</min>
<fgm>6</fgm>
<fga>17</fga>
<tpm>2</tpm>
<tpa>4</tpa>
<ftm>4</ftm>
<fta>6</fta>
<oreb>0</oreb>
<dreb>4</dreb>
<reb>4</reb>
<ast>7</ast>
<stl>1</stl>
<blk>0</blk>
<to>0</to>
<pf>1</pf>
<pam>-4</pam>
<pts>18</pts>
<dnp>false</dnp>
</player>
<player>
<name>Gerald Henderson</name>
<pos>SG</pos>
<start>true</start>
<min>33</min>
<fgm>6</fgm>
<fga>12</fga>
<tpm>1</tpm>
<tpa>2</tpa>
<ftm>1</ftm>
<fta>1</fta>
<oreb>0</oreb>
<dreb>3</dreb>
<reb>3</reb>
<ast>1</ast>
<stl>0</stl>
<blk>0</blk>
<to>0</to>
<pf>4</pf>
<pam>-7</pam>
<pts>14</pts>
<dnp>false</dnp>
</player>
<player>
<name>Cody Zeller</name>
<pos>C</pos>
<start>false</start>
<min>16</min>
<fgm>0</fgm>
<fga>5</fga>
<tpm>0</tpm>
<tpa>0</tpa>
<ftm>3</ftm>
<fta>4</fta>
<oreb>2</oreb>
<dreb>2</dreb>
<reb>4</reb>
<ast>1</ast>
<stl>1</stl>
<blk>0</blk>
<to>4</to>
<pf>1</pf>
<pam>-13</pam>
<pts>3</pts>
<dnp>false</dnp>
</player>
<player>
<name>Bismack Biyombo</name>
<pos>C</pos>
<start>false</start>
<min>13</min>
<fgm>1</fgm>
<fga>2</fga>
<tpm>0</tpm>
<tpa>0</tpa>
<ftm>0</ftm>
<fta>0</fta>
<oreb>3</oreb>
<dreb>1</dreb>
<reb>4</reb>
<ast>0</ast>
<stl>0</stl>
<blk>2</blk>
<to>1</to>
<pf>3</pf>
<pam>-5</pam>
<pts>2</pts>
<dnp>false</dnp>
</player>
<player>
<name>Ramon Sessions</name>
<pos>PG</pos>
<start>false</start>
<min>15</min>
<fgm>2</fgm>
<fga>3</fga>
<tpm>1</tpm>
<tpa>1</tpa>
<ftm>4</ftm>
<fta>5</fta>
<oreb>0</oreb>
<dreb>3</dreb>
<reb>3</reb>
<ast>2</ast>
<stl>0</stl>
<blk>0</blk>
<to>0</to>
<pf>0</pf>
<pam>+3</pam>
<pts>9</pts>
<dnp>false</dnp>
</player>
<player>
<name>Chris Douglas-Roberts</name>
<pos>SG</pos>
<start>false</start>
<min>13</min>
<fgm>0</fgm>
<fga>3</fga>
<tpm>0</tpm>
<tpa>2</tpa>
<ftm>2</ftm>
<fta>2</fta>
<oreb>1</oreb>
<dreb>2</dreb>
<reb>3</reb>
<ast>0</ast>
<stl>0</stl>
<blk>0</blk>
<to>1</to>
<pf>3</pf>
<pam>-3</pam>
<pts>2</pts>
<dnp>false</dnp>
</player>
<player>
<name>Ben Gordon</name>
<pos>SG</pos>
<start>false</start>
<min>12</min>
<fgm>1</fgm>
<fga>4</fga>
<tpm>0</tpm>
<tpa>2</tpa>
<ftm>0</ftm>
<fta>0</fta>
<oreb>0</oreb>
<dreb>2</dreb>
<reb>2</reb>
<ast>0</ast>
<stl>0</stl>
<blk>0</blk>
<to>1</to>
<pf>0</pf>
<pam>0</pam>
<pts>2</pts>
<dnp>false</dnp>
</player>
<player>
<name>Jeff Adrien</name>
<pos>SF</pos>
<start>false</start>
<min>0</min>
<fgm>0</fgm>
<fga>0</fga>
<tpm>0</tpm>
<tpa>0</tpa>
<ftm>0</ftm>
<fta>0</fta>
<oreb>0</oreb>
<dreb>0</dreb>
<reb>0</reb>
<ast>0</ast>
<stl>0</stl>
<blk>0</blk>
<to>0</to>
<pf>0</pf>
<pam>0</pam>
<pts>0</pts>
<dnp>true</dnp>
</player>
<player>
<name>Jeff Taylor</name>
<pos>SF</pos>
<start>false</start>
<min>0</min>
<fgm>0</fgm>
<fga>0</fga>
<tpm>0</tpm>
<tpa>0</tpa>
<ftm>0</ftm>
<fta>0</fta>
<oreb>0</oreb>
<dreb>0</dreb>
<reb>0</reb>
<ast>0</ast>
<stl>0</stl>
<blk>0</blk>
<to>0</to>
<pf>0</pf>
<pam>0</pam>
<pts>0</pts>
<dnp>true</dnp>
</player>
<home>true</home>
<win>false</win>
<fgm>30</fgm>
<fga>80</fga>
<tpm>9</tpm>
<tpa>23</tpa>
<ftm>16</ftm>
<fta>20</fta>
<oreb>9</oreb>
<dreb>34</dreb>
<reb>43</reb>
<ast>20</ast>
<stl>5</stl>
<blk>5</blk>
<to>8</to>
<pf>18</pf>
<pts>85</pts>
</team>
</game>