<game>
<id>400489251</id>
<date>9:00 PM ET, December 18, 2013</date>
<team>
<name>San Antonio Spurs</name>
<player>
<name>Tim Duncan</name>
<pos>PF</pos>
<start>true</start>
<min>31</min>
<fgm>6</fgm>
<fga>13</fga>
<tpm>0</tpm>
<tpa>0</tpa>
<ftm>5</ftm>
<fta>5</fta>
<oreb>6</oreb>
<dreb>7</dreb>
<reb>13</reb>
<ast>2</ast>
<stl>2</stl>
<blk>3</blk>
<to>5</to>
<pf>1</pf>
<pam>+5</pam>
<pts>17</pts>
<dnp>false</dnp>
</player>
<player>
<name>Kawhi Leonard</name>
<pos>SF</pos>
<start>true</start>
<min>31</min>
<fgm>5</fgm>
<fga>15</fga>
<tpm>2</tpm>
<tpa>3</tpa>
<ftm>2</ftm>
<fta>3</fta>
<oreb>2</oreb>
<dreb>4</dreb>
<reb>6</reb>
<ast>2</ast>
<stl>2</stl>
<blk>0</blk>
<to>2</to>
<pf>3</pf>
<pam>-2</pam>
<pts>14</pts>
<dnp>false</dnp>
</player>
<player>
<name>Tiago Splitter</name>
<pos>C</pos>
<start>true</start>
<min>13</min>
<fgm>2</fgm>
<fga>3</fga>
<tpm>0</tpm>
<tpa>0</tpa>
<ftm>4</ftm>
<fta>6</fta>
<oreb>3</oreb>
<dreb>1</dreb>
<reb>4</reb>
<ast>0</ast>
<stl>0</stl>
<blk>0</blk>
<to>0</to>
<pf>0</pf>
<pam>-7</pam>
<pts>8</pts>
<dnp>false</dnp>
</player>
<player>
<name>Cory Joseph</name>
<pos>PG</pos>
<start>true</start>
<min>16</min>
<fgm>2</fgm>
<fga>5</fga>
<tpm>0</tpm>
<tpa>0</tpa>
<ftm>0</ftm>
<fta>0</fta>
<oreb>0</oreb>
<dreb>3</dreb>
<reb>3</reb>
<ast>0</ast>
<stl>0</stl>
<blk>0</blk>
<to>1</to>
<pf>3</pf>
<pam>-7</pam>
<pts>4</pts>
<dnp>false</dnp>
</player>
<player>
<name>Marco Belinelli</name>
<pos>SG</pos>
<start>true</start>
<min>24</min>
<fgm>3</fgm>
<fga>9</fga>
<tpm>1</tpm>
<tpa>2</tpa>
<ftm>0</ftm>
<fta>0</fta>
<oreb>0</oreb>
<dreb>5</dreb>
<reb>5</reb>
<ast>3</ast>
<stl>0</stl>
<blk>0</blk>
<to>1</to>
<pf>2</pf>
<pam>-12</pam>
<pts>7</pts>
<dnp>false</dnp>
</player>
<player>
<name>Matt Bonner</name>
<pos>PF</pos>
<start>false</start>
<min>8</min>
<fgm>2</fgm>
<fga>3</fga>
<tpm>1</tpm>
<tpa>2</tpa>
<ftm>0</ftm>
<fta>0</fta>
<oreb>0</oreb>
<dreb>0</dreb>
<reb>0</reb>
<ast>0</ast>
<stl>0</stl>
<blk>0</blk>
<to>1</to>
<pf>1</pf>
<pam>-2</pam>
<pts>5</pts>
<dnp>false</dnp>
</player>
<player>
<name>Boris Diaw</name>
<pos>PF</pos>
<start>false</start>
<min>27</min>
<fgm>4</fgm>
<fga>7</fga>
<tpm>0</tpm>
<tpa>0</tpa>
<ftm>0</ftm>
<fta>0</fta>
<oreb>0</oreb>
<dreb>3</dreb>
<reb>3</reb>
<ast>4</ast>
<stl>1</stl>
<blk>0</blk>
<to>2</to>
<pf>1</pf>
<pam>+17</pam>
<pts>8</pts>
<dnp>false</dnp>
</player>
<player>
<name>Jeff Ayres</name>
<pos>C</pos>
<start>false</start>
<min>12</min>
<fgm>2</fgm>
<fga>2</fga>
<tpm>0</tpm>
<tpa>0</tpa>
<ftm>0</ftm>
<fta>0</fta>
<oreb>0</oreb>
<dreb>3</dreb>
<reb>3</reb>
<ast>0</ast>
<stl>1</stl>
<blk>0</blk>
<to>1</to>
<pf>1</pf>
<pam>+2</pam>
<pts>4</pts>
<dnp>false</dnp>
</player>
<player>
<name>Patty Mills</name>
<pos>PG</pos>
<start>false</start>
<min>31</min>
<fgm>4</fgm>
<fga>10</fga>
<tpm>2</tpm>
<tpa>5</tpa>
<ftm>2</ftm>
<fta>2</fta>
<oreb>0</oreb>
<dreb>1</dreb>
<reb>1</reb>
<ast>4</ast>
<stl>2</stl>
<blk>0</blk>
<to>0</to>
<pf>3</pf>
<pam>+12</pam>
<pts>12</pts>
<dnp>false</dnp>
</player>
<player>
<name>Danny Green</name>
<pos>SG</pos>
<start>false</start>
<min>21</min>
<fgm>2</fgm>
<fga>3</fga>
<tpm>0</tpm>
<tpa>1</tpa>
<ftm>1</ftm>
<fta>3</fta>
<oreb>0</oreb>
<dreb>2</dreb>
<reb>2</reb>
<ast>1</ast>
<stl>0</stl>
<blk>1</blk>
<to>0</to>
<pf>2</pf>
<pam>+13</pam>
<pts>5</pts>
<dnp>false</dnp>
</player>
<player>
<name>Manu Ginobili</name>
<pos>SG</pos>
<start>false</start>
<min>27</min>
<fgm>9</fgm>
<fga>17</fga>
<tpm>1</tpm>
<tpa>5</tpa>
<ftm>5</ftm>
<fta>5</fta>
<oreb>3</oreb>
<dreb>3</dreb>
<reb>6</reb>
<ast>7</ast>
<stl>2</stl>
<blk>0</blk>
<to>5</to>
<pf>0</pf>
<pam>+16</pam>
<pts>24</pts>
<dnp>false</dnp>
</player>
<player>
<name>Aron Baynes</name>
<pos>PF</pos>
<start>false</start>
<min>0</min>
<fgm>0</fgm>
<fga>0</fga>
<tpm>0</tpm>
<tpa>0</tpa>
<ftm>0</ftm>
<fta>0</fta>
<oreb>0</oreb>
<dreb>0</dreb>
<reb>0</reb>
<ast>0</ast>
<stl>0</stl>
<blk>0</blk>
<to>0</to>
<pf>0</pf>
<pam>0</pam>
<pts>0</pts>
<dnp>true</dnp>
</player>
<home>false</home>
<win>true</win>
<fgm>41</fgm>
<fga>87</fga>
<tpm>7</tpm>
<tpa>18</tpa>
<ftm>19</ftm>
<fta>24</fta>
<oreb>14</oreb>
<dreb>32</dreb>
<reb>46</reb>
<ast>23</ast>
<stl>10</stl>
<blk>4</blk>
<to>18</to>
<pf>17</pf>
<pts>108</pts>
</team>
<team>
<name>Phoenix Suns</name>
<player>
<name>Channing Frye</name>
<pos>PF</pos>
<start>true</start>
<min>26</min>
<fgm>8</fgm>
<fga>11</fga>
<tpm>4</tpm>
<tpa>4</tpa>
<ftm>2</ftm>
<fta>2</fta>
<oreb>0</oreb>
<dreb>5</dreb>
<reb>5</reb>
<ast>1</ast>
<stl>2</stl>
<blk>1</blk>
<to>4</to>
<pf>3</pf>
<pam>-3</pam>
<pts>22</pts>
<dnp>false</dnp>
</player>
<player>
<name>P.J. Tucker</name>
<pos>SF</pos>
<start>true</start>
<min>28</min>
<fgm>1</fgm>
<fga>4</fga>
<tpm>1</tpm>
<tpa>1</tpa>
<ftm>1</ftm>
<fta>2</fta>
<oreb>2</oreb>
<dreb>2</dreb>
<reb>4</reb>
<ast>2</ast>
<stl>0</stl>
<blk>0</blk>
<to>2</to>
<pf>3</pf>
<pam>+1</pam>
<pts>4</pts>
<dnp>false</dnp>
</player>
<player>
<name>Miles Plumlee</name>
<pos>C</pos>
<start>true</start>
<min>34</min>
<fgm>6</fgm>
<fga>9</fga>
<tpm>0</tpm>
<tpa>0</tpa>
<ftm>1</ftm>
<fta>2</fta>
<oreb>7</oreb>
<dreb>6</dreb>
<reb>13</reb>
<ast>0</ast>
<stl>2</stl>
<blk>2</blk>
<to>2</to>
<pf>4</pf>
<pam>-6</pam>
<pts>13</pts>
<dnp>false</dnp>
</player>
<player>
<name>Eric Bledsoe</name>
<pos>PG</pos>
<start>true</start>
<min>33</min>
<fgm>6</fgm>
<fga>15</fga>
<tpm>0</tpm>
<tpa>3</tpa>
<ftm>3</ftm>
<fta>3</fta>
<oreb>0</oreb>
<dreb>5</dreb>
<reb>5</reb>
<ast>7</ast>
<stl>0</stl>
<blk>0</blk>
<to>4</to>
<pf>4</pf>
<pam>+1</pam>
<pts>15</pts>
<dnp>false</dnp>
</player>
<player>
<name>Goran Dragic</name>
<pos>SG</pos>
<start>true</start>
<min>41</min>
<fgm>6</fgm>
<fga>18</fga>
<tpm>0</tpm>
<tpa>2</tpa>
<ftm>6</ftm>
<fta>8</fta>
<oreb>1</oreb>
<dreb>1</dreb>
<reb>2</reb>
<ast>4</ast>
<stl>0</stl>
<blk>0</blk>
<to>2</to>
<pf>4</pf>
<pam>-5</pam>
<pts>18</pts>
<dnp>false</dnp>
</player>
<player>
<name>Markieff Morris</name>
<pos>PF</pos>
<start>false</start>
<min>25</min>
<fgm>4</fgm>
<fga>8</fga>
<tpm>0</tpm>
<tpa>0</tpa>
<ftm>4</ftm>
<fta>5</fta>
<oreb>3</oreb>
<dreb>3</dreb>
<reb>6</reb>
<ast>0</ast>
<stl>1</stl>
<blk>2</blk>
<to>1</to>
<pf>2</pf>
<pam>-7</pam>
<pts>12</pts>
<dnp>false</dnp>
</player>
<player>
<name>Marcus Morris</name>
<pos>PF</pos>
<start>false</start>
<min>21</min>
<fgm>2</fgm>
<fga>5</fga>
<tpm>1</tpm>
<tpa>1</tpa>
<ftm>0</ftm>
<fta>0</fta>
<oreb>0</oreb>
<dreb>4</dreb>
<reb>4</reb>
<ast>0</ast>
<stl>0</stl>
<blk>0</blk>
<to>2</to>
<pf>2</pf>
<pam>-7</pam>
<pts>5</pts>
<dnp>false</dnp>
</player>
<player>
<name>Archie Goodwin</name>
<pos>SG</pos>
<start>false</start>
<min>15</min>
<fgm>3</fgm>
<fga>4</fga>
<tpm>0</tpm>
<tpa>0</tpa>
<ftm>1</ftm>
<fta>2</fta>
<oreb>0</oreb>
<dreb>1</dreb>
<reb>1</reb>
<ast>0</ast>
<stl>2</stl>
<blk>0</blk>
<to>1</to>
<pf>0</pf>
<pam>-3</pam>
<pts>7</pts>
<dnp>false</dnp>
</player>
<player>
<name>Gerald Green</name>
<pos>SG</pos>
<start>false</start>
<min>17</min>
<fgm>2</fgm>
<fga>8</fga>
<tpm>1</tpm>
<tpa>4</tpa>
<ftm>0</ftm>
<fta>0</fta>
<oreb>0</oreb>
<dreb>2</dreb>
<reb>2</reb>
<ast>2</ast>
<stl>1</stl>
<blk>2</blk>
<to>1</to>
<pf>2</pf>
<pam>-6</pam>
<pts>5</pts>
<dnp>false</dnp>
</player>
<player>
<name>Slava Kravtsov</name>
<pos>C</pos>
<start>false</start>
<min>0</min>
<fgm>0</fgm>
<fga>0</fga>
<tpm>0</tpm>
<tpa>0</tpa>
<ftm>0</ftm>
<fta>0</fta>
<oreb>0</oreb>
<dreb>0</dreb>
<reb>0</reb>
<ast>0</ast>
<stl>0</stl>
<blk>0</blk>
<to>0</to>
<pf>0</pf>
<pam>0</pam>
<pts>0</pts>
<dnp>true</dnp>
</player>
<player>
<name>Alex Len</name>
<pos>C</pos>
<start>false</start>
<min>0</min>
<fgm>0</fgm>
<fga>0</fga>
<tpm>0</tpm>
<tpa>0</tpa>
<ftm>0</ftm>
<fta>0</fta>
<oreb>0</oreb>
<dreb>0</dreb>
<reb>0</reb>
<ast>0</ast>
<stl>0</stl>
<blk>0</blk>
<to>0</to>
<pf>0</pf>
<pam>0</pam>
<pts>0</pts>
<dnp>true</dnp>
</player>
<player>
<name>Ish Smith</name>
<pos>PG</pos>
<start>false</start>
<min>0</min>
<fgm>0</fgm>
<fga>0</fga>
<tpm>0</tpm>
<tpa>0</tpa>
<ftm>0</ftm>
<fta>0</fta>
<oreb>0</oreb>
<dreb>0</dreb>
<reb>0</reb>
<ast>0</ast>
<stl>0</stl>
<blk>0</blk>
<to>0</to>
<pf>0</pf>
<pam>0</pam>
<pts>0</pts>
<dnp>true</dnp>
</player>
<home>true</home>
<win>false</win>
<fgm>38</fgm>
<fga>82</fga>
<tpm>7</tpm>
<tpa>15</tpa>
<ftm>18</ftm>
<fta>24</fta>
<oreb>13</oreb>
<dreb>29</dreb>
<reb>42</reb>
<ast>16</ast>
<stl>8</stl>
<blk>7</blk>
<to>19</to>
<pf>24</pf>
<pts>101</pts>
</team>
</game>