<game>
<id>400489188</id>
<date>7:30 PM ET, December 10, 2013</date>
<team>
<name>Minnesota Timberwolves</name>
<player>
<name>Kevin Love</name>
<pos>PF</pos>
<start>true</start>
<min>30</min>
<fgm>6</fgm>
<fga>15</fga>
<tpm>4</tpm>
<tpa>6</tpa>
<ftm>10</ftm>
<fta>10</fta>
<oreb>6</oreb>
<dreb>10</dreb>
<reb>16</reb>
<ast>7</ast>
<stl>0</stl>
<blk>0</blk>
<to>4</to>
<pf>1</pf>
<pam>+19</pam>
<pts>26</pts>
<dnp>false</dnp>
</player>
<player>
<name>Corey Brewer</name>
<pos>SF</pos>
<start>true</start>
<min>28</min>
<fgm>5</fgm>
<fga>10</fga>
<tpm>1</tpm>
<tpa>5</tpa>
<ftm>0</ftm>
<fta>0</fta>
<oreb>0</oreb>
<dreb>0</dreb>
<reb>0</reb>
<ast>4</ast>
<stl>1</stl>
<blk>0</blk>
<to>1</to>
<pf>1</pf>
<pam>+21</pam>
<pts>11</pts>
<dnp>false</dnp>
</player>
<player>
<name>Nikola Pekovic</name>
<pos>C</pos>
<start>true</start>
<min>33</min>
<fgm>7</fgm>
<fga>14</fga>
<tpm>0</tpm>
<tpa>0</tpa>
<ftm>4</ftm>
<fta>6</fta>
<oreb>2</oreb>
<dreb>3</dreb>
<reb>5</reb>
<ast>0</ast>
<stl>0</stl>
<blk>0</blk>
<to>2</to>
<pf>2</pf>
<pam>+16</pam>
<pts>18</pts>
<dnp>false</dnp>
</player>
<player>
<name>Ricky Rubio</name>
<pos>PG</pos>
<start>true</start>
<min>28</min>
<fgm>5</fgm>
<fga>9</fga>
<tpm>1</tpm>
<tpa>2</tpa>
<ftm>4</ftm>
<fta>4</fta>
<oreb>1</oreb>
<dreb>3</dreb>
<reb>4</reb>
<ast>9</ast>
<stl>2</stl>
<blk>0</blk>
<to>0</to>
<pf>3</pf>
<pam>+15</pam>
<pts>15</pts>
<dnp>false</dnp>
</player>
<player>
<name>Kevin Martin</name>
<pos>SG</pos>
<start>true</start>
<min>30</min>
<fgm>5</fgm>
<fga>9</fga>
<tpm>3</tpm>
<tpa>5</tpa>
<ftm>5</ftm>
<fta>5</fta>
<oreb>0</oreb>
<dreb>2</dreb>
<reb>2</reb>
<ast>1</ast>
<stl>4</stl>
<blk>0</blk>
<to>1</to>
<pf>0</pf>
<pam>+23</pam>
<pts>18</pts>
<dnp>false</dnp>
</player>
<player>
<name>Dante Cunningham</name>
<pos>PF</pos>
<start>false</start>
<min>25</min>
<fgm>3</fgm>
<fga>6</fga>
<tpm>0</tpm>
<tpa>0</tpa>
<ftm>0</ftm>
<fta>0</fta>
<oreb>2</oreb>
<dreb>6</dreb>
<reb>8</reb>
<ast>0</ast>
<stl>3</stl>
<blk>0</blk>
<to>1</to>
<pf>3</pf>
<pam>+11</pam>
<pts>6</pts>
<dnp>false</dnp>
</player>
<player>
<name>Luc Richard Mbah a Moute</name>
<pos>PF</pos>
<start>false</start>
<min>12</min>
<fgm>0</fgm>
<fga>1</fga>
<tpm>0</tpm>
<tpa>0</tpa>
<ftm>0</ftm>
<fta>2</fta>
<oreb>1</oreb>
<dreb>1</dreb>
<reb>2</reb>
<ast>1</ast>
<stl>1</stl>
<blk>0</blk>
<to>0</to>
<pf>1</pf>
<pam>+1</pam>
<pts>0</pts>
<dnp>false</dnp>
</player>
<player>
<name>Robbie Hummel</name>
<pos>SF</pos>
<start>false</start>
<min>10</min>
<fgm>4</fgm>
<fga>6</fga>
<tpm>0</tpm>
<tpa>0</tpa>
<ftm>0</ftm>
<fta>0</fta>
<oreb>2</oreb>
<dreb>1</dreb>
<reb>3</reb>
<ast>0</ast>
<stl>0</stl>
<blk>0</blk>
<to>0</to>
<pf>1</pf>
<pam>+7</pam>
<pts>8</pts>
<dnp>false</dnp>
</player>
<player>
<name>Shabazz Muhammad</name>
<pos>SF</pos>
<start>false</start>
<min>3</min>
<fgm>0</fgm>
<fga>0</fga>
<tpm>0</tpm>
<tpa>0</tpa>
<ftm>2</ftm>
<fta>2</fta>
<oreb>0</oreb>
<dreb>0</dreb>
<reb>0</reb>
<ast>0</ast>
<stl>0</stl>
<blk>0</blk>
<to>0</to>
<pf>0</pf>
<pam>+3</pam>
<pts>2</pts>
<dnp>false</dnp>
</player>
<player>
<name>Gorgui Dieng</name>
<pos>C</pos>
<start>false</start>
<min>3</min>
<fgm>0</fgm>
<fga>1</fga>
<tpm>0</tpm>
<tpa>0</tpa>
<ftm>0</ftm>
<fta>0</fta>
<oreb>0</oreb>
<dreb>1</dreb>
<reb>1</reb>
<ast>0</ast>
<stl>0</stl>
<blk>0</blk>
<to>0</to>
<pf>1</pf>
<pam>+3</pam>
<pts>0</pts>
<dnp>false</dnp>
</player>
<player>
<name>Alexey Shved</name>
<pos>PG</pos>
<start>false</start>
<min>18</min>
<fgm>0</fgm>
<fga>3</fga>
<tpm>0</tpm>
<tpa>1</tpa>
<ftm>2</ftm>
<fta>2</fta>
<oreb>0</oreb>
<dreb>2</dreb>
<reb>2</reb>
<ast>3</ast>
<stl>1</stl>
<blk>0</blk>
<to>2</to>
<pf>2</pf>
<pam>+4</pam>
<pts>2</pts>
<dnp>false</dnp>
</player>
<player>
<name>A.J. Price</name>
<pos>PG</pos>
<start>false</start>
<min>3</min>
<fgm>2</fgm>
<fga>3</fga>
<tpm>1</tpm>
<tpa>2</tpa>
<ftm>0</ftm>
<fta>0</fta>
<oreb>0</oreb>
<dreb>1</dreb>
<reb>1</reb>
<ast>0</ast>
<stl>0</stl>
<blk>0</blk>
<to>1</to>
<pf>0</pf>
<pam>+3</pam>
<pts>5</pts>
<dnp>false</dnp>
</player>
<home>false</home>
<win>true</win>
<fgm>41</fgm>
<fga>85</fga>
<tpm>11</tpm>
<tpa>24</tpa>
<ftm>28</ftm>
<fta>33</fta>
<oreb>14</oreb>
<dreb>32</dreb>
<reb>46</reb>
<ast>31</ast>
<stl>12</stl>
<blk>0</blk>
<to>12</to>
<pf>16</pf>
<pts>121</pts>
</team>
<team>
<name>Detroit Pistons</name>
<player>
<name>Greg Monroe</name>
<pos>PF</pos>
<start>true</start>
<min>20</min>
<fgm>5</fgm>
<fga>7</fga>
<tpm>0</tpm>
<tpa>0</tpa>
<ftm>0</ftm>
<fta>0</fta>
<oreb>0</oreb>
<dreb>2</dreb>
<reb>2</reb>
<ast>3</ast>
<stl>1</stl>
<blk>0</blk>
<to>2</to>
<pf>3</pf>
<pam>-14</pam>
<pts>10</pts>
<dnp>false</dnp>
</player>
<player>
<name>Josh Smith</name>
<pos>SF</pos>
<start>true</start>
<min>34</min>
<fgm>7</fgm>
<fga>14</fga>
<tpm>1</tpm>
<tpa>5</tpa>
<ftm>2</ftm>
<fta>4</fta>
<oreb>0</oreb>
<dreb>4</dreb>
<reb>4</reb>
<ast>3</ast>
<stl>1</stl>
<blk>1</blk>
<to>1</to>
<pf>1</pf>
<pam>-18</pam>
<pts>17</pts>
<dnp>false</dnp>
</player>
<player>
<name>Andre Drummond</name>
<pos>C</pos>
<start>true</start>
<min>29</min>
<fgm>4</fgm>
<fga>9</fga>
<tpm>0</tpm>
<tpa>0</tpa>
<ftm>0</ftm>
<fta>1</fta>
<oreb>4</oreb>
<dreb>4</dreb>
<reb>8</reb>
<ast>0</ast>
<stl>0</stl>
<blk>2</blk>
<to>1</to>
<pf>2</pf>
<pam>-19</pam>
<pts>8</pts>
<dnp>false</dnp>
</player>
<player>
<name>Brandon Jennings</name>
<pos>PG</pos>
<start>true</start>
<min>31</min>
<fgm>8</fgm>
<fga>16</fga>
<tpm>2</tpm>
<tpa>7</tpa>
<ftm>2</ftm>
<fta>5</fta>
<oreb>0</oreb>
<dreb>4</dreb>
<reb>4</reb>
<ast>7</ast>
<stl>1</stl>
<blk>0</blk>
<to>6</to>
<pf>2</pf>
<pam>-19</pam>
<pts>20</pts>
<dnp>false</dnp>
</player>
<player>
<name>Kentavious Caldwell-Pope</name>
<pos>SG</pos>
<start>true</start>
<min>33</min>
<fgm>7</fgm>
<fga>14</fga>
<tpm>2</tpm>
<tpa>6</tpa>
<ftm>0</ftm>
<fta>0</fta>
<oreb>1</oreb>
<dreb>3</dreb>
<reb>4</reb>
<ast>0</ast>
<stl>0</stl>
<blk>1</blk>
<to>2</to>
<pf>3</pf>
<pam>-22</pam>
<pts>16</pts>
<dnp>false</dnp>
</player>
<player>
<name>Tony Mitchell</name>
<pos>PF</pos>
<start>false</start>
<min>10</min>
<fgm>1</fgm>
<fga>1</fga>
<tpm>1</tpm>
<tpa>1</tpa>
<ftm>1</ftm>
<fta>2</fta>
<oreb>3</oreb>
<dreb>1</dreb>
<reb>4</reb>
<ast>0</ast>
<stl>1</stl>
<blk>1</blk>
<to>2</to>
<pf>0</pf>
<pam>-4</pam>
<pts>4</pts>
<dnp>false</dnp>
</player>
<player>
<name>Josh Harrellson</name>
<pos>PF</pos>
<start>false</start>
<min>13</min>
<fgm>2</fgm>
<fga>4</fga>
<tpm>0</tpm>
<tpa>2</tpa>
<ftm>0</ftm>
<fta>0</fta>
<oreb>1</oreb>
<dreb>2</dreb>
<reb>3</reb>
<ast>1</ast>
<stl>0</stl>
<blk>0</blk>
<to>1</to>
<pf>2</pf>
<pam>-6</pam>
<pts>4</pts>
<dnp>false</dnp>
</player>
<player>
<name>Jonas Jerebko</name>
<pos>PF</pos>
<start>false</start>
<min>21</min>
<fgm>2</fgm>
<fga>3</fga>
<tpm>0</tpm>
<tpa>0</tpa>
<ftm>1</ftm>
<fta>2</fta>
<oreb>1</oreb>
<dreb>3</dreb>
<reb>4</reb>
<ast>1</ast>
<stl>0</stl>
<blk>0</blk>
<to>4</to>
<pf>3</pf>
<pam>-9</pam>
<pts>5</pts>
<dnp>false</dnp>
</player>
<player>
<name>Charlie Villanueva</name>
<pos>PF</pos>
<start>false</start>
<min>8</min>
<fgm>1</fgm>
<fga>2</fga>
<tpm>1</tpm>
<tpa>2</tpa>
<ftm>0</ftm>
<fta>0</fta>
<oreb>0</oreb>
<dreb>1</dreb>
<reb>1</reb>
<ast>0</ast>
<stl>0</stl>
<blk>0</blk>
<to>0</to>
<pf>0</pf>
<pam>-9</pam>
<pts>3</pts>
<dnp>false</dnp>
</player>
<player>
<name>Luigi Datome</name>
<pos>SF</pos>
<start>false</start>
<min>6</min>
<fgm>0</fgm>
<fga>6</fga>
<tpm>0</tpm>
<tpa>2</tpa>
<ftm>0</ftm>
<fta>0</fta>
<oreb>1</oreb>
<dreb>1</dreb>
<reb>2</reb>
<ast>0</ast>
<stl>0</stl>
<blk>0</blk>
<to>0</to>
<pf>1</pf>
<pam>-5</pam>
<pts>0</pts>
<dnp>false</dnp>
</player>
<player>
<name>Kyle Singler</name>
<pos>SF</pos>
<start>false</start>
<min>11</min>
<fgm>0</fgm>
<fga>0</fga>
<tpm>0</tpm>
<tpa>0</tpa>
<ftm>0</ftm>
<fta>0</fta>
<oreb>0</oreb>
<dreb>2</dreb>
<reb>2</reb>
<ast>0</ast>
<stl>0</stl>
<blk>0</blk>
<to>0</to>
<pf>4</pf>
<pam>0</pam>
<pts>0</pts>
<dnp>false</dnp>
</player>
<player>
<name>Peyton Siva</name>
<pos>PG</pos>
<start>false</start>
<min>7</min>
<fgm>0</fgm>
<fga>0</fga>
<tpm>0</tpm>
<tpa>0</tpa>
<ftm>0</ftm>
<fta>0</fta>
<oreb>0</oreb>
<dreb>1</dreb>
<reb>1</reb>
<ast>2</ast>
<stl>0</stl>
<blk>0</blk>
<to>1</to>
<pf>0</pf>
<pam>-6</pam>
<pts>0</pts>
<dnp>false</dnp>
</player>
<home>true</home>
<win>false</win>
<fgm>39</fgm>
<fga>83</fga>
<tpm>8</tpm>
<tpa>28</tpa>
<ftm>8</ftm>
<fta>16</fta>
<oreb>11</oreb>
<dreb>28</dreb>
<reb>39</reb>
<ast>22</ast>
<stl>4</stl>
<blk>5</blk>
<to>20</to>
<pf>24</pf>
<pts>94</pts>
</team>
</game>