<game>
<id>400488964</id>
<date>8:00 PM ET, November 9, 2013</date>
<team>
<name>Golden State Warriors</name>
<player>
<name>David Lee</name>
<pos>PF</pos>
<start>true</start>
<min>23</min>
<fgm>4</fgm>
<fga>8</fga>
<tpm>0</tpm>
<tpa>0</tpa>
<ftm>5</ftm>
<fta>6</fta>
<oreb>4</oreb>
<dreb>5</dreb>
<reb>9</reb>
<ast>1</ast>
<stl>1</stl>
<blk>1</blk>
<to>2</to>
<pf>6</pf>
<pam>+5</pam>
<pts>13</pts>
<dnp>false</dnp>
</player>
<player>
<name>Andre Iguodala</name>
<pos>SF</pos>
<start>true</start>
<min>33</min>
<fgm>8</fgm>
<fga>10</fga>
<tpm>2</tpm>
<tpa>4</tpa>
<ftm>1</ftm>
<fta>5</fta>
<oreb>1</oreb>
<dreb>4</dreb>
<reb>5</reb>
<ast>4</ast>
<stl>1</stl>
<blk>0</blk>
<to>0</to>
<pf>2</pf>
<pam>-15</pam>
<pts>19</pts>
<dnp>false</dnp>
</player>
<player>
<name>Andrew Bogut</name>
<pos>C</pos>
<start>true</start>
<min>30</min>
<fgm>0</fgm>
<fga>3</fga>
<tpm>0</tpm>
<tpa>0</tpa>
<ftm>1</ftm>
<fta>4</fta>
<oreb>1</oreb>
<dreb>6</dreb>
<reb>7</reb>
<ast>2</ast>
<stl>0</stl>
<blk>1</blk>
<to>4</to>
<pf>3</pf>
<pam>-12</pam>
<pts>1</pts>
<dnp>false</dnp>
</player>
<player>
<name>Stephen Curry</name>
<pos>PG</pos>
<start>true</start>
<min>34</min>
<fgm>7</fgm>
<fga>18</fga>
<tpm>4</tpm>
<tpa>10</tpa>
<ftm>4</ftm>
<fta>4</fta>
<oreb>1</oreb>
<dreb>1</dreb>
<reb>2</reb>
<ast>5</ast>
<stl>3</stl>
<blk>0</blk>
<to>3</to>
<pf>1</pf>
<pam>-9</pam>
<pts>22</pts>
<dnp>false</dnp>
</player>
<player>
<name>Klay Thompson</name>
<pos>SG</pos>
<start>true</start>
<min>28</min>
<fgm>5</fgm>
<fga>13</fga>
<tpm>2</tpm>
<tpa>8</tpa>
<ftm>0</ftm>
<fta>0</fta>
<oreb>0</oreb>
<dreb>1</dreb>
<reb>1</reb>
<ast>2</ast>
<stl>0</stl>
<blk>1</blk>
<to>0</to>
<pf>3</pf>
<pam>-20</pam>
<pts>12</pts>
<dnp>false</dnp>
</player>
<player>
<name>Marreese Speights</name>
<pos>PF</pos>
<start>false</start>
<min>13</min>
<fgm>2</fgm>
<fga>3</fga>
<tpm>0</tpm>
<tpa>0</tpa>
<ftm>0</ftm>
<fta>0</fta>
<oreb>0</oreb>
<dreb>2</dreb>
<reb>2</reb>
<ast>0</ast>
<stl>0</stl>
<blk>0</blk>
<to>1</to>
<pf>1</pf>
<pam>-12</pam>
<pts>4</pts>
<dnp>false</dnp>
</player>
<player>
<name>Harrison Barnes</name>
<pos>SF</pos>
<start>false</start>
<min>19</min>
<fgm>2</fgm>
<fga>7</fga>
<tpm>0</tpm>
<tpa>1</tpa>
<ftm>0</ftm>
<fta>0</fta>
<oreb>0</oreb>
<dreb>2</dreb>
<reb>2</reb>
<ast>1</ast>
<stl>0</stl>
<blk>0</blk>
<to>1</to>
<pf>4</pf>
<pam>-13</pam>
<pts>4</pts>
<dnp>false</dnp>
</player>
<player>
<name>Draymond Green</name>
<pos>SF</pos>
<start>false</start>
<min>21</min>
<fgm>2</fgm>
<fga>6</fga>
<tpm>1</tpm>
<tpa>4</tpa>
<ftm>1</ftm>
<fta>2</fta>
<oreb>1</oreb>
<dreb>2</dreb>
<reb>3</reb>
<ast>0</ast>
<stl>2</stl>
<blk>0</blk>
<to>3</to>
<pf>2</pf>
<pam>-3</pam>
<pts>6</pts>
<dnp>false</dnp>
</player>
<player>
<name>Jermaine O'Neal</name>
<pos>C</pos>
<start>false</start>
<min>15</min>
<fgm>1</fgm>
<fga>4</fga>
<tpm>0</tpm>
<tpa>0</tpa>
<ftm>0</ftm>
<fta>0</fta>
<oreb>0</oreb>
<dreb>1</dreb>
<reb>1</reb>
<ast>0</ast>
<stl>0</stl>
<blk>0</blk>
<to>0</to>
<pf>0</pf>
<pam>-10</pam>
<pts>2</pts>
<dnp>false</dnp>
</player>
<player>
<name>Ognjen Kuzmic</name>
<pos>C</pos>
<start>false</start>
<min>5</min>
<fgm>0</fgm>
<fga>0</fga>
<tpm>0</tpm>
<tpa>0</tpa>
<ftm>0</ftm>
<fta>1</fta>
<oreb>0</oreb>
<dreb>0</dreb>
<reb>0</reb>
<ast>0</ast>
<stl>0</stl>
<blk>0</blk>
<to>1</to>
<pf>2</pf>
<pam>+4</pam>
<pts>0</pts>
<dnp>false</dnp>
</player>
<player>
<name>Toney Douglas</name>
<pos>PG</pos>
<start>false</start>
<min>6</min>
<fgm>1</fgm>
<fga>2</fga>
<tpm>1</tpm>
<tpa>1</tpa>
<ftm>0</ftm>
<fta>0</fta>
<oreb>0</oreb>
<dreb>0</dreb>
<reb>0</reb>
<ast>0</ast>
<stl>0</stl>
<blk>0</blk>
<to>1</to>
<pf>0</pf>
<pam>-11</pam>
<pts>3</pts>
<dnp>false</dnp>
</player>
<player>
<name>Nemanja Nedovic</name>
<pos>PG</pos>
<start>false</start>
<min>5</min>
<fgm>0</fgm>
<fga>1</fga>
<tpm>0</tpm>
<tpa>1</tpa>
<ftm>1</ftm>
<fta>2</fta>
<oreb>1</oreb>
<dreb>0</dreb>
<reb>1</reb>
<ast>1</ast>
<stl>0</stl>
<blk>0</blk>
<to>0</to>
<pf>0</pf>
<pam>+4</pam>
<pts>1</pts>
<dnp>false</dnp>
</player>
<home>false</home>
<win>false</win>
<fgm>33</fgm>
<fga>78</fga>
<tpm>10</tpm>
<tpa>30</tpa>
<ftm>14</ftm>
<fta>26</fta>
<oreb>9</oreb>
<dreb>24</dreb>
<reb>33</reb>
<ast>17</ast>
<stl>8</stl>
<blk>3</blk>
<to>17</to>
<pf>24</pf>
<pts>90</pts>
</team>
<team>
<name>Memphis Grizzlies</name>
<player>
<name>Zach Randolph</name>
<pos>PF</pos>
<start>true</start>
<min>35</min>
<fgm>9</fgm>
<fga>19</fga>
<tpm>0</tpm>
<tpa>1</tpa>
<ftm>5</ftm>
<fta>7</fta>
<oreb>3</oreb>
<dreb>8</dreb>
<reb>11</reb>
<ast>3</ast>
<stl>1</stl>
<blk>0</blk>
<to>4</to>
<pf>5</pf>
<pam>+16</pam>
<pts>23</pts>
<dnp>false</dnp>
</player>
<player>
<name>Tayshaun Prince</name>
<pos>SF</pos>
<start>true</start>
<min>37</min>
<fgm>3</fgm>
<fga>7</fga>
<tpm>0</tpm>
<tpa>2</tpa>
<ftm>4</ftm>
<fta>4</fta>
<oreb>0</oreb>
<dreb>6</dreb>
<reb>6</reb>
<ast>3</ast>
<stl>0</stl>
<blk>0</blk>
<to>0</to>
<pf>1</pf>
<pam>+17</pam>
<pts>10</pts>
<dnp>false</dnp>
</player>
<player>
<name>Marc Gasol</name>
<pos>C</pos>
<start>true</start>
<min>42</min>
<fgm>8</fgm>
<fga>15</fga>
<tpm>0</tpm>
<tpa>0</tpa>
<ftm>2</ftm>
<fta>2</fta>
<oreb>2</oreb>
<dreb>5</dreb>
<reb>7</reb>
<ast>3</ast>
<stl>1</stl>
<blk>3</blk>
<to>0</to>
<pf>4</pf>
<pam>+16</pam>
<pts>18</pts>
<dnp>false</dnp>
</player>
<player>
<name>Mike Conley</name>
<pos>PG</pos>
<start>true</start>
<min>25</min>
<fgm>9</fgm>
<fga>11</fga>
<tpm>1</tpm>
<tpa>2</tpa>
<ftm>1</ftm>
<fta>1</fta>
<oreb>0</oreb>
<dreb>3</dreb>
<reb>3</reb>
<ast>6</ast>
<stl>3</stl>
<blk>0</blk>
<to>3</to>
<pf>4</pf>
<pam>+8</pam>
<pts>20</pts>
<dnp>false</dnp>
</player>
<player>
<name>Tony Allen</name>
<pos>SG</pos>
<start>true</start>
<min>23</min>
<fgm>4</fgm>
<fga>6</fga>
<tpm>0</tpm>
<tpa>1</tpa>
<ftm>4</ftm>
<fta>7</fta>
<oreb>2</oreb>
<dreb>0</dreb>
<reb>2</reb>
<ast>0</ast>
<stl>2</stl>
<blk>0</blk>
<to>1</to>
<pf>1</pf>
<pam>+7</pam>
<pts>12</pts>
<dnp>false</dnp>
</player>
<player>
<name>Ed Davis</name>
<pos>PF</pos>
<start>false</start>
<min>1</min>
<fgm>0</fgm>
<fga>0</fga>
<tpm>0</tpm>
<tpa>0</tpa>
<ftm>0</ftm>
<fta>0</fta>
<oreb>0</oreb>
<dreb>0</dreb>
<reb>0</reb>
<ast>0</ast>
<stl>0</stl>
<blk>0</blk>
<to>0</to>
<pf>0</pf>
<pam>-1</pam>
<pts>0</pts>
<dnp>false</dnp>
</player>
<player>
<name>Quincy Pondexter</name>
<pos>SF</pos>
<start>false</start>
<min>4</min>
<fgm>0</fgm>
<fga>0</fga>
<tpm>0</tpm>
<tpa>0</tpa>
<ftm>0</ftm>
<fta>0</fta>
<oreb>0</oreb>
<dreb>1</dreb>
<reb>1</reb>
<ast>0</ast>
<stl>0</stl>
<blk>0</blk>
<to>0</to>
<pf>0</pf>
<pam>-6</pam>
<pts>0</pts>
<dnp>false</dnp>
</player>
<player>
<name>Mike Miller</name>
<pos>SF</pos>
<start>false</start>
<min>29</min>
<fgm>4</fgm>
<fga>7</fga>
<tpm>4</tpm>
<tpa>5</tpa>
<ftm>3</ftm>
<fta>4</fta>
<oreb>0</oreb>
<dreb>9</dreb>
<reb>9</reb>
<ast>4</ast>
<stl>0</stl>
<blk>0</blk>
<to>0</to>
<pf>1</pf>
<pam>+21</pam>
<pts>15</pts>
<dnp>false</dnp>
</player>
<player>
<name>Kosta Koufos</name>
<pos>C</pos>
<start>false</start>
<min>18</min>
<fgm>4</fgm>
<fga>7</fga>
<tpm>0</tpm>
<tpa>0</tpa>
<ftm>0</ftm>
<fta>0</fta>
<oreb>1</oreb>
<dreb>1</dreb>
<reb>2</reb>
<ast>1</ast>
<stl>0</stl>
<blk>1</blk>
<to>4</to>
<pf>4</pf>
<pam>+5</pam>
<pts>8</pts>
<dnp>false</dnp>
</player>
<player>
<name>Nick Calathes</name>
<pos>SG</pos>
<start>false</start>
<min>23</min>
<fgm>1</fgm>
<fga>6</fga>
<tpm>0</tpm>
<tpa>2</tpa>
<ftm>0</ftm>
<fta>0</fta>
<oreb>0</oreb>
<dreb>2</dreb>
<reb>2</reb>
<ast>5</ast>
<stl>1</stl>
<blk>1</blk>
<to>4</to>
<pf>2</pf>
<pam>+10</pam>
<pts>2</pts>
<dnp>false</dnp>
</player>
<player>
<name>Jamaal Franklin</name>
<pos>SG</pos>
<start>false</start>
<min>3</min>
<fgm>0</fgm>
<fga>1</fga>
<tpm>0</tpm>
<tpa>0</tpa>
<ftm>0</ftm>
<fta>0</fta>
<oreb>0</oreb>
<dreb>1</dreb>
<reb>1</reb>
<ast>0</ast>
<stl>0</stl>
<blk>0</blk>
<to>0</to>
<pf>1</pf>
<pam>-3</pam>
<pts>0</pts>
<dnp>false</dnp>
</player>
<player>
<name>Jon Leuer</name>
<pos>PF</pos>
<start>false</start>
<min>0</min>
<fgm>0</fgm>
<fga>0</fga>
<tpm>0</tpm>
<tpa>0</tpa>
<ftm>0</ftm>
<fta>0</fta>
<oreb>0</oreb>
<dreb>0</dreb>
<reb>0</reb>
<ast>0</ast>
<stl>0</stl>
<blk>0</blk>
<to>0</to>
<pf>0</pf>
<pam>0</pam>
<pts>0</pts>
<dnp>true</dnp>
</player>
<home>true</home>
<win>true</win>
<fgm>42</fgm>
<fga>79</fga>
<tpm>5</tpm>
<tpa>13</tpa>
<ftm>19</ftm>
<fta>25</fta>
<oreb>8</oreb>
<dreb>36</dreb>
<reb>44</reb>
<ast>25</ast>
<stl>8</stl>
<blk>5</blk>
<to>16</to>
<pf>23</pf>
<pts>108</pts>
</team>
</game>