<game>
<id>400488911</id>
<date>9:00 PM ET, November 2, 2013</date>
<team>
<name>Houston Rockets</name>
<player>
<name>Chandler Parsons</name>
<pos>SF</pos>
<start>true</start>
<min>42</min>
<fgm>8</fgm>
<fga>14</fga>
<tpm>2</tpm>
<tpa>4</tpa>
<ftm>6</ftm>
<fta>6</fta>
<oreb>2</oreb>
<dreb>10</dreb>
<reb>12</reb>
<ast>6</ast>
<stl>0</stl>
<blk>1</blk>
<to>4</to>
<pf>5</pf>
<pam>+11</pam>
<pts>24</pts>
<dnp>false</dnp>
</player>
<player>
<name>Dwight Howard</name>
<pos>C</pos>
<start>true</start>
<min>37</min>
<fgm>4</fgm>
<fga>8</fga>
<tpm>0</tpm>
<tpa>0</tpa>
<ftm>7</ftm>
<fta>10</fta>
<oreb>2</oreb>
<dreb>7</dreb>
<reb>9</reb>
<ast>1</ast>
<stl>1</stl>
<blk>2</blk>
<to>2</to>
<pf>3</pf>
<pam>+5</pam>
<pts>15</pts>
<dnp>false</dnp>
</player>
<player>
<name>Omer Asik</name>
<pos>C</pos>
<start>true</start>
<min>28</min>
<fgm>2</fgm>
<fga>4</fga>
<tpm>0</tpm>
<tpa>0</tpa>
<ftm>0</ftm>
<fta>0</fta>
<oreb>2</oreb>
<dreb>7</dreb>
<reb>9</reb>
<ast>0</ast>
<stl>1</stl>
<blk>2</blk>
<to>2</to>
<pf>2</pf>
<pam>+12</pam>
<pts>4</pts>
<dnp>false</dnp>
</player>
<player>
<name>Jeremy Lin</name>
<pos>PG</pos>
<start>true</start>
<min>36</min>
<fgm>7</fgm>
<fga>13</fga>
<tpm>2</tpm>
<tpa>5</tpa>
<ftm>4</ftm>
<fta>5</fta>
<oreb>1</oreb>
<dreb>2</dreb>
<reb>3</reb>
<ast>4</ast>
<stl>1</stl>
<blk>1</blk>
<to>3</to>
<pf>3</pf>
<pam>+21</pam>
<pts>20</pts>
<dnp>false</dnp>
</player>
<player>
<name>James Harden</name>
<pos>SG</pos>
<start>true</start>
<min>43</min>
<fgm>7</fgm>
<fga>15</fga>
<tpm>2</tpm>
<tpa>6</tpa>
<ftm>7</ftm>
<fta>10</fta>
<oreb>1</oreb>
<dreb>3</dreb>
<reb>4</reb>
<ast>5</ast>
<stl>3</stl>
<blk>1</blk>
<to>5</to>
<pf>4</pf>
<pam>+10</pam>
<pts>23</pts>
<dnp>false</dnp>
</player>
<player>
<name>Terrence Jones</name>
<pos>PF</pos>
<start>false</start>
<min>7</min>
<fgm>1</fgm>
<fga>1</fga>
<tpm>0</tpm>
<tpa>0</tpa>
<ftm>2</ftm>
<fta>2</fta>
<oreb>0</oreb>
<dreb>0</dreb>
<reb>0</reb>
<ast>0</ast>
<stl>0</stl>
<blk>0</blk>
<to>0</to>
<pf>2</pf>
<pam>+2</pam>
<pts>4</pts>
<dnp>false</dnp>
</player>
<player>
<name>Aaron Brooks</name>
<pos>PG</pos>
<start>false</start>
<min>21</min>
<fgm>1</fgm>
<fga>4</fga>
<tpm>0</tpm>
<tpa>1</tpa>
<ftm>0</ftm>
<fta>0</fta>
<oreb>1</oreb>
<dreb>1</dreb>
<reb>2</reb>
<ast>0</ast>
<stl>0</stl>
<blk>0</blk>
<to>2</to>
<pf>1</pf>
<pam>-8</pam>
<pts>2</pts>
<dnp>false</dnp>
</player>
<player>
<name>Francisco Garcia</name>
<pos>SG</pos>
<start>false</start>
<min>26</min>
<fgm>4</fgm>
<fga>8</fga>
<tpm>3</tpm>
<tpa>6</tpa>
<ftm>1</ftm>
<fta>2</fta>
<oreb>0</oreb>
<dreb>1</dreb>
<reb>1</reb>
<ast>0</ast>
<stl>0</stl>
<blk>0</blk>
<to>0</to>
<pf>3</pf>
<pam>+2</pam>
<pts>12</pts>
<dnp>false</dnp>
</player>
<player>
<name>Greg Smith</name>
<pos>PF</pos>
<start>false</start>
<min>0</min>
<fgm>0</fgm>
<fga>0</fga>
<tpm>0</tpm>
<tpa>0</tpa>
<ftm>0</ftm>
<fta>0</fta>
<oreb>0</oreb>
<dreb>0</dreb>
<reb>0</reb>
<ast>0</ast>
<stl>0</stl>
<blk>0</blk>
<to>0</to>
<pf>0</pf>
<pam>0</pam>
<pts>0</pts>
<dnp>true</dnp>
</player>
<player>
<name>Donatas Motiejunas</name>
<pos>PF</pos>
<start>false</start>
<min>0</min>
<fgm>0</fgm>
<fga>0</fga>
<tpm>0</tpm>
<tpa>0</tpa>
<ftm>0</ftm>
<fta>0</fta>
<oreb>0</oreb>
<dreb>0</dreb>
<reb>0</reb>
<ast>0</ast>
<stl>0</stl>
<blk>0</blk>
<to>0</to>
<pf>0</pf>
<pam>0</pam>
<pts>0</pts>
<dnp>true</dnp>
</player>
<player>
<name>Omri Casspi</name>
<pos>SF</pos>
<start>false</start>
<min>0</min>
<fgm>0</fgm>
<fga>0</fga>
<tpm>0</tpm>
<tpa>0</tpa>
<ftm>0</ftm>
<fta>0</fta>
<oreb>0</oreb>
<dreb>0</dreb>
<reb>0</reb>
<ast>0</ast>
<stl>0</stl>
<blk>0</blk>
<to>0</to>
<pf>0</pf>
<pam>0</pam>
<pts>0</pts>
<dnp>true</dnp>
</player>
<player>
<name>Ronnie Brewer</name>
<pos>SF</pos>
<start>false</start>
<min>0</min>
<fgm>0</fgm>
<fga>0</fga>
<tpm>0</tpm>
<tpa>0</tpa>
<ftm>0</ftm>
<fta>0</fta>
<oreb>0</oreb>
<dreb>0</dreb>
<reb>0</reb>
<ast>0</ast>
<stl>0</stl>
<blk>0</blk>
<to>0</to>
<pf>0</pf>
<pam>0</pam>
<pts>0</pts>
<dnp>true</dnp>
</player>
<home>false</home>
<win>true</win>
<fgm>34</fgm>
<fga>67</fga>
<tpm>9</tpm>
<tpa>22</tpa>
<ftm>27</ftm>
<fta>35</fta>
<oreb>9</oreb>
<dreb>31</dreb>
<reb>40</reb>
<ast>16</ast>
<stl>6</stl>
<blk>7</blk>
<to>18</to>
<pf>23</pf>
<pts>104</pts>
</team>
<team>
<name>Utah Jazz</name>
<player>
<name>Richard Jefferson</name>
<pos>SF</pos>
<start>true</start>
<min>27</min>
<fgm>5</fgm>
<fga>11</fga>
<tpm>2</tpm>
<tpa>5</tpa>
<ftm>6</ftm>
<fta>6</fta>
<oreb>1</oreb>
<dreb>4</dreb>
<reb>5</reb>
<ast>0</ast>
<stl>0</stl>
<blk>0</blk>
<to>3</to>
<pf>3</pf>
<pam>-11</pam>
<pts>18</pts>
<dnp>false</dnp>
</player>
<player>
<name>Derrick Favors</name>
<pos>C</pos>
<start>true</start>
<min>33</min>
<fgm>3</fgm>
<fga>7</fga>
<tpm>0</tpm>
<tpa>0</tpa>
<ftm>6</ftm>
<fta>8</fta>
<oreb>2</oreb>
<dreb>4</dreb>
<reb>6</reb>
<ast>0</ast>
<stl>2</stl>
<blk>2</blk>
<to>2</to>
<pf>2</pf>
<pam>-8</pam>
<pts>12</pts>
<dnp>false</dnp>
</player>
<player>
<name>Enes Kanter</name>
<pos>C</pos>
<start>true</start>
<min>34</min>
<fgm>7</fgm>
<fga>13</fga>
<tpm>0</tpm>
<tpa>0</tpa>
<ftm>2</ftm>
<fta>2</fta>
<oreb>5</oreb>
<dreb>3</dreb>
<reb>8</reb>
<ast>1</ast>
<stl>0</stl>
<blk>1</blk>
<to>2</to>
<pf>3</pf>
<pam>-18</pam>
<pts>16</pts>
<dnp>false</dnp>
</player>
<player>
<name>Jamaal Tinsley</name>
<pos>PG</pos>
<start>true</start>
<min>14</min>
<fgm>0</fgm>
<fga>2</fga>
<tpm>0</tpm>
<tpa>2</tpa>
<ftm>0</ftm>
<fta>0</fta>
<oreb>0</oreb>
<dreb>1</dreb>
<reb>1</reb>
<ast>2</ast>
<stl>1</stl>
<blk>0</blk>
<to>2</to>
<pf>3</pf>
<pam>+1</pam>
<pts>0</pts>
<dnp>false</dnp>
</player>
<player>
<name>Gordon Hayward</name>
<pos>SG</pos>
<start>true</start>
<min>38</min>
<fgm>7</fgm>
<fga>16</fga>
<tpm>1</tpm>
<tpa>5</tpa>
<ftm>0</ftm>
<fta>2</fta>
<oreb>2</oreb>
<dreb>3</dreb>
<reb>5</reb>
<ast>2</ast>
<stl>0</stl>
<blk>0</blk>
<to>1</to>
<pf>3</pf>
<pam>-19</pam>
<pts>15</pts>
<dnp>false</dnp>
</player>
<player>
<name>Mike Harris</name>
<pos>SF</pos>
<start>false</start>
<min>20</min>
<fgm>1</fgm>
<fga>5</fga>
<tpm>0</tpm>
<tpa>1</tpa>
<ftm>2</ftm>
<fta>2</fta>
<oreb>1</oreb>
<dreb>3</dreb>
<reb>4</reb>
<ast>1</ast>
<stl>2</stl>
<blk>1</blk>
<to>2</to>
<pf>3</pf>
<pam>+7</pam>
<pts>4</pts>
<dnp>false</dnp>
</player>
<player>
<name>Rudy Gobert</name>
<pos>C</pos>
<start>false</start>
<min>9</min>
<fgm>0</fgm>
<fga>0</fga>
<tpm>0</tpm>
<tpa>0</tpa>
<ftm>2</ftm>
<fta>2</fta>
<oreb>0</oreb>
<dreb>2</dreb>
<reb>2</reb>
<ast>0</ast>
<stl>1</stl>
<blk>1</blk>
<to>2</to>
<pf>4</pf>
<pam>+2</pam>
<pts>2</pts>
<dnp>false</dnp>
</player>
<player>
<name>Alec Burks</name>
<pos>PG</pos>
<start>false</start>
<min>34</min>
<fgm>6</fgm>
<fga>16</fga>
<tpm>1</tpm>
<tpa>4</tpa>
<ftm>2</ftm>
<fta>4</fta>
<oreb>1</oreb>
<dreb>2</dreb>
<reb>3</reb>
<ast>2</ast>
<stl>3</stl>
<blk>1</blk>
<to>1</to>
<pf>2</pf>
<pam>-2</pam>
<pts>15</pts>
<dnp>false</dnp>
</player>
<player>
<name>John Lucas III</name>
<pos>PG</pos>
<start>false</start>
<min>31</min>
<fgm>5</fgm>
<fga>11</fga>
<tpm>0</tpm>
<tpa>5</tpa>
<ftm>1</ftm>
<fta>1</fta>
<oreb>3</oreb>
<dreb>2</dreb>
<reb>5</reb>
<ast>4</ast>
<stl>0</stl>
<blk>0</blk>
<to>0</to>
<pf>2</pf>
<pam>-7</pam>
<pts>11</pts>
<dnp>false</dnp>
</player>
<player>
<name>Marvin Williams</name>
<pos>PF</pos>
<start>false</start>
<min>0</min>
<fgm>0</fgm>
<fga>0</fga>
<tpm>0</tpm>
<tpa>0</tpa>
<ftm>0</ftm>
<fta>0</fta>
<oreb>0</oreb>
<dreb>0</dreb>
<reb>0</reb>
<ast>0</ast>
<stl>0</stl>
<blk>0</blk>
<to>0</to>
<pf>0</pf>
<pam>0</pam>
<pts>0</pts>
<dnp>true</dnp>
</player>
<player>
<name>Ian Clark</name>
<pos>SG</pos>
<start>false</start>
<min>0</min>
<fgm>0</fgm>
<fga>0</fga>
<tpm>0</tpm>
<tpa>0</tpa>
<ftm>0</ftm>
<fta>0</fta>
<oreb>0</oreb>
<dreb>0</dreb>
<reb>0</reb>
<ast>0</ast>
<stl>0</stl>
<blk>0</blk>
<to>0</to>
<pf>0</pf>
<pam>0</pam>
<pts>0</pts>
<dnp>true</dnp>
</player>
<home>true</home>
<win>false</win>
<fgm>34</fgm>
<fga>81</fga>
<tpm>4</tpm>
<tpa>22</tpa>
<ftm>21</ftm>
<fta>27</fta>
<oreb>15</oreb>
<dreb>24</dreb>
<reb>39</reb>
<ast>12</ast>
<stl>9</stl>
<blk>6</blk>
<to>15</to>
<pf>25</pf>
<pts>93</pts>
</team>
</game>