<game>
<id>400489345</id>
<date>9:30 PM ET, January 1, 2014</date>
<team>
<name>Charlotte Bobcats</name>
<player>
<name>Josh McRoberts</name>
<pos>PF</pos>
<start>true</start>
<min>28</min>
<fgm>4</fgm>
<fga>8</fga>
<tpm>2</tpm>
<tpa>4</tpa>
<ftm>0</ftm>
<fta>0</fta>
<oreb>0</oreb>
<dreb>3</dreb>
<reb>3</reb>
<ast>4</ast>
<stl>1</stl>
<blk>0</blk>
<to>0</to>
<pf>2</pf>
<pam>-12</pam>
<pts>10</pts>
<dnp>false</dnp>
</player>
<player>
<name>Anthony Tolliver</name>
<pos>PF</pos>
<start>true</start>
<min>37</min>
<fgm>4</fgm>
<fga>11</fga>
<tpm>3</tpm>
<tpa>10</tpa>
<ftm>0</ftm>
<fta>0</fta>
<oreb>0</oreb>
<dreb>3</dreb>
<reb>3</reb>
<ast>1</ast>
<stl>0</stl>
<blk>0</blk>
<to>0</to>
<pf>1</pf>
<pam>-26</pam>
<pts>11</pts>
<dnp>false</dnp>
</player>
<player>
<name>Al Jefferson</name>
<pos>C</pos>
<start>true</start>
<min>30</min>
<fgm>7</fgm>
<fga>15</fga>
<tpm>0</tpm>
<tpa>0</tpa>
<ftm>0</ftm>
<fta>0</fta>
<oreb>1</oreb>
<dreb>11</dreb>
<reb>12</reb>
<ast>4</ast>
<stl>1</stl>
<blk>0</blk>
<to>3</to>
<pf>0</pf>
<pam>-18</pam>
<pts>14</pts>
<dnp>false</dnp>
</player>
<player>
<name>Kemba Walker</name>
<pos>PG</pos>
<start>true</start>
<min>33</min>
<fgm>4</fgm>
<fga>10</fga>
<tpm>1</tpm>
<tpa>4</tpa>
<ftm>5</ftm>
<fta>5</fta>
<oreb>0</oreb>
<dreb>7</dreb>
<reb>7</reb>
<ast>3</ast>
<stl>2</stl>
<blk>0</blk>
<to>5</to>
<pf>1</pf>
<pam>-17</pam>
<pts>14</pts>
<dnp>false</dnp>
</player>
<player>
<name>Gerald Henderson</name>
<pos>SG</pos>
<start>true</start>
<min>32</min>
<fgm>3</fgm>
<fga>11</fga>
<tpm>0</tpm>
<tpa>1</tpa>
<ftm>6</ftm>
<fta>6</fta>
<oreb>0</oreb>
<dreb>0</dreb>
<reb>0</reb>
<ast>1</ast>
<stl>0</stl>
<blk>0</blk>
<to>0</to>
<pf>3</pf>
<pam>-17</pam>
<pts>12</pts>
<dnp>false</dnp>
</player>
<player>
<name>Cody Zeller</name>
<pos>C</pos>
<start>false</start>
<min>20</min>
<fgm>0</fgm>
<fga>6</fga>
<tpm>0</tpm>
<tpa>0</tpa>
<ftm>6</ftm>
<fta>6</fta>
<oreb>3</oreb>
<dreb>1</dreb>
<reb>4</reb>
<ast>1</ast>
<stl>2</stl>
<blk>0</blk>
<to>1</to>
<pf>3</pf>
<pam>-15</pam>
<pts>6</pts>
<dnp>false</dnp>
</player>
<player>
<name>Bismack Biyombo</name>
<pos>C</pos>
<start>false</start>
<min>18</min>
<fgm>3</fgm>
<fga>5</fga>
<tpm>0</tpm>
<tpa>0</tpa>
<ftm>2</ftm>
<fta>3</fta>
<oreb>1</oreb>
<dreb>4</dreb>
<reb>5</reb>
<ast>1</ast>
<stl>0</stl>
<blk>1</blk>
<to>2</to>
<pf>0</pf>
<pam>-9</pam>
<pts>8</pts>
<dnp>false</dnp>
</player>
<player>
<name>Ramon Sessions</name>
<pos>PG</pos>
<start>false</start>
<min>22</min>
<fgm>3</fgm>
<fga>9</fga>
<tpm>0</tpm>
<tpa>2</tpa>
<ftm>2</ftm>
<fta>2</fta>
<oreb>1</oreb>
<dreb>1</dreb>
<reb>2</reb>
<ast>4</ast>
<stl>1</stl>
<blk>0</blk>
<to>2</to>
<pf>3</pf>
<pam>-4</pam>
<pts>8</pts>
<dnp>false</dnp>
</player>
<player>
<name>Jannero Pargo</name>
<pos>PG</pos>
<start>false</start>
<min>3</min>
<fgm>0</fgm>
<fga>0</fga>
<tpm>0</tpm>
<tpa>0</tpa>
<ftm>0</ftm>
<fta>0</fta>
<oreb>0</oreb>
<dreb>0</dreb>
<reb>0</reb>
<ast>0</ast>
<stl>0</stl>
<blk>0</blk>
<to>1</to>
<pf>0</pf>
<pam>-11</pam>
<pts>0</pts>
<dnp>false</dnp>
</player>
<player>
<name>Chris Douglas-Roberts</name>
<pos>SG</pos>
<start>false</start>
<min>17</min>
<fgm>1</fgm>
<fga>1</fga>
<tpm>0</tpm>
<tpa>0</tpa>
<ftm>0</ftm>
<fta>0</fta>
<oreb>1</oreb>
<dreb>1</dreb>
<reb>2</reb>
<ast>0</ast>
<stl>0</stl>
<blk>0</blk>
<to>2</to>
<pf>0</pf>
<pam>-6</pam>
<pts>2</pts>
<dnp>false</dnp>
</player>
<player>
<name>Jeff Adrien</name>
<pos>SF</pos>
<start>false</start>
<min>0</min>
<fgm>0</fgm>
<fga>0</fga>
<tpm>0</tpm>
<tpa>0</tpa>
<ftm>0</ftm>
<fta>0</fta>
<oreb>0</oreb>
<dreb>0</dreb>
<reb>0</reb>
<ast>0</ast>
<stl>0</stl>
<blk>0</blk>
<to>0</to>
<pf>0</pf>
<pam>0</pam>
<pts>0</pts>
<dnp>true</dnp>
</player>
<player>
<name>Jeff Taylor</name>
<pos>SF</pos>
<start>false</start>
<min>0</min>
<fgm>0</fgm>
<fga>0</fga>
<tpm>0</tpm>
<tpa>0</tpa>
<ftm>0</ftm>
<fta>0</fta>
<oreb>0</oreb>
<dreb>0</dreb>
<reb>0</reb>
<ast>0</ast>
<stl>0</stl>
<blk>0</blk>
<to>0</to>
<pf>0</pf>
<pam>0</pam>
<pts>0</pts>
<dnp>true</dnp>
</player>
<home>false</home>
<win>false</win>
<fgm>29</fgm>
<fga>76</fga>
<tpm>6</tpm>
<tpa>21</tpa>
<ftm>21</ftm>
<fta>22</fta>
<oreb>7</oreb>
<dreb>31</dreb>
<reb>38</reb>
<ast>19</ast>
<stl>7</stl>
<blk>1</blk>
<to>16</to>
<pf>13</pf>
<pts>85</pts>
</team>
<team>
<name>Los Angeles Clippers</name>
<player>
<name>Blake Griffin</name>
<pos>PF</pos>
<start>true</start>
<min>38</min>
<fgm>14</fgm>
<fga>20</fga>
<tpm>1</tpm>
<tpa>2</tpa>
<ftm>2</ftm>
<fta>4</fta>
<oreb>2</oreb>
<dreb>10</dreb>
<reb>12</reb>
<ast>2</ast>
<stl>0</stl>
<blk>0</blk>
<to>4</to>
<pf>4</pf>
<pam>+22</pam>
<pts>31</pts>
<dnp>false</dnp>
</player>
<player>
<name>Jared Dudley</name>
<pos>SF</pos>
<start>true</start>
<min>33</min>
<fgm>7</fgm>
<fga>10</fga>
<tpm>6</tpm>
<tpa>9</tpa>
<ftm>0</ftm>
<fta>0</fta>
<oreb>0</oreb>
<dreb>1</dreb>
<reb>1</reb>
<ast>5</ast>
<stl>0</stl>
<blk>0</blk>
<to>1</to>
<pf>2</pf>
<pam>+29</pam>
<pts>20</pts>
<dnp>false</dnp>
</player>
<player>
<name>DeAndre Jordan</name>
<pos>C</pos>
<start>true</start>
<min>37</min>
<fgm>3</fgm>
<fga>4</fga>
<tpm>0</tpm>
<tpa>0</tpa>
<ftm>0</ftm>
<fta>0</fta>
<oreb>3</oreb>
<dreb>9</dreb>
<reb>12</reb>
<ast>2</ast>
<stl>1</stl>
<blk>1</blk>
<to>3</to>
<pf>3</pf>
<pam>+26</pam>
<pts>6</pts>
<dnp>false</dnp>
</player>
<player>
<name>Chris Paul</name>
<pos>PG</pos>
<start>true</start>
<min>32</min>
<fgm>7</fgm>
<fga>14</fga>
<tpm>1</tpm>
<tpa>4</tpa>
<ftm>2</ftm>
<fta>2</fta>
<oreb>0</oreb>
<dreb>4</dreb>
<reb>4</reb>
<ast>14</ast>
<stl>1</stl>
<blk>0</blk>
<to>3</to>
<pf>1</pf>
<pam>+17</pam>
<pts>17</pts>
<dnp>false</dnp>
</player>
<player>
<name>Jamal Crawford</name>
<pos>SG</pos>
<start>true</start>
<min>35</min>
<fgm>5</fgm>
<fga>14</fga>
<tpm>1</tpm>
<tpa>8</tpa>
<ftm>0</ftm>
<fta>0</fta>
<oreb>0</oreb>
<dreb>2</dreb>
<reb>2</reb>
<ast>4</ast>
<stl>2</stl>
<blk>2</blk>
<to>0</to>
<pf>2</pf>
<pam>+22</pam>
<pts>11</pts>
<dnp>false</dnp>
</player>
<player>
<name>Antawn Jamison</name>
<pos>PF</pos>
<start>false</start>
<min>4</min>
<fgm>0</fgm>
<fga>2</fga>
<tpm>0</tpm>
<tpa>2</tpa>
<ftm>0</ftm>
<fta>0</fta>
<oreb>0</oreb>
<dreb>0</dreb>
<reb>0</reb>
<ast>0</ast>
<stl>0</stl>
<blk>0</blk>
<to>0</to>
<pf>0</pf>
<pam>0</pam>
<pts>0</pts>
<dnp>false</dnp>
</player>
<player>
<name>Matt Barnes</name>
<pos>SF</pos>
<start>false</start>
<min>20</min>
<fgm>2</fgm>
<fga>10</fga>
<tpm>0</tpm>
<tpa>6</tpa>
<ftm>0</ftm>
<fta>0</fta>
<oreb>1</oreb>
<dreb>4</dreb>
<reb>5</reb>
<ast>2</ast>
<stl>0</stl>
<blk>0</blk>
<to>0</to>
<pf>2</pf>
<pam>-3</pam>
<pts>4</pts>
<dnp>false</dnp>
</player>
<player>
<name>Byron Mullens</name>
<pos>C</pos>
<start>false</start>
<min>1</min>
<fgm>2</fgm>
<fga>2</fga>
<tpm>2</tpm>
<tpa>2</tpa>
<ftm>0</ftm>
<fta>0</fta>
<oreb>0</oreb>
<dreb>0</dreb>
<reb>0</reb>
<ast>0</ast>
<stl>0</stl>
<blk>0</blk>
<to>0</to>
<pf>0</pf>
<pam>+6</pam>
<pts>6</pts>
<dnp>false</dnp>
</player>
<player>
<name>Ryan Hollins</name>
<pos>C</pos>
<start>false</start>
<min>11</min>
<fgm>2</fgm>
<fga>3</fga>
<tpm>0</tpm>
<tpa>0</tpa>
<ftm>1</ftm>
<fta>2</fta>
<oreb>1</oreb>
<dreb>2</dreb>
<reb>3</reb>
<ast>0</ast>
<stl>0</stl>
<blk>0</blk>
<to>1</to>
<pf>3</pf>
<pam>+1</pam>
<pts>5</pts>
<dnp>false</dnp>
</player>
<player>
<name>Darren Collison</name>
<pos>PG</pos>
<start>false</start>
<min>16</min>
<fgm>3</fgm>
<fga>3</fga>
<tpm>0</tpm>
<tpa>0</tpa>
<ftm>2</ftm>
<fta>2</fta>
<oreb>1</oreb>
<dreb>2</dreb>
<reb>3</reb>
<ast>5</ast>
<stl>5</stl>
<blk>0</blk>
<to>0</to>
<pf>2</pf>
<pam>+10</pam>
<pts>8</pts>
<dnp>false</dnp>
</player>
<player>
<name>Willie Green</name>
<pos>SG</pos>
<start>false</start>
<min>13</min>
<fgm>2</fgm>
<fga>3</fga>
<tpm>0</tpm>
<tpa>1</tpa>
<ftm>0</ftm>
<fta>0</fta>
<oreb>0</oreb>
<dreb>2</dreb>
<reb>2</reb>
<ast>2</ast>
<stl>0</stl>
<blk>0</blk>
<to>1</to>
<pf>1</pf>
<pam>+5</pam>
<pts>4</pts>
<dnp>false</dnp>
</player>
<player>
<name>Stephen Jackson</name>
<pos>SF</pos>
<start>false</start>
<min>0</min>
<fgm>0</fgm>
<fga>0</fga>
<tpm>0</tpm>
<tpa>0</tpa>
<ftm>0</ftm>
<fta>0</fta>
<oreb>0</oreb>
<dreb>0</dreb>
<reb>0</reb>
<ast>0</ast>
<stl>0</stl>
<blk>0</blk>
<to>0</to>
<pf>0</pf>
<pam>0</pam>
<pts>0</pts>
<dnp>true</dnp>
</player>
<home>true</home>
<win>true</win>
<fgm>47</fgm>
<fga>85</fga>
<tpm>11</tpm>
<tpa>34</tpa>
<ftm>7</ftm>
<fta>10</fta>
<oreb>8</oreb>
<dreb>36</dreb>
<reb>44</reb>
<ast>36</ast>
<stl>9</stl>
<blk>3</blk>
<to>13</to>
<pf>20</pf>
<pts>112</pts>
</team>
</game>