<game>
<id>400489240</id>
<date>9:00 PM ET, December 17, 2013</date>
<team>
<name>Oklahoma City Thunder</name>
<player>
<name>Serge Ibaka</name>
<pos>PF</pos>
<start>true</start>
<min>31</min>
<fgm>7</fgm>
<fga>11</fga>
<tpm>0</tpm>
<tpa>0</tpa>
<ftm>3</ftm>
<fta>4</fta>
<oreb>5</oreb>
<dreb>5</dreb>
<reb>10</reb>
<ast>0</ast>
<stl>0</stl>
<blk>1</blk>
<to>1</to>
<pf>3</pf>
<pam>-1</pam>
<pts>17</pts>
<dnp>false</dnp>
</player>
<player>
<name>Kevin Durant</name>
<pos>SF</pos>
<start>true</start>
<min>38</min>
<fgm>11</fgm>
<fga>23</fga>
<tpm>2</tpm>
<tpa>4</tpa>
<ftm>6</ftm>
<fta>7</fta>
<oreb>0</oreb>
<dreb>6</dreb>
<reb>6</reb>
<ast>3</ast>
<stl>2</stl>
<blk>0</blk>
<to>2</to>
<pf>3</pf>
<pam>+6</pam>
<pts>30</pts>
<dnp>false</dnp>
</player>
<player>
<name>Kendrick Perkins</name>
<pos>C</pos>
<start>true</start>
<min>13</min>
<fgm>1</fgm>
<fga>1</fga>
<tpm>0</tpm>
<tpa>0</tpa>
<ftm>1</ftm>
<fta>2</fta>
<oreb>1</oreb>
<dreb>2</dreb>
<reb>3</reb>
<ast>1</ast>
<stl>0</stl>
<blk>0</blk>
<to>2</to>
<pf>3</pf>
<pam>+3</pam>
<pts>3</pts>
<dnp>false</dnp>
</player>
<player>
<name>Russell Westbrook</name>
<pos>PG</pos>
<start>true</start>
<min>36</min>
<fgm>9</fgm>
<fga>16</fga>
<tpm>1</tpm>
<tpa>4</tpa>
<ftm>2</ftm>
<fta>4</fta>
<oreb>1</oreb>
<dreb>12</dreb>
<reb>13</reb>
<ast>8</ast>
<stl>0</stl>
<blk>0</blk>
<to>8</to>
<pf>1</pf>
<pam>+5</pam>
<pts>21</pts>
<dnp>false</dnp>
</player>
<player>
<name>Thabo Sefolosha</name>
<pos>SG</pos>
<start>true</start>
<min>23</min>
<fgm>1</fgm>
<fga>4</fga>
<tpm>0</tpm>
<tpa>2</tpa>
<ftm>0</ftm>
<fta>0</fta>
<oreb>2</oreb>
<dreb>2</dreb>
<reb>4</reb>
<ast>0</ast>
<stl>1</stl>
<blk>1</blk>
<to>1</to>
<pf>2</pf>
<pam>+6</pam>
<pts>2</pts>
<dnp>false</dnp>
</player>
<player>
<name>Nick Collison</name>
<pos>PF</pos>
<start>false</start>
<min>21</min>
<fgm>4</fgm>
<fga>7</fga>
<tpm>0</tpm>
<tpa>1</tpa>
<ftm>0</ftm>
<fta>0</fta>
<oreb>2</oreb>
<dreb>4</dreb>
<reb>6</reb>
<ast>0</ast>
<stl>1</stl>
<blk>2</blk>
<to>1</to>
<pf>3</pf>
<pam>+18</pam>
<pts>8</pts>
<dnp>false</dnp>
</player>
<player>
<name>Perry Jones</name>
<pos>SF</pos>
<start>false</start>
<min>6</min>
<fgm>0</fgm>
<fga>1</fga>
<tpm>0</tpm>
<tpa>0</tpa>
<ftm>0</ftm>
<fta>0</fta>
<oreb>0</oreb>
<dreb>0</dreb>
<reb>0</reb>
<ast>0</ast>
<stl>1</stl>
<blk>0</blk>
<to>0</to>
<pf>0</pf>
<pam>+5</pam>
<pts>0</pts>
<dnp>false</dnp>
</player>
<player>
<name>Steven Adams</name>
<pos>C</pos>
<start>false</start>
<min>9</min>
<fgm>0</fgm>
<fga>1</fga>
<tpm>0</tpm>
<tpa>0</tpa>
<ftm>1</ftm>
<fta>2</fta>
<oreb>1</oreb>
<dreb>1</dreb>
<reb>2</reb>
<ast>0</ast>
<stl>0</stl>
<blk>0</blk>
<to>1</to>
<pf>3</pf>
<pam>-1</pam>
<pts>1</pts>
<dnp>false</dnp>
</player>
<player>
<name>Reggie Jackson</name>
<pos>PG</pos>
<start>false</start>
<min>20</min>
<fgm>4</fgm>
<fga>10</fga>
<tpm>0</tpm>
<tpa>2</tpa>
<ftm>0</ftm>
<fta>0</fta>
<oreb>0</oreb>
<dreb>2</dreb>
<reb>2</reb>
<ast>2</ast>
<stl>2</stl>
<blk>0</blk>
<to>2</to>
<pf>1</pf>
<pam>+7</pam>
<pts>8</pts>
<dnp>false</dnp>
</player>
<player>
<name>Derek Fisher</name>
<pos>PG</pos>
<start>false</start>
<min>20</min>
<fgm>2</fgm>
<fga>5</fga>
<tpm>1</tpm>
<tpa>4</tpa>
<ftm>1</ftm>
<fta>1</fta>
<oreb>0</oreb>
<dreb>1</dreb>
<reb>1</reb>
<ast>2</ast>
<stl>1</stl>
<blk>0</blk>
<to>0</to>
<pf>0</pf>
<pam>+4</pam>
<pts>6</pts>
<dnp>false</dnp>
</player>
<player>
<name>Jeremy Lamb</name>
<pos>SG</pos>
<start>false</start>
<min>22</min>
<fgm>4</fgm>
<fga>9</fga>
<tpm>1</tpm>
<tpa>5</tpa>
<ftm>0</ftm>
<fta>0</fta>
<oreb>0</oreb>
<dreb>6</dreb>
<reb>6</reb>
<ast>3</ast>
<stl>2</stl>
<blk>1</blk>
<to>0</to>
<pf>3</pf>
<pam>+8</pam>
<pts>9</pts>
<dnp>false</dnp>
</player>
<player>
<name>Andre Roberson</name>
<pos>SG</pos>
<start>false</start>
<min>1</min>
<fgm>0</fgm>
<fga>0</fga>
<tpm>0</tpm>
<tpa>0</tpa>
<ftm>0</ftm>
<fta>0</fta>
<oreb>0</oreb>
<dreb>0</dreb>
<reb>0</reb>
<ast>0</ast>
<stl>0</stl>
<blk>0</blk>
<to>0</to>
<pf>0</pf>
<pam>0</pam>
<pts>0</pts>
<dnp>false</dnp>
</player>
<home>false</home>
<win>true</win>
<fgm>43</fgm>
<fga>88</fga>
<tpm>5</tpm>
<tpa>22</tpa>
<ftm>14</ftm>
<fta>20</fta>
<oreb>12</oreb>
<dreb>41</dreb>
<reb>53</reb>
<ast>19</ast>
<stl>10</stl>
<blk>5</blk>
<to>18</to>
<pf>22</pf>
<pts>105</pts>
</team>
<team>
<name>Denver Nuggets</name>
<player>
<name>Kenneth Faried</name>
<pos>PF</pos>
<start>true</start>
<min>28</min>
<fgm>6</fgm>
<fga>12</fga>
<tpm>0</tpm>
<tpa>0</tpa>
<ftm>1</ftm>
<fta>2</fta>
<oreb>3</oreb>
<dreb>4</dreb>
<reb>7</reb>
<ast>1</ast>
<stl>1</stl>
<blk>1</blk>
<to>1</to>
<pf>0</pf>
<pam>0</pam>
<pts>13</pts>
<dnp>false</dnp>
</player>
<player>
<name>Wilson Chandler</name>
<pos>SF</pos>
<start>true</start>
<min>31</min>
<fgm>6</fgm>
<fga>15</fga>
<tpm>1</tpm>
<tpa>4</tpa>
<ftm>0</ftm>
<fta>1</fta>
<oreb>0</oreb>
<dreb>2</dreb>
<reb>2</reb>
<ast>3</ast>
<stl>0</stl>
<blk>0</blk>
<to>0</to>
<pf>5</pf>
<pam>+5</pam>
<pts>13</pts>
<dnp>false</dnp>
</player>
<player>
<name>J.J. Hickson</name>
<pos>C</pos>
<start>true</start>
<min>29</min>
<fgm>7</fgm>
<fga>13</fga>
<tpm>0</tpm>
<tpa>0</tpa>
<ftm>6</ftm>
<fta>9</fta>
<oreb>5</oreb>
<dreb>9</dreb>
<reb>14</reb>
<ast>1</ast>
<stl>0</stl>
<blk>1</blk>
<to>1</to>
<pf>1</pf>
<pam>0</pam>
<pts>20</pts>
<dnp>false</dnp>
</player>
<player>
<name>Ty Lawson</name>
<pos>PG</pos>
<start>true</start>
<min>37</min>
<fgm>6</fgm>
<fga>11</fga>
<tpm>1</tpm>
<tpa>2</tpa>
<ftm>4</ftm>
<fta>5</fta>
<oreb>0</oreb>
<dreb>3</dreb>
<reb>3</reb>
<ast>13</ast>
<stl>4</stl>
<blk>0</blk>
<to>4</to>
<pf>1</pf>
<pam>-6</pam>
<pts>17</pts>
<dnp>false</dnp>
</player>
<player>
<name>Randy Foye</name>
<pos>SG</pos>
<start>true</start>
<min>24</min>
<fgm>1</fgm>
<fga>5</fga>
<tpm>0</tpm>
<tpa>3</tpa>
<ftm>1</ftm>
<fta>1</fta>
<oreb>0</oreb>
<dreb>1</dreb>
<reb>1</reb>
<ast>2</ast>
<stl>1</stl>
<blk>0</blk>
<to>0</to>
<pf>4</pf>
<pam>+10</pam>
<pts>3</pts>
<dnp>false</dnp>
</player>
<player>
<name>Darrell Arthur</name>
<pos>PF</pos>
<start>false</start>
<min>16</min>
<fgm>0</fgm>
<fga>4</fga>
<tpm>0</tpm>
<tpa>0</tpa>
<ftm>2</ftm>
<fta>2</fta>
<oreb>0</oreb>
<dreb>5</dreb>
<reb>5</reb>
<ast>2</ast>
<stl>0</stl>
<blk>0</blk>
<to>0</to>
<pf>2</pf>
<pam>-12</pam>
<pts>2</pts>
<dnp>false</dnp>
</player>
<player>
<name>Jordan Hamilton</name>
<pos>SF</pos>
<start>false</start>
<min>16</min>
<fgm>2</fgm>
<fga>6</fga>
<tpm>0</tpm>
<tpa>3</tpa>
<ftm>0</ftm>
<fta>0</fta>
<oreb>1</oreb>
<dreb>4</dreb>
<reb>5</reb>
<ast>1</ast>
<stl>1</stl>
<blk>0</blk>
<to>1</to>
<pf>2</pf>
<pam>-17</pam>
<pts>4</pts>
<dnp>false</dnp>
</player>
<player>
<name>Quincy Miller</name>
<pos>SF</pos>
<start>false</start>
<min>1</min>
<fgm>0</fgm>
<fga>0</fga>
<tpm>0</tpm>
<tpa>0</tpa>
<ftm>0</ftm>
<fta>0</fta>
<oreb>0</oreb>
<dreb>0</dreb>
<reb>0</reb>
<ast>0</ast>
<stl>0</stl>
<blk>0</blk>
<to>0</to>
<pf>0</pf>
<pam>0</pam>
<pts>0</pts>
<dnp>false</dnp>
</player>
<player>
<name>Timofey Mozgov</name>
<pos>C</pos>
<start>false</start>
<min>15</min>
<fgm>2</fgm>
<fga>5</fga>
<tpm>0</tpm>
<tpa>0</tpa>
<ftm>0</ftm>
<fta>0</fta>
<oreb>3</oreb>
<dreb>1</dreb>
<reb>4</reb>
<ast>0</ast>
<stl>1</stl>
<blk>1</blk>
<to>3</to>
<pf>2</pf>
<pam>-11</pam>
<pts>4</pts>
<dnp>false</dnp>
</player>
<player>
<name>Andre Miller</name>
<pos>PG</pos>
<start>false</start>
<min>6</min>
<fgm>0</fgm>
<fga>2</fga>
<tpm>0</tpm>
<tpa>0</tpa>
<ftm>0</ftm>
<fta>0</fta>
<oreb>1</oreb>
<dreb>0</dreb>
<reb>1</reb>
<ast>0</ast>
<stl>0</stl>
<blk>0</blk>
<to>1</to>
<pf>0</pf>
<pam>-5</pam>
<pts>0</pts>
<dnp>false</dnp>
</player>
<player>
<name>Nate Robinson</name>
<pos>PG</pos>
<start>false</start>
<min>25</min>
<fgm>4</fgm>
<fga>9</fga>
<tpm>2</tpm>
<tpa>6</tpa>
<ftm>2</ftm>
<fta>2</fta>
<oreb>0</oreb>
<dreb>1</dreb>
<reb>1</reb>
<ast>2</ast>
<stl>1</stl>
<blk>0</blk>
<to>4</to>
<pf>1</pf>
<pam>-13</pam>
<pts>12</pts>
<dnp>false</dnp>
</player>
<player>
<name>Evan Fournier</name>
<pos>SG</pos>
<start>false</start>
<min>13</min>
<fgm>2</fgm>
<fga>5</fga>
<tpm>1</tpm>
<tpa>1</tpa>
<ftm>0</ftm>
<fta>0</fta>
<oreb>0</oreb>
<dreb>0</dreb>
<reb>0</reb>
<ast>0</ast>
<stl>0</stl>
<blk>0</blk>
<to>0</to>
<pf>2</pf>
<pam>-11</pam>
<pts>5</pts>
<dnp>false</dnp>
</player>
<home>true</home>
<win>false</win>
<fgm>36</fgm>
<fga>87</fga>
<tpm>5</tpm>
<tpa>19</tpa>
<ftm>16</ftm>
<fta>22</fta>
<oreb>13</oreb>
<dreb>30</dreb>
<reb>43</reb>
<ast>25</ast>
<stl>9</stl>
<blk>3</blk>
<to>15</to>
<pf>20</pf>
<pts>93</pts>
</team>
</game>