<game>
<id>400489307</id>
<date>10:00 PM ET, December 27, 2013</date>
<team>
<name>Miami Heat</name>
<player>
<name>Shane Battier</name>
<pos>SF</pos>
<start>true</start>
<min>19</min>
<fgm>3</fgm>
<fga>5</fga>
<tpm>3</tpm>
<tpa>4</tpa>
<ftm>0</ftm>
<fta>0</fta>
<oreb>0</oreb>
<dreb>0</dreb>
<reb>0</reb>
<ast>0</ast>
<stl>1</stl>
<blk>2</blk>
<to>3</to>
<pf>2</pf>
<pam>+6</pam>
<pts>9</pts>
<dnp>false</dnp>
</player>
<player>
<name>LeBron James</name>
<pos>SF</pos>
<start>true</start>
<min>44</min>
<fgm>12</fgm>
<fga>23</fga>
<tpm>4</tpm>
<tpa>9</tpa>
<ftm>5</ftm>
<fta>6</fta>
<oreb>0</oreb>
<dreb>8</dreb>
<reb>8</reb>
<ast>8</ast>
<stl>0</stl>
<blk>0</blk>
<to>2</to>
<pf>3</pf>
<pam>-10</pam>
<pts>33</pts>
<dnp>false</dnp>
</player>
<player>
<name>Chris Bosh</name>
<pos>C</pos>
<start>true</start>
<min>35</min>
<fgm>8</fgm>
<fga>15</fga>
<tpm>0</tpm>
<tpa>2</tpa>
<ftm>2</ftm>
<fta>2</fta>
<oreb>1</oreb>
<dreb>6</dreb>
<reb>7</reb>
<ast>1</ast>
<stl>0</stl>
<blk>3</blk>
<to>4</to>
<pf>1</pf>
<pam>+3</pam>
<pts>18</pts>
<dnp>false</dnp>
</player>
<player>
<name>Mario Chalmers</name>
<pos>PG</pos>
<start>true</start>
<min>44</min>
<fgm>4</fgm>
<fga>11</fga>
<tpm>1</tpm>
<tpa>7</tpa>
<ftm>2</ftm>
<fta>4</fta>
<oreb>1</oreb>
<dreb>3</dreb>
<reb>4</reb>
<ast>10</ast>
<stl>3</stl>
<blk>0</blk>
<to>1</to>
<pf>4</pf>
<pam>0</pam>
<pts>11</pts>
<dnp>false</dnp>
</player>
<player>
<name>Roger Mason Jr.</name>
<pos>SG</pos>
<start>true</start>
<min>23</min>
<fgm>1</fgm>
<fga>5</fga>
<tpm>1</tpm>
<tpa>4</tpa>
<ftm>1</ftm>
<fta>1</fta>
<oreb>0</oreb>
<dreb>3</dreb>
<reb>3</reb>
<ast>2</ast>
<stl>1</stl>
<blk>0</blk>
<to>0</to>
<pf>5</pf>
<pam>+12</pam>
<pts>4</pts>
<dnp>false</dnp>
</player>
<player>
<name>Udonis Haslem</name>
<pos>PF</pos>
<start>false</start>
<min>18</min>
<fgm>2</fgm>
<fga>7</fga>
<tpm>0</tpm>
<tpa>0</tpa>
<ftm>0</ftm>
<fta>1</fta>
<oreb>1</oreb>
<dreb>4</dreb>
<reb>5</reb>
<ast>0</ast>
<stl>1</stl>
<blk>0</blk>
<to>0</to>
<pf>1</pf>
<pam>-8</pam>
<pts>4</pts>
<dnp>false</dnp>
</player>
<player>
<name>Rashard Lewis</name>
<pos>PF</pos>
<start>false</start>
<min>14</min>
<fgm>1</fgm>
<fga>5</fga>
<tpm>0</tpm>
<tpa>1</tpa>
<ftm>0</ftm>
<fta>0</fta>
<oreb>1</oreb>
<dreb>1</dreb>
<reb>2</reb>
<ast>0</ast>
<stl>1</stl>
<blk>0</blk>
<to>2</to>
<pf>0</pf>
<pam>-2</pam>
<pts>2</pts>
<dnp>false</dnp>
</player>
<player>
<name>Michael Beasley</name>
<pos>SF</pos>
<start>false</start>
<min>33</min>
<fgm>3</fgm>
<fga>9</fga>
<tpm>0</tpm>
<tpa>2</tpa>
<ftm>3</ftm>
<fta>3</fta>
<oreb>0</oreb>
<dreb>6</dreb>
<reb>6</reb>
<ast>1</ast>
<stl>1</stl>
<blk>0</blk>
<to>3</to>
<pf>5</pf>
<pam>-14</pam>
<pts>9</pts>
<dnp>false</dnp>
</player>
<player>
<name>Norris Cole</name>
<pos>PG</pos>
<start>false</start>
<min>36</min>
<fgm>4</fgm>
<fga>6</fga>
<tpm>2</tpm>
<tpa>3</tpa>
<ftm>3</ftm>
<fta>4</fta>
<oreb>0</oreb>
<dreb>0</dreb>
<reb>0</reb>
<ast>1</ast>
<stl>1</stl>
<blk>0</blk>
<to>1</to>
<pf>2</pf>
<pam>-12</pam>
<pts>13</pts>
<dnp>false</dnp>
</player>
<player>
<name>Chris Andersen</name>
<pos>PF</pos>
<start>false</start>
<min>0</min>
<fgm>0</fgm>
<fga>0</fga>
<tpm>0</tpm>
<tpa>0</tpa>
<ftm>0</ftm>
<fta>0</fta>
<oreb>0</oreb>
<dreb>0</dreb>
<reb>0</reb>
<ast>0</ast>
<stl>0</stl>
<blk>0</blk>
<to>0</to>
<pf>0</pf>
<pam>0</pam>
<pts>0</pts>
<dnp>true</dnp>
</player>
<player>
<name>James Jones</name>
<pos>SF</pos>
<start>false</start>
<min>0</min>
<fgm>0</fgm>
<fga>0</fga>
<tpm>0</tpm>
<tpa>0</tpa>
<ftm>0</ftm>
<fta>0</fta>
<oreb>0</oreb>
<dreb>0</dreb>
<reb>0</reb>
<ast>0</ast>
<stl>0</stl>
<blk>0</blk>
<to>0</to>
<pf>0</pf>
<pam>0</pam>
<pts>0</pts>
<dnp>true</dnp>
</player>
<player>
<name>Joel Anthony</name>
<pos>C</pos>
<start>false</start>
<min>0</min>
<fgm>0</fgm>
<fga>0</fga>
<tpm>0</tpm>
<tpa>0</tpa>
<ftm>0</ftm>
<fta>0</fta>
<oreb>0</oreb>
<dreb>0</dreb>
<reb>0</reb>
<ast>0</ast>
<stl>0</stl>
<blk>0</blk>
<to>0</to>
<pf>0</pf>
<pam>0</pam>
<pts>0</pts>
<dnp>true</dnp>
</player>
<home>false</home>
<win>false</win>
<fgm>38</fgm>
<fga>86</fga>
<tpm>11</tpm>
<tpa>32</tpa>
<ftm>16</ftm>
<fta>21</fta>
<oreb>4</oreb>
<dreb>31</dreb>
<reb>35</reb>
<ast>23</ast>
<stl>9</stl>
<blk>5</blk>
<to>16</to>
<pf>23</pf>
<pts>103</pts>
</team>
<team>
<name>Sacramento Kings</name>
<player>
<name>Jason Thompson</name>
<pos>PF</pos>
<start>true</start>
<min>21</min>
<fgm>5</fgm>
<fga>6</fga>
<tpm>0</tpm>
<tpa>0</tpa>
<ftm>0</ftm>
<fta>0</fta>
<oreb>0</oreb>
<dreb>3</dreb>
<reb>3</reb>
<ast>0</ast>
<stl>0</stl>
<blk>0</blk>
<to>0</to>
<pf>1</pf>
<pam>-6</pam>
<pts>10</pts>
<dnp>false</dnp>
</player>
<player>
<name>Rudy Gay</name>
<pos>SF</pos>
<start>true</start>
<min>40</min>
<fgm>11</fgm>
<fga>19</fga>
<tpm>1</tpm>
<tpa>5</tpa>
<ftm>3</ftm>
<fta>3</fta>
<oreb>1</oreb>
<dreb>2</dreb>
<reb>3</reb>
<ast>1</ast>
<stl>1</stl>
<blk>1</blk>
<to>5</to>
<pf>2</pf>
<pam>-4</pam>
<pts>26</pts>
<dnp>false</dnp>
</player>
<player>
<name>DeMarcus Cousins</name>
<pos>C</pos>
<start>true</start>
<min>41</min>
<fgm>10</fgm>
<fga>21</fga>
<tpm>0</tpm>
<tpa>0</tpa>
<ftm>7</ftm>
<fta>10</fta>
<oreb>6</oreb>
<dreb>11</dreb>
<reb>17</reb>
<ast>5</ast>
<stl>2</stl>
<blk>0</blk>
<to>5</to>
<pf>5</pf>
<pam>0</pam>
<pts>27</pts>
<dnp>false</dnp>
</player>
<player>
<name>Isaiah Thomas</name>
<pos>PG</pos>
<start>true</start>
<min>41</min>
<fgm>7</fgm>
<fga>16</fga>
<tpm>3</tpm>
<tpa>7</tpa>
<ftm>5</ftm>
<fta>6</fta>
<oreb>1</oreb>
<dreb>6</dreb>
<reb>7</reb>
<ast>11</ast>
<stl>1</stl>
<blk>0</blk>
<to>3</to>
<pf>3</pf>
<pam>+6</pam>
<pts>22</pts>
<dnp>false</dnp>
</player>
<player>
<name>Ben McLemore</name>
<pos>SG</pos>
<start>true</start>
<min>24</min>
<fgm>1</fgm>
<fga>4</fga>
<tpm>0</tpm>
<tpa>1</tpa>
<ftm>0</ftm>
<fta>0</fta>
<oreb>0</oreb>
<dreb>5</dreb>
<reb>5</reb>
<ast>1</ast>
<stl>0</stl>
<blk>0</blk>
<to>3</to>
<pf>1</pf>
<pam>-7</pam>
<pts>2</pts>
<dnp>false</dnp>
</player>
<player>
<name>Derrick Williams</name>
<pos>PF</pos>
<start>false</start>
<min>28</min>
<fgm>1</fgm>
<fga>4</fga>
<tpm>0</tpm>
<tpa>1</tpa>
<ftm>0</ftm>
<fta>0</fta>
<oreb>0</oreb>
<dreb>2</dreb>
<reb>2</reb>
<ast>0</ast>
<stl>0</stl>
<blk>0</blk>
<to>1</to>
<pf>1</pf>
<pam>+14</pam>
<pts>2</pts>
<dnp>false</dnp>
</player>
<player>
<name>Travis Outlaw</name>
<pos>SF</pos>
<start>false</start>
<min>15</min>
<fgm>2</fgm>
<fga>5</fga>
<tpm>0</tpm>
<tpa>1</tpa>
<ftm>0</ftm>
<fta>0</fta>
<oreb>1</oreb>
<dreb>3</dreb>
<reb>4</reb>
<ast>1</ast>
<stl>0</stl>
<blk>1</blk>
<to>2</to>
<pf>2</pf>
<pam>+7</pam>
<pts>4</pts>
<dnp>false</dnp>
</player>
<player>
<name>Quincy Acy</name>
<pos>SF</pos>
<start>false</start>
<min>15</min>
<fgm>3</fgm>
<fga>3</fga>
<tpm>0</tpm>
<tpa>0</tpa>
<ftm>2</ftm>
<fta>2</fta>
<oreb>1</oreb>
<dreb>3</dreb>
<reb>4</reb>
<ast>0</ast>
<stl>0</stl>
<blk>1</blk>
<to>1</to>
<pf>4</pf>
<pam>+4</pam>
<pts>8</pts>
<dnp>false</dnp>
</player>
<player>
<name>Jimmer Fredette</name>
<pos>PG</pos>
<start>false</start>
<min>12</min>
<fgm>0</fgm>
<fga>1</fga>
<tpm>0</tpm>
<tpa>1</tpa>
<ftm>0</ftm>
<fta>0</fta>
<oreb>0</oreb>
<dreb>1</dreb>
<reb>1</reb>
<ast>3</ast>
<stl>0</stl>
<blk>1</blk>
<to>1</to>
<pf>0</pf>
<pam>-1</pam>
<pts>0</pts>
<dnp>false</dnp>
</player>
<player>
<name>Marcus Thornton</name>
<pos>SG</pos>
<start>false</start>
<min>29</min>
<fgm>1</fgm>
<fga>4</fga>
<tpm>1</tpm>
<tpa>4</tpa>
<ftm>4</ftm>
<fta>4</fta>
<oreb>0</oreb>
<dreb>5</dreb>
<reb>5</reb>
<ast>1</ast>
<stl>1</stl>
<blk>0</blk>
<to>1</to>
<pf>2</pf>
<pam>+12</pam>
<pts>7</pts>
<dnp>false</dnp>
</player>
<player>
<name>Hamady Ndiaye</name>
<pos>C</pos>
<start>false</start>
<min>0</min>
<fgm>0</fgm>
<fga>0</fga>
<tpm>0</tpm>
<tpa>0</tpa>
<ftm>0</ftm>
<fta>0</fta>
<oreb>0</oreb>
<dreb>0</dreb>
<reb>0</reb>
<ast>0</ast>
<stl>0</stl>
<blk>0</blk>
<to>0</to>
<pf>0</pf>
<pam>0</pam>
<pts>0</pts>
<dnp>true</dnp>
</player>
<player>
<name>Aaron Gray</name>
<pos>C</pos>
<start>false</start>
<min>0</min>
<fgm>0</fgm>
<fga>0</fga>
<tpm>0</tpm>
<tpa>0</tpa>
<ftm>0</ftm>
<fta>0</fta>
<oreb>0</oreb>
<dreb>0</dreb>
<reb>0</reb>
<ast>0</ast>
<stl>0</stl>
<blk>0</blk>
<to>0</to>
<pf>0</pf>
<pam>0</pam>
<pts>0</pts>
<dnp>true</dnp>
</player>
<home>true</home>
<win>true</win>
<fgm>41</fgm>
<fga>83</fga>
<tpm>5</tpm>
<tpa>20</tpa>
<ftm>21</ftm>
<fta>25</fta>
<oreb>10</oreb>
<dreb>41</dreb>
<reb>51</reb>
<ast>23</ast>
<stl>5</stl>
<blk>4</blk>
<to>22</to>
<pf>21</pf>
<pts>108</pts>
</team>
</game>