<game>
<id>400489261</id>
<date>8:00 PM ET, December 20, 2013</date>
<team>
<name>Houston Rockets</name>
<player>
<name>Terrence Jones</name>
<pos>PF</pos>
<start>true</start>
<min>25</min>
<fgm>4</fgm>
<fga>8</fga>
<tpm>1</tpm>
<tpa>3</tpa>
<ftm>1</ftm>
<fta>3</fta>
<oreb>2</oreb>
<dreb>3</dreb>
<reb>5</reb>
<ast>0</ast>
<stl>0</stl>
<blk>0</blk>
<to>2</to>
<pf>2</pf>
<pam>-30</pam>
<pts>10</pts>
<dnp>false</dnp>
</player>
<player>
<name>Chandler Parsons</name>
<pos>SF</pos>
<start>true</start>
<min>33</min>
<fgm>6</fgm>
<fga>8</fga>
<tpm>0</tpm>
<tpa>1</tpa>
<ftm>2</ftm>
<fta>6</fta>
<oreb>2</oreb>
<dreb>1</dreb>
<reb>3</reb>
<ast>2</ast>
<stl>2</stl>
<blk>1</blk>
<to>1</to>
<pf>3</pf>
<pam>-23</pam>
<pts>14</pts>
<dnp>false</dnp>
</player>
<player>
<name>Dwight Howard</name>
<pos>C</pos>
<start>true</start>
<min>31</min>
<fgm>9</fgm>
<fga>16</fga>
<tpm>0</tpm>
<tpa>0</tpa>
<ftm>1</ftm>
<fta>3</fta>
<oreb>3</oreb>
<dreb>9</dreb>
<reb>12</reb>
<ast>2</ast>
<stl>1</stl>
<blk>5</blk>
<to>3</to>
<pf>2</pf>
<pam>-17</pam>
<pts>19</pts>
<dnp>false</dnp>
</player>
<player>
<name>Patrick Beverley</name>
<pos>PG</pos>
<start>true</start>
<min>30</min>
<fgm>3</fgm>
<fga>5</fga>
<tpm>0</tpm>
<tpa>1</tpa>
<ftm>2</ftm>
<fta>2</fta>
<oreb>2</oreb>
<dreb>1</dreb>
<reb>3</reb>
<ast>1</ast>
<stl>0</stl>
<blk>0</blk>
<to>0</to>
<pf>1</pf>
<pam>-17</pam>
<pts>8</pts>
<dnp>false</dnp>
</player>
<player>
<name>James Harden</name>
<pos>SG</pos>
<start>true</start>
<min>33</min>
<fgm>3</fgm>
<fga>14</fga>
<tpm>1</tpm>
<tpa>5</tpa>
<ftm>5</ftm>
<fta>6</fta>
<oreb>0</oreb>
<dreb>3</dreb>
<reb>3</reb>
<ast>2</ast>
<stl>3</stl>
<blk>0</blk>
<to>5</to>
<pf>3</pf>
<pam>-16</pam>
<pts>12</pts>
<dnp>false</dnp>
</player>
<player>
<name>Greg Smith</name>
<pos>PF</pos>
<start>false</start>
<min>12</min>
<fgm>3</fgm>
<fga>6</fga>
<tpm>0</tpm>
<tpa>0</tpa>
<ftm>0</ftm>
<fta>0</fta>
<oreb>1</oreb>
<dreb>1</dreb>
<reb>2</reb>
<ast>0</ast>
<stl>1</stl>
<blk>0</blk>
<to>0</to>
<pf>3</pf>
<pam>-7</pam>
<pts>6</pts>
<dnp>false</dnp>
</player>
<player>
<name>Donatas Motiejunas</name>
<pos>PF</pos>
<start>false</start>
<min>8</min>
<fgm>1</fgm>
<fga>3</fga>
<tpm>0</tpm>
<tpa>0</tpa>
<ftm>1</ftm>
<fta>2</fta>
<oreb>0</oreb>
<dreb>1</dreb>
<reb>1</reb>
<ast>0</ast>
<stl>0</stl>
<blk>0</blk>
<to>0</to>
<pf>0</pf>
<pam>-3</pam>
<pts>3</pts>
<dnp>false</dnp>
</player>
<player>
<name>Ronnie Brewer</name>
<pos>SF</pos>
<start>false</start>
<min>5</min>
<fgm>0</fgm>
<fga>1</fga>
<tpm>0</tpm>
<tpa>0</tpa>
<ftm>0</ftm>
<fta>0</fta>
<oreb>0</oreb>
<dreb>0</dreb>
<reb>0</reb>
<ast>0</ast>
<stl>0</stl>
<blk>0</blk>
<to>0</to>
<pf>0</pf>
<pam>-3</pam>
<pts>0</pts>
<dnp>false</dnp>
</player>
<player>
<name>Omri Casspi</name>
<pos>SF</pos>
<start>false</start>
<min>21</min>
<fgm>1</fgm>
<fga>10</fga>
<tpm>1</tpm>
<tpa>7</tpa>
<ftm>0</ftm>
<fta>0</fta>
<oreb>1</oreb>
<dreb>1</dreb>
<reb>2</reb>
<ast>1</ast>
<stl>2</stl>
<blk>0</blk>
<to>1</to>
<pf>1</pf>
<pam>-16</pam>
<pts>3</pts>
<dnp>false</dnp>
</player>
<player>
<name>Aaron Brooks</name>
<pos>PG</pos>
<start>false</start>
<min>18</min>
<fgm>0</fgm>
<fga>7</fga>
<tpm>0</tpm>
<tpa>1</tpa>
<ftm>1</ftm>
<fta>2</fta>
<oreb>1</oreb>
<dreb>1</dreb>
<reb>2</reb>
<ast>1</ast>
<stl>1</stl>
<blk>0</blk>
<to>2</to>
<pf>2</pf>
<pam>-16</pam>
<pts>1</pts>
<dnp>false</dnp>
</player>
<player>
<name>Francisco Garcia</name>
<pos>SG</pos>
<start>false</start>
<min>24</min>
<fgm>2</fgm>
<fga>6</fga>
<tpm>1</tpm>
<tpa>4</tpa>
<ftm>0</ftm>
<fta>0</fta>
<oreb>0</oreb>
<dreb>3</dreb>
<reb>3</reb>
<ast>1</ast>
<stl>1</stl>
<blk>0</blk>
<to>0</to>
<pf>1</pf>
<pam>-17</pam>
<pts>5</pts>
<dnp>false</dnp>
</player>
<player>
<name>Omer Asik</name>
<pos>C</pos>
<start>false</start>
<min>0</min>
<fgm>0</fgm>
<fga>0</fga>
<tpm>0</tpm>
<tpa>0</tpa>
<ftm>0</ftm>
<fta>0</fta>
<oreb>0</oreb>
<dreb>0</dreb>
<reb>0</reb>
<ast>0</ast>
<stl>0</stl>
<blk>0</blk>
<to>0</to>
<pf>0</pf>
<pam>0</pam>
<pts>0</pts>
<dnp>true</dnp>
</player>
<home>false</home>
<win>false</win>
<fgm>32</fgm>
<fga>84</fga>
<tpm>4</tpm>
<tpa>22</tpa>
<ftm>13</ftm>
<fta>24</fta>
<oreb>12</oreb>
<dreb>24</dreb>
<reb>36</reb>
<ast>10</ast>
<stl>11</stl>
<blk>6</blk>
<to>14</to>
<pf>18</pf>
<pts>81</pts>
</team>
<team>
<name>Indiana Pacers</name>
<player>
<name>David West</name>
<pos>PF</pos>
<start>true</start>
<min>26</min>
<fgm>6</fgm>
<fga>8</fga>
<tpm>0</tpm>
<tpa>0</tpa>
<ftm>0</ftm>
<fta>0</fta>
<oreb>1</oreb>
<dreb>6</dreb>
<reb>7</reb>
<ast>4</ast>
<stl>3</stl>
<blk>1</blk>
<to>2</to>
<pf>3</pf>
<pam>+18</pam>
<pts>12</pts>
<dnp>false</dnp>
</player>
<player>
<name>Paul George</name>
<pos>SF</pos>
<start>true</start>
<min>30</min>
<fgm>7</fgm>
<fga>16</fga>
<tpm>3</tpm>
<tpa>7</tpa>
<ftm>7</ftm>
<fta>8</fta>
<oreb>1</oreb>
<dreb>8</dreb>
<reb>9</reb>
<ast>4</ast>
<stl>3</stl>
<blk>1</blk>
<to>1</to>
<pf>2</pf>
<pam>+20</pam>
<pts>24</pts>
<dnp>false</dnp>
</player>
<player>
<name>Roy Hibbert</name>
<pos>C</pos>
<start>true</start>
<min>28</min>
<fgm>3</fgm>
<fga>8</fga>
<tpm>0</tpm>
<tpa>0</tpa>
<ftm>3</ftm>
<fta>6</fta>
<oreb>2</oreb>
<dreb>4</dreb>
<reb>6</reb>
<ast>2</ast>
<stl>1</stl>
<blk>1</blk>
<to>0</to>
<pf>2</pf>
<pam>+25</pam>
<pts>9</pts>
<dnp>false</dnp>
</player>
<player>
<name>George Hill</name>
<pos>PG</pos>
<start>true</start>
<min>26</min>
<fgm>5</fgm>
<fga>8</fga>
<tpm>2</tpm>
<tpa>4</tpa>
<ftm>0</ftm>
<fta>0</fta>
<oreb>0</oreb>
<dreb>2</dreb>
<reb>2</reb>
<ast>5</ast>
<stl>0</stl>
<blk>0</blk>
<to>1</to>
<pf>2</pf>
<pam>+24</pam>
<pts>12</pts>
<dnp>false</dnp>
</player>
<player>
<name>Lance Stephenson</name>
<pos>SG</pos>
<start>true</start>
<min>35</min>
<fgm>7</fgm>
<fga>16</fga>
<tpm>2</tpm>
<tpa>5</tpa>
<ftm>0</ftm>
<fta>0</fta>
<oreb>3</oreb>
<dreb>3</dreb>
<reb>6</reb>
<ast>6</ast>
<stl>0</stl>
<blk>0</blk>
<to>4</to>
<pf>3</pf>
<pam>+30</pam>
<pts>16</pts>
<dnp>false</dnp>
</player>
<player>
<name>Luis Scola</name>
<pos>PF</pos>
<start>false</start>
<min>16</min>
<fgm>5</fgm>
<fga>7</fga>
<tpm>1</tpm>
<tpa>1</tpa>
<ftm>2</ftm>
<fta>2</fta>
<oreb>0</oreb>
<dreb>6</dreb>
<reb>6</reb>
<ast>1</ast>
<stl>1</stl>
<blk>1</blk>
<to>1</to>
<pf>1</pf>
<pam>+12</pam>
<pts>13</pts>
<dnp>false</dnp>
</player>
<player>
<name>Chris Copeland</name>
<pos>SF</pos>
<start>false</start>
<min>6</min>
<fgm>1</fgm>
<fga>1</fga>
<tpm>1</tpm>
<tpa>1</tpa>
<ftm>0</ftm>
<fta>0</fta>
<oreb>0</oreb>
<dreb>1</dreb>
<reb>1</reb>
<ast>1</ast>
<stl>0</stl>
<blk>0</blk>
<to>2</to>
<pf>0</pf>
<pam>+3</pam>
<pts>3</pts>
<dnp>false</dnp>
</player>
<player>
<name>Danny Granger</name>
<pos>SF</pos>
<start>false</start>
<min>22</min>
<fgm>1</fgm>
<fga>7</fga>
<tpm>1</tpm>
<tpa>4</tpa>
<ftm>2</ftm>
<fta>2</fta>
<oreb>0</oreb>
<dreb>2</dreb>
<reb>2</reb>
<ast>2</ast>
<stl>1</stl>
<blk>1</blk>
<to>5</to>
<pf>1</pf>
<pam>+12</pam>
<pts>5</pts>
<dnp>false</dnp>
</player>
<player>
<name>Ian Mahinmi</name>
<pos>C</pos>
<start>false</start>
<min>20</min>
<fgm>4</fgm>
<fga>4</fga>
<tpm>0</tpm>
<tpa>0</tpa>
<ftm>2</ftm>
<fta>2</fta>
<oreb>1</oreb>
<dreb>3</dreb>
<reb>4</reb>
<ast>0</ast>
<stl>0</stl>
<blk>2</blk>
<to>0</to>
<pf>4</pf>
<pam>+8</pam>
<pts>10</pts>
<dnp>false</dnp>
</player>
<player>
<name>Donald Sloan</name>
<pos>PG</pos>
<start>false</start>
<min>4</min>
<fgm>1</fgm>
<fga>1</fga>
<tpm>0</tpm>
<tpa>0</tpa>
<ftm>0</ftm>
<fta>0</fta>
<oreb>0</oreb>
<dreb>2</dreb>
<reb>2</reb>
<ast>1</ast>
<stl>0</stl>
<blk>0</blk>
<to>0</to>
<pf>1</pf>
<pam>+1</pam>
<pts>2</pts>
<dnp>false</dnp>
</player>
<player>
<name>C.J. Watson</name>
<pos>PG</pos>
<start>false</start>
<min>18</min>
<fgm>3</fgm>
<fga>3</fga>
<tpm>2</tpm>
<tpa>2</tpa>
<ftm>0</ftm>
<fta>2</fta>
<oreb>1</oreb>
<dreb>4</dreb>
<reb>5</reb>
<ast>3</ast>
<stl>2</stl>
<blk>0</blk>
<to>1</to>
<pf>1</pf>
<pam>+8</pam>
<pts>8</pts>
<dnp>false</dnp>
</player>
<player>
<name>Orlando Johnson</name>
<pos>SG</pos>
<start>false</start>
<min>2</min>
<fgm>0</fgm>
<fga>1</fga>
<tpm>0</tpm>
<tpa>1</tpa>
<ftm>0</ftm>
<fta>0</fta>
<oreb>0</oreb>
<dreb>0</dreb>
<reb>0</reb>
<ast>0</ast>
<stl>0</stl>
<blk>0</blk>
<to>0</to>
<pf>0</pf>
<pam>+1</pam>
<pts>0</pts>
<dnp>false</dnp>
</player>
<home>true</home>
<win>true</win>
<fgm>43</fgm>
<fga>81</fga>
<tpm>12</tpm>
<tpa>26</tpa>
<ftm>16</ftm>
<fta>22</fta>
<oreb>9</oreb>
<dreb>41</dreb>
<reb>50</reb>
<ast>29</ast>
<stl>11</stl>
<blk>7</blk>
<to>17</to>
<pf>21</pf>
<pts>114</pts>
</team>
</game>