<game>
<id>400489341</id>
<date>6:00 PM ET, January 1, 2014</date>
<team>
<name>Dallas Mavericks</name>
<player>
<name>Dirk Nowitzki</name>
<pos>PF</pos>
<start>true</start>
<min>32</min>
<fgm>3</fgm>
<fga>14</fga>
<tpm>0</tpm>
<tpa>4</tpa>
<ftm>3</ftm>
<fta>3</fta>
<oreb>1</oreb>
<dreb>4</dreb>
<reb>5</reb>
<ast>4</ast>
<stl>1</stl>
<blk>0</blk>
<to>2</to>
<pf>2</pf>
<pam>+8</pam>
<pts>9</pts>
<dnp>false</dnp>
</player>
<player>
<name>Shawn Marion</name>
<pos>SF</pos>
<start>true</start>
<min>30</min>
<fgm>4</fgm>
<fga>7</fga>
<tpm>0</tpm>
<tpa>1</tpa>
<ftm>1</ftm>
<fta>2</fta>
<oreb>4</oreb>
<dreb>5</dreb>
<reb>9</reb>
<ast>4</ast>
<stl>1</stl>
<blk>1</blk>
<to>4</to>
<pf>0</pf>
<pam>+6</pam>
<pts>9</pts>
<dnp>false</dnp>
</player>
<player>
<name>Samuel Dalembert</name>
<pos>C</pos>
<start>true</start>
<min>18</min>
<fgm>1</fgm>
<fga>3</fga>
<tpm>0</tpm>
<tpa>0</tpa>
<ftm>0</ftm>
<fta>0</fta>
<oreb>3</oreb>
<dreb>4</dreb>
<reb>7</reb>
<ast>0</ast>
<stl>1</stl>
<blk>0</blk>
<to>1</to>
<pf>2</pf>
<pam>-8</pam>
<pts>2</pts>
<dnp>false</dnp>
</player>
<player>
<name>Jose Calderon</name>
<pos>PG</pos>
<start>true</start>
<min>33</min>
<fgm>3</fgm>
<fga>14</fga>
<tpm>3</tpm>
<tpa>10</tpa>
<ftm>2</ftm>
<fta>2</fta>
<oreb>0</oreb>
<dreb>6</dreb>
<reb>6</reb>
<ast>3</ast>
<stl>2</stl>
<blk>0</blk>
<to>0</to>
<pf>1</pf>
<pam>+2</pam>
<pts>11</pts>
<dnp>false</dnp>
</player>
<player>
<name>Monta Ellis</name>
<pos>SG</pos>
<start>true</start>
<min>37</min>
<fgm>7</fgm>
<fga>18</fga>
<tpm>0</tpm>
<tpa>2</tpa>
<ftm>9</ftm>
<fta>10</fta>
<oreb>2</oreb>
<dreb>3</dreb>
<reb>5</reb>
<ast>1</ast>
<stl>1</stl>
<blk>2</blk>
<to>1</to>
<pf>2</pf>
<pam>+6</pam>
<pts>23</pts>
<dnp>false</dnp>
</player>
<player>
<name>Brandan Wright</name>
<pos>PF</pos>
<start>false</start>
<min>18</min>
<fgm>5</fgm>
<fga>7</fga>
<tpm>0</tpm>
<tpa>0</tpa>
<ftm>0</ftm>
<fta>0</fta>
<oreb>1</oreb>
<dreb>2</dreb>
<reb>3</reb>
<ast>1</ast>
<stl>2</stl>
<blk>0</blk>
<to>3</to>
<pf>2</pf>
<pam>+6</pam>
<pts>10</pts>
<dnp>false</dnp>
</player>
<player>
<name>Jae Crowder</name>
<pos>SF</pos>
<start>false</start>
<min>18</min>
<fgm>1</fgm>
<fga>2</fga>
<tpm>0</tpm>
<tpa>0</tpa>
<ftm>2</ftm>
<fta>2</fta>
<oreb>0</oreb>
<dreb>3</dreb>
<reb>3</reb>
<ast>0</ast>
<stl>0</stl>
<blk>0</blk>
<to>1</to>
<pf>0</pf>
<pam>+7</pam>
<pts>4</pts>
<dnp>false</dnp>
</player>
<player>
<name>DeJuan Blair</name>
<pos>C</pos>
<start>false</start>
<min>14</min>
<fgm>1</fgm>
<fga>1</fga>
<tpm>0</tpm>
<tpa>0</tpa>
<ftm>2</ftm>
<fta>2</fta>
<oreb>1</oreb>
<dreb>4</dreb>
<reb>5</reb>
<ast>1</ast>
<stl>2</stl>
<blk>0</blk>
<to>1</to>
<pf>3</pf>
<pam>0</pam>
<pts>4</pts>
<dnp>false</dnp>
</player>
<player>
<name>Shane Larkin</name>
<pos>PG</pos>
<start>false</start>
<min>12</min>
<fgm>1</fgm>
<fga>2</fga>
<tpm>0</tpm>
<tpa>0</tpa>
<ftm>0</ftm>
<fta>0</fta>
<oreb>0</oreb>
<dreb>1</dreb>
<reb>1</reb>
<ast>1</ast>
<stl>1</stl>
<blk>0</blk>
<to>2</to>
<pf>0</pf>
<pam>0</pam>
<pts>2</pts>
<dnp>false</dnp>
</player>
<player>
<name>Vince Carter</name>
<pos>SG</pos>
<start>false</start>
<min>28</min>
<fgm>4</fgm>
<fga>10</fga>
<tpm>3</tpm>
<tpa>7</tpa>
<ftm>2</ftm>
<fta>2</fta>
<oreb>0</oreb>
<dreb>0</dreb>
<reb>0</reb>
<ast>3</ast>
<stl>1</stl>
<blk>0</blk>
<to>0</to>
<pf>0</pf>
<pam>+9</pam>
<pts>13</pts>
<dnp>false</dnp>
</player>
<player>
<name>Bernard James</name>
<pos>C</pos>
<start>false</start>
<min>0</min>
<fgm>0</fgm>
<fga>0</fga>
<tpm>0</tpm>
<tpa>0</tpa>
<ftm>0</ftm>
<fta>0</fta>
<oreb>0</oreb>
<dreb>0</dreb>
<reb>0</reb>
<ast>0</ast>
<stl>0</stl>
<blk>0</blk>
<to>0</to>
<pf>0</pf>
<pam>0</pam>
<pts>0</pts>
<dnp>true</dnp>
</player>
<player>
<name>Gal Mekel</name>
<pos>PG</pos>
<start>false</start>
<min>0</min>
<fgm>0</fgm>
<fga>0</fga>
<tpm>0</tpm>
<tpa>0</tpa>
<ftm>0</ftm>
<fta>0</fta>
<oreb>0</oreb>
<dreb>0</dreb>
<reb>0</reb>
<ast>0</ast>
<stl>0</stl>
<blk>0</blk>
<to>0</to>
<pf>0</pf>
<pam>0</pam>
<pts>0</pts>
<dnp>true</dnp>
</player>
<home>false</home>
<win>true</win>
<fgm>30</fgm>
<fga>78</fga>
<tpm>6</tpm>
<tpa>24</tpa>
<ftm>21</ftm>
<fta>23</fta>
<oreb>12</oreb>
<dreb>32</dreb>
<reb>44</reb>
<ast>18</ast>
<stl>12</stl>
<blk>3</blk>
<to>15</to>
<pf>12</pf>
<pts>87</pts>
</team>
<team>
<name>Washington Wizards</name>
<player>
<name>Trevor Booker</name>
<pos>PF</pos>
<start>true</start>
<min>30</min>
<fgm>5</fgm>
<fga>9</fga>
<tpm>0</tpm>
<tpa>0</tpa>
<ftm>0</ftm>
<fta>0</fta>
<oreb>7</oreb>
<dreb>12</dreb>
<reb>19</reb>
<ast>1</ast>
<stl>1</stl>
<blk>1</blk>
<to>1</to>
<pf>0</pf>
<pam>+1</pam>
<pts>10</pts>
<dnp>false</dnp>
</player>
<player>
<name>Marcin Gortat</name>
<pos>C</pos>
<start>true</start>
<min>27</min>
<fgm>6</fgm>
<fga>11</fga>
<tpm>0</tpm>
<tpa>0</tpa>
<ftm>0</ftm>
<fta>0</fta>
<oreb>0</oreb>
<dreb>5</dreb>
<reb>5</reb>
<ast>2</ast>
<stl>0</stl>
<blk>2</blk>
<to>1</to>
<pf>2</pf>
<pam>+8</pam>
<pts>12</pts>
<dnp>false</dnp>
</player>
<player>
<name>John Wall</name>
<pos>PG</pos>
<start>true</start>
<min>42</min>
<fgm>8</fgm>
<fga>18</fga>
<tpm>1</tpm>
<tpa>6</tpa>
<ftm>5</ftm>
<fta>5</fta>
<oreb>3</oreb>
<dreb>4</dreb>
<reb>7</reb>
<ast>5</ast>
<stl>1</stl>
<blk>0</blk>
<to>7</to>
<pf>3</pf>
<pam>-5</pam>
<pts>22</pts>
<dnp>false</dnp>
</player>
<player>
<name>Trevor Ariza</name>
<pos>SG</pos>
<start>true</start>
<min>34</min>
<fgm>3</fgm>
<fga>14</fga>
<tpm>1</tpm>
<tpa>7</tpa>
<ftm>1</ftm>
<fta>1</fta>
<oreb>1</oreb>
<dreb>3</dreb>
<reb>4</reb>
<ast>2</ast>
<stl>2</stl>
<blk>1</blk>
<to>0</to>
<pf>3</pf>
<pam>-15</pam>
<pts>8</pts>
<dnp>false</dnp>
</player>
<player>
<name>Bradley Beal</name>
<pos>SG</pos>
<start>true</start>
<min>30</min>
<fgm>4</fgm>
<fga>13</fga>
<tpm>2</tpm>
<tpa>5</tpa>
<ftm>0</ftm>
<fta>1</fta>
<oreb>1</oreb>
<dreb>1</dreb>
<reb>2</reb>
<ast>3</ast>
<stl>3</stl>
<blk>0</blk>
<to>2</to>
<pf>2</pf>
<pam>+6</pam>
<pts>10</pts>
<dnp>false</dnp>
</player>
<player>
<name>Nene Hilario</name>
<pos>PF</pos>
<start>false</start>
<min>24</min>
<fgm>2</fgm>
<fga>7</fga>
<tpm>0</tpm>
<tpa>0</tpa>
<ftm>0</ftm>
<fta>2</fta>
<oreb>2</oreb>
<dreb>1</dreb>
<reb>3</reb>
<ast>1</ast>
<stl>2</stl>
<blk>1</blk>
<to>2</to>
<pf>6</pf>
<pam>-10</pam>
<pts>4</pts>
<dnp>false</dnp>
</player>
<player>
<name>Otto Porter Jr.</name>
<pos>SF</pos>
<start>false</start>
<min>11</min>
<fgm>1</fgm>
<fga>2</fga>
<tpm>0</tpm>
<tpa>0</tpa>
<ftm>0</ftm>
<fta>0</fta>
<oreb>0</oreb>
<dreb>1</dreb>
<reb>1</reb>
<ast>1</ast>
<stl>0</stl>
<blk>0</blk>
<to>1</to>
<pf>0</pf>
<pam>+5</pam>
<pts>2</pts>
<dnp>false</dnp>
</player>
<player>
<name>Martell Webster</name>
<pos>SF</pos>
<start>false</start>
<min>22</min>
<fgm>3</fgm>
<fga>9</fga>
<tpm>1</tpm>
<tpa>6</tpa>
<ftm>1</ftm>
<fta>1</fta>
<oreb>0</oreb>
<dreb>1</dreb>
<reb>1</reb>
<ast>2</ast>
<stl>0</stl>
<blk>0</blk>
<to>1</to>
<pf>2</pf>
<pam>-20</pam>
<pts>8</pts>
<dnp>false</dnp>
</player>
<player>
<name>Kevin Seraphin</name>
<pos>C</pos>
<start>false</start>
<min>15</min>
<fgm>1</fgm>
<fga>5</fga>
<tpm>0</tpm>
<tpa>0</tpa>
<ftm>0</ftm>
<fta>0</fta>
<oreb>1</oreb>
<dreb>2</dreb>
<reb>3</reb>
<ast>0</ast>
<stl>0</stl>
<blk>1</blk>
<to>2</to>
<pf>2</pf>
<pam>-11</pam>
<pts>2</pts>
<dnp>false</dnp>
</player>
<player>
<name>Garrett Temple</name>
<pos>SG</pos>
<start>false</start>
<min>6</min>
<fgm>0</fgm>
<fga>0</fga>
<tpm>0</tpm>
<tpa>0</tpa>
<ftm>0</ftm>
<fta>0</fta>
<oreb>0</oreb>
<dreb>1</dreb>
<reb>1</reb>
<ast>0</ast>
<stl>0</stl>
<blk>0</blk>
<to>1</to>
<pf>1</pf>
<pam>-4</pam>
<pts>0</pts>
<dnp>false</dnp>
</player>
<player>
<name>Jan Vesely</name>
<pos>PF</pos>
<start>false</start>
<min>0</min>
<fgm>0</fgm>
<fga>0</fga>
<tpm>0</tpm>
<tpa>0</tpa>
<ftm>0</ftm>
<fta>0</fta>
<oreb>0</oreb>
<dreb>0</dreb>
<reb>0</reb>
<ast>0</ast>
<stl>0</stl>
<blk>0</blk>
<to>0</to>
<pf>0</pf>
<pam>0</pam>
<pts>0</pts>
<dnp>true</dnp>
</player>
<player>
<name>Chris Singleton</name>
<pos>SF</pos>
<start>false</start>
<min>0</min>
<fgm>0</fgm>
<fga>0</fga>
<tpm>0</tpm>
<tpa>0</tpa>
<ftm>0</ftm>
<fta>0</fta>
<oreb>0</oreb>
<dreb>0</dreb>
<reb>0</reb>
<ast>0</ast>
<stl>0</stl>
<blk>0</blk>
<to>0</to>
<pf>0</pf>
<pam>0</pam>
<pts>0</pts>
<dnp>true</dnp>
</player>
<home>true</home>
<win>false</win>
<fgm>33</fgm>
<fga>88</fga>
<tpm>5</tpm>
<tpa>24</tpa>
<ftm>7</ftm>
<fta>10</fta>
<oreb>15</oreb>
<dreb>31</dreb>
<reb>46</reb>
<ast>17</ast>
<stl>9</stl>
<blk>6</blk>
<to>18</to>
<pf>21</pf>
<pts>78</pts>
</team>
</game>