<game>
<id>400489297</id>
<date>8:00 PM ET, December 26, 2013</date>
<team>
<name>Memphis Grizzlies</name>
<player>
<name>Zach Randolph</name>
<pos>PF</pos>
<start>true</start>
<min>43</min>
<fgm>8</fgm>
<fga>20</fga>
<tpm>0</tpm>
<tpa>0</tpa>
<ftm>7</ftm>
<fta>12</fta>
<oreb>8</oreb>
<dreb>9</dreb>
<reb>17</reb>
<ast>5</ast>
<stl>0</stl>
<blk>0</blk>
<to>3</to>
<pf>3</pf>
<pam>-16</pam>
<pts>23</pts>
<dnp>false</dnp>
</player>
<player>
<name>Tayshaun Prince</name>
<pos>SF</pos>
<start>true</start>
<min>25</min>
<fgm>4</fgm>
<fga>7</fga>
<tpm>1</tpm>
<tpa>2</tpa>
<ftm>0</ftm>
<fta>0</fta>
<oreb>0</oreb>
<dreb>1</dreb>
<reb>1</reb>
<ast>4</ast>
<stl>1</stl>
<blk>0</blk>
<to>0</to>
<pf>1</pf>
<pam>-9</pam>
<pts>9</pts>
<dnp>false</dnp>
</player>
<player>
<name>Kosta Koufos</name>
<pos>C</pos>
<start>true</start>
<min>23</min>
<fgm>2</fgm>
<fga>5</fga>
<tpm>0</tpm>
<tpa>0</tpa>
<ftm>1</ftm>
<fta>2</fta>
<oreb>4</oreb>
<dreb>7</dreb>
<reb>11</reb>
<ast>1</ast>
<stl>0</stl>
<blk>0</blk>
<to>2</to>
<pf>3</pf>
<pam>+4</pam>
<pts>5</pts>
<dnp>false</dnp>
</player>
<player>
<name>Mike Conley</name>
<pos>PG</pos>
<start>true</start>
<min>38</min>
<fgm>4</fgm>
<fga>14</fga>
<tpm>2</tpm>
<tpa>4</tpa>
<ftm>1</ftm>
<fta>2</fta>
<oreb>1</oreb>
<dreb>3</dreb>
<reb>4</reb>
<ast>6</ast>
<stl>2</stl>
<blk>1</blk>
<to>2</to>
<pf>3</pf>
<pam>-2</pam>
<pts>11</pts>
<dnp>false</dnp>
</player>
<player>
<name>Tony Allen</name>
<pos>SG</pos>
<start>true</start>
<min>21</min>
<fgm>4</fgm>
<fga>11</fga>
<tpm>0</tpm>
<tpa>2</tpa>
<ftm>0</ftm>
<fta>0</fta>
<oreb>0</oreb>
<dreb>0</dreb>
<reb>0</reb>
<ast>0</ast>
<stl>0</stl>
<blk>1</blk>
<to>1</to>
<pf>5</pf>
<pam>-2</pam>
<pts>8</pts>
<dnp>false</dnp>
</player>
<player>
<name>James Johnson</name>
<pos>PF</pos>
<start>false</start>
<min>28</min>
<fgm>5</fgm>
<fga>8</fga>
<tpm>1</tpm>
<tpa>4</tpa>
<ftm>1</ftm>
<fta>2</fta>
<oreb>2</oreb>
<dreb>3</dreb>
<reb>5</reb>
<ast>0</ast>
<stl>3</stl>
<blk>1</blk>
<to>1</to>
<pf>5</pf>
<pam>-3</pam>
<pts>12</pts>
<dnp>false</dnp>
</player>
<player>
<name>Ed Davis</name>
<pos>PF</pos>
<start>false</start>
<min>13</min>
<fgm>2</fgm>
<fga>6</fga>
<tpm>0</tpm>
<tpa>0</tpa>
<ftm>0</ftm>
<fta>0</fta>
<oreb>2</oreb>
<dreb>3</dreb>
<reb>5</reb>
<ast>0</ast>
<stl>0</stl>
<blk>1</blk>
<to>0</to>
<pf>1</pf>
<pam>+13</pam>
<pts>4</pts>
<dnp>false</dnp>
</player>
<player>
<name>Jon Leuer</name>
<pos>PF</pos>
<start>false</start>
<min>12</min>
<fgm>3</fgm>
<fga>6</fga>
<tpm>0</tpm>
<tpa>0</tpa>
<ftm>0</ftm>
<fta>0</fta>
<oreb>0</oreb>
<dreb>0</dreb>
<reb>0</reb>
<ast>0</ast>
<stl>0</stl>
<blk>0</blk>
<to>0</to>
<pf>1</pf>
<pam>-13</pam>
<pts>6</pts>
<dnp>false</dnp>
</player>
<player>
<name>Mike Miller</name>
<pos>SF</pos>
<start>false</start>
<min>20</min>
<fgm>3</fgm>
<fga>9</fga>
<tpm>0</tpm>
<tpa>2</tpa>
<ftm>1</ftm>
<fta>2</fta>
<oreb>2</oreb>
<dreb>3</dreb>
<reb>5</reb>
<ast>1</ast>
<stl>0</stl>
<blk>0</blk>
<to>0</to>
<pf>4</pf>
<pam>-5</pam>
<pts>7</pts>
<dnp>false</dnp>
</player>
<player>
<name>Jerryd Bayless</name>
<pos>PG</pos>
<start>false</start>
<min>17</min>
<fgm>3</fgm>
<fga>7</fga>
<tpm>1</tpm>
<tpa>4</tpa>
<ftm>0</ftm>
<fta>0</fta>
<oreb>1</oreb>
<dreb>0</dreb>
<reb>1</reb>
<ast>3</ast>
<stl>0</stl>
<blk>0</blk>
<to>0</to>
<pf>4</pf>
<pam>-7</pam>
<pts>7</pts>
<dnp>false</dnp>
</player>
<player>
<name>Nick Calathes</name>
<pos>SG</pos>
<start>false</start>
<min>0</min>
<fgm>0</fgm>
<fga>0</fga>
<tpm>0</tpm>
<tpa>0</tpa>
<ftm>0</ftm>
<fta>0</fta>
<oreb>0</oreb>
<dreb>0</dreb>
<reb>0</reb>
<ast>0</ast>
<stl>0</stl>
<blk>0</blk>
<to>0</to>
<pf>0</pf>
<pam>0</pam>
<pts>0</pts>
<dnp>true</dnp>
</player>
<player>
<name>Seth Curry</name>
<pos>SG</pos>
<start>false</start>
<min>0</min>
<fgm>0</fgm>
<fga>0</fga>
<tpm>0</tpm>
<tpa>0</tpa>
<ftm>0</ftm>
<fta>0</fta>
<oreb>0</oreb>
<dreb>0</dreb>
<reb>0</reb>
<ast>0</ast>
<stl>0</stl>
<blk>0</blk>
<to>0</to>
<pf>0</pf>
<pam>0</pam>
<pts>0</pts>
<dnp>true</dnp>
</player>
<home>false</home>
<win>false</win>
<fgm>38</fgm>
<fga>93</fga>
<tpm>5</tpm>
<tpa>18</tpa>
<ftm>11</ftm>
<fta>20</fta>
<oreb>20</oreb>
<dreb>29</dreb>
<reb>49</reb>
<ast>20</ast>
<stl>6</stl>
<blk>4</blk>
<to>9</to>
<pf>30</pf>
<pts>92</pts>
</team>
<team>
<name>Houston Rockets</name>
<player>
<name>Terrence Jones</name>
<pos>PF</pos>
<start>true</start>
<min>31</min>
<fgm>10</fgm>
<fga>14</fga>
<tpm>0</tpm>
<tpa>2</tpa>
<ftm>0</ftm>
<fta>3</fta>
<oreb>2</oreb>
<dreb>3</dreb>
<reb>5</reb>
<ast>2</ast>
<stl>0</stl>
<blk>2</blk>
<to>0</to>
<pf>0</pf>
<pam>0</pam>
<pts>20</pts>
<dnp>false</dnp>
</player>
<player>
<name>Chandler Parsons</name>
<pos>SF</pos>
<start>true</start>
<min>44</min>
<fgm>5</fgm>
<fga>12</fga>
<tpm>0</tpm>
<tpa>4</tpa>
<ftm>5</ftm>
<fta>6</fta>
<oreb>0</oreb>
<dreb>11</dreb>
<reb>11</reb>
<ast>5</ast>
<stl>1</stl>
<blk>0</blk>
<to>2</to>
<pf>1</pf>
<pam>+13</pam>
<pts>15</pts>
<dnp>false</dnp>
</player>
<player>
<name>Dwight Howard</name>
<pos>C</pos>
<start>true</start>
<min>18</min>
<fgm>1</fgm>
<fga>5</fga>
<tpm>0</tpm>
<tpa>0</tpa>
<ftm>0</ftm>
<fta>0</fta>
<oreb>1</oreb>
<dreb>5</dreb>
<reb>6</reb>
<ast>0</ast>
<stl>2</stl>
<blk>0</blk>
<to>1</to>
<pf>5</pf>
<pam>-1</pam>
<pts>2</pts>
<dnp>false</dnp>
</player>
<player>
<name>Jeremy Lin</name>
<pos>PG</pos>
<start>true</start>
<min>37</min>
<fgm>5</fgm>
<fga>13</fga>
<tpm>2</tpm>
<tpa>4</tpa>
<ftm>6</ftm>
<fta>6</fta>
<oreb>1</oreb>
<dreb>5</dreb>
<reb>6</reb>
<ast>2</ast>
<stl>0</stl>
<blk>0</blk>
<to>4</to>
<pf>3</pf>
<pam>+10</pam>
<pts>18</pts>
<dnp>false</dnp>
</player>
<player>
<name>James Harden</name>
<pos>SG</pos>
<start>true</start>
<min>44</min>
<fgm>2</fgm>
<fga>9</fga>
<tpm>1</tpm>
<tpa>5</tpa>
<ftm>22</ftm>
<fta>25</fta>
<oreb>1</oreb>
<dreb>5</dreb>
<reb>6</reb>
<ast>5</ast>
<stl>0</stl>
<blk>1</blk>
<to>2</to>
<pf>2</pf>
<pam>+13</pam>
<pts>27</pts>
<dnp>false</dnp>
</player>
<player>
<name>Donatas Motiejunas</name>
<pos>PF</pos>
<start>false</start>
<min>23</min>
<fgm>2</fgm>
<fga>4</fga>
<tpm>0</tpm>
<tpa>1</tpa>
<ftm>0</ftm>
<fta>0</fta>
<oreb>1</oreb>
<dreb>2</dreb>
<reb>3</reb>
<ast>1</ast>
<stl>0</stl>
<blk>3</blk>
<to>0</to>
<pf>5</pf>
<pam>+17</pam>
<pts>4</pts>
<dnp>false</dnp>
</player>
<player>
<name>Omri Casspi</name>
<pos>SF</pos>
<start>false</start>
<min>11</min>
<fgm>1</fgm>
<fga>3</fga>
<tpm>0</tpm>
<tpa>1</tpa>
<ftm>0</ftm>
<fta>0</fta>
<oreb>0</oreb>
<dreb>1</dreb>
<reb>1</reb>
<ast>0</ast>
<stl>0</stl>
<blk>0</blk>
<to>0</to>
<pf>0</pf>
<pam>-14</pam>
<pts>2</pts>
<dnp>false</dnp>
</player>
<player>
<name>Aaron Brooks</name>
<pos>PG</pos>
<start>false</start>
<min>15</min>
<fgm>3</fgm>
<fga>7</fga>
<tpm>0</tpm>
<tpa>3</tpa>
<ftm>0</ftm>
<fta>0</fta>
<oreb>1</oreb>
<dreb>0</dreb>
<reb>1</reb>
<ast>2</ast>
<stl>0</stl>
<blk>0</blk>
<to>0</to>
<pf>1</pf>
<pam>-7</pam>
<pts>6</pts>
<dnp>false</dnp>
</player>
<player>
<name>Francisco Garcia</name>
<pos>SG</pos>
<start>false</start>
<min>16</min>
<fgm>2</fgm>
<fga>4</fga>
<tpm>2</tpm>
<tpa>4</tpa>
<ftm>0</ftm>
<fta>0</fta>
<oreb>0</oreb>
<dreb>2</dreb>
<reb>2</reb>
<ast>0</ast>
<stl>0</stl>
<blk>1</blk>
<to>0</to>
<pf>2</pf>
<pam>+9</pam>
<pts>6</pts>
<dnp>false</dnp>
</player>
<player>
<name>Greg Smith</name>
<pos>PF</pos>
<start>false</start>
<min>0</min>
<fgm>0</fgm>
<fga>0</fga>
<tpm>0</tpm>
<tpa>0</tpa>
<ftm>0</ftm>
<fta>0</fta>
<oreb>0</oreb>
<dreb>0</dreb>
<reb>0</reb>
<ast>0</ast>
<stl>0</stl>
<blk>0</blk>
<to>0</to>
<pf>0</pf>
<pam>0</pam>
<pts>0</pts>
<dnp>true</dnp>
</player>
<player>
<name>Ronnie Brewer</name>
<pos>SF</pos>
<start>false</start>
<min>0</min>
<fgm>0</fgm>
<fga>0</fga>
<tpm>0</tpm>
<tpa>0</tpa>
<ftm>0</ftm>
<fta>0</fta>
<oreb>0</oreb>
<dreb>0</dreb>
<reb>0</reb>
<ast>0</ast>
<stl>0</stl>
<blk>0</blk>
<to>0</to>
<pf>0</pf>
<pam>0</pam>
<pts>0</pts>
<dnp>true</dnp>
</player>
<player>
<name>Omer Asik</name>
<pos>C</pos>
<start>false</start>
<min>0</min>
<fgm>0</fgm>
<fga>0</fga>
<tpm>0</tpm>
<tpa>0</tpa>
<ftm>0</ftm>
<fta>0</fta>
<oreb>0</oreb>
<dreb>0</dreb>
<reb>0</reb>
<ast>0</ast>
<stl>0</stl>
<blk>0</blk>
<to>0</to>
<pf>0</pf>
<pam>0</pam>
<pts>0</pts>
<dnp>true</dnp>
</player>
<home>true</home>
<win>true</win>
<fgm>31</fgm>
<fga>71</fga>
<tpm>5</tpm>
<tpa>24</tpa>
<ftm>33</ftm>
<fta>40</fta>
<oreb>7</oreb>
<dreb>34</dreb>
<reb>41</reb>
<ast>17</ast>
<stl>3</stl>
<blk>7</blk>
<to>9</to>
<pf>19</pf>
<pts>100</pts>
</team>
</game>