<game>
<id>400489187</id>
<date>7:30 PM ET, December 10, 2013</date>
<team>
<name>Boston Celtics</name>
<player>
<name>Brandon Bass</name>
<pos>PF</pos>
<start>true</start>
<min>29</min>
<fgm>4</fgm>
<fga>12</fga>
<tpm>0</tpm>
<tpa>0</tpa>
<ftm>5</ftm>
<fta>8</fta>
<oreb>4</oreb>
<dreb>7</dreb>
<reb>11</reb>
<ast>1</ast>
<stl>0</stl>
<blk>1</blk>
<to>0</to>
<pf>2</pf>
<pam>-13</pam>
<pts>13</pts>
<dnp>false</dnp>
</player>
<player>
<name>Jeff Green</name>
<pos>SF</pos>
<start>true</start>
<min>37</min>
<fgm>6</fgm>
<fga>13</fga>
<tpm>4</tpm>
<tpa>4</tpa>
<ftm>3</ftm>
<fta>4</fta>
<oreb>1</oreb>
<dreb>5</dreb>
<reb>6</reb>
<ast>1</ast>
<stl>2</stl>
<blk>0</blk>
<to>3</to>
<pf>3</pf>
<pam>-12</pam>
<pts>19</pts>
<dnp>false</dnp>
</player>
<player>
<name>Jared Sullinger</name>
<pos>C</pos>
<start>true</start>
<min>35</min>
<fgm>6</fgm>
<fga>16</fga>
<tpm>2</tpm>
<tpa>6</tpa>
<ftm>1</ftm>
<fta>1</fta>
<oreb>3</oreb>
<dreb>2</dreb>
<reb>5</reb>
<ast>3</ast>
<stl>0</stl>
<blk>0</blk>
<to>0</to>
<pf>3</pf>
<pam>+4</pam>
<pts>15</pts>
<dnp>false</dnp>
</player>
<player>
<name>Avery Bradley</name>
<pos>PG</pos>
<start>true</start>
<min>37</min>
<fgm>8</fgm>
<fga>16</fga>
<tpm>3</tpm>
<tpa>6</tpa>
<ftm>3</ftm>
<fta>3</fta>
<oreb>0</oreb>
<dreb>3</dreb>
<reb>3</reb>
<ast>0</ast>
<stl>2</stl>
<blk>0</blk>
<to>1</to>
<pf>4</pf>
<pam>+3</pam>
<pts>22</pts>
<dnp>false</dnp>
</player>
<player>
<name>Jordan Crawford</name>
<pos>SG</pos>
<start>true</start>
<min>34</min>
<fgm>6</fgm>
<fga>14</fga>
<tpm>2</tpm>
<tpa>5</tpa>
<ftm>1</ftm>
<fta>3</fta>
<oreb>0</oreb>
<dreb>2</dreb>
<reb>2</reb>
<ast>4</ast>
<stl>1</stl>
<blk>0</blk>
<to>1</to>
<pf>1</pf>
<pam>-14</pam>
<pts>15</pts>
<dnp>false</dnp>
</player>
<player>
<name>Kris Humphries</name>
<pos>PF</pos>
<start>false</start>
<min>17</min>
<fgm>2</fgm>
<fga>4</fga>
<tpm>0</tpm>
<tpa>0</tpa>
<ftm>0</ftm>
<fta>0</fta>
<oreb>2</oreb>
<dreb>0</dreb>
<reb>2</reb>
<ast>1</ast>
<stl>2</stl>
<blk>0</blk>
<to>0</to>
<pf>3</pf>
<pam>-1</pam>
<pts>4</pts>
<dnp>false</dnp>
</player>
<player>
<name>Gerald Wallace</name>
<pos>SF</pos>
<start>false</start>
<min>23</min>
<fgm>1</fgm>
<fga>2</fga>
<tpm>0</tpm>
<tpa>1</tpa>
<ftm>0</ftm>
<fta>0</fta>
<oreb>0</oreb>
<dreb>6</dreb>
<reb>6</reb>
<ast>2</ast>
<stl>0</stl>
<blk>0</blk>
<to>3</to>
<pf>2</pf>
<pam>+4</pam>
<pts>2</pts>
<dnp>false</dnp>
</player>
<player>
<name>Vitor Faverani</name>
<pos>C</pos>
<start>false</start>
<min>4</min>
<fgm>0</fgm>
<fga>0</fga>
<tpm>0</tpm>
<tpa>0</tpa>
<ftm>0</ftm>
<fta>0</fta>
<oreb>0</oreb>
<dreb>0</dreb>
<reb>0</reb>
<ast>0</ast>
<stl>0</stl>
<blk>0</blk>
<to>0</to>
<pf>2</pf>
<pam>-12</pam>
<pts>0</pts>
<dnp>false</dnp>
</player>
<player>
<name>Phil Pressey</name>
<pos>PG</pos>
<start>false</start>
<min>3</min>
<fgm>1</fgm>
<fga>1</fga>
<tpm>0</tpm>
<tpa>0</tpa>
<ftm>0</ftm>
<fta>0</fta>
<oreb>0</oreb>
<dreb>0</dreb>
<reb>0</reb>
<ast>0</ast>
<stl>0</stl>
<blk>0</blk>
<to>0</to>
<pf>1</pf>
<pam>-2</pam>
<pts>2</pts>
<dnp>false</dnp>
</player>
<player>
<name>Courtney Lee</name>
<pos>SG</pos>
<start>false</start>
<min>19</min>
<fgm>1</fgm>
<fga>2</fga>
<tpm>0</tpm>
<tpa>0</tpa>
<ftm>2</ftm>
<fta>2</fta>
<oreb>0</oreb>
<dreb>0</dreb>
<reb>0</reb>
<ast>2</ast>
<stl>1</stl>
<blk>0</blk>
<to>1</to>
<pf>1</pf>
<pam>+3</pam>
<pts>4</pts>
<dnp>false</dnp>
</player>
<player>
<name>Kelly Olynyk</name>
<pos>C</pos>
<start>false</start>
<min>0</min>
<fgm>0</fgm>
<fga>0</fga>
<tpm>0</tpm>
<tpa>0</tpa>
<ftm>0</ftm>
<fta>0</fta>
<oreb>0</oreb>
<dreb>0</dreb>
<reb>0</reb>
<ast>0</ast>
<stl>0</stl>
<blk>0</blk>
<to>0</to>
<pf>0</pf>
<pam>0</pam>
<pts>0</pts>
<dnp>true</dnp>
</player>
<player>
<name>MarShon Brooks</name>
<pos>SG</pos>
<start>false</start>
<min>0</min>
<fgm>0</fgm>
<fga>0</fga>
<tpm>0</tpm>
<tpa>0</tpa>
<ftm>0</ftm>
<fta>0</fta>
<oreb>0</oreb>
<dreb>0</dreb>
<reb>0</reb>
<ast>0</ast>
<stl>0</stl>
<blk>0</blk>
<to>0</to>
<pf>0</pf>
<pam>0</pam>
<pts>0</pts>
<dnp>true</dnp>
</player>
<home>false</home>
<win>false</win>
<fgm>35</fgm>
<fga>80</fga>
<tpm>11</tpm>
<tpa>22</tpa>
<ftm>15</ftm>
<fta>21</fta>
<oreb>10</oreb>
<dreb>25</dreb>
<reb>35</reb>
<ast>14</ast>
<stl>8</stl>
<blk>1</blk>
<to>9</to>
<pf>22</pf>
<pts>96</pts>
</team>
<team>
<name>Brooklyn Nets</name>
<player>
<name>Alan Anderson</name>
<pos>SF</pos>
<start>true</start>
<min>35</min>
<fgm>6</fgm>
<fga>7</fga>
<tpm>1</tpm>
<tpa>2</tpa>
<ftm>2</ftm>
<fta>2</fta>
<oreb>1</oreb>
<dreb>3</dreb>
<reb>4</reb>
<ast>1</ast>
<stl>1</stl>
<blk>0</blk>
<to>0</to>
<pf>1</pf>
<pam>+2</pam>
<pts>15</pts>
<dnp>false</dnp>
</player>
<player>
<name>Kevin Garnett</name>
<pos>C</pos>
<start>true</start>
<min>26</min>
<fgm>5</fgm>
<fga>10</fga>
<tpm>0</tpm>
<tpa>0</tpa>
<ftm>1</ftm>
<fta>2</fta>
<oreb>2</oreb>
<dreb>7</dreb>
<reb>9</reb>
<ast>3</ast>
<stl>0</stl>
<blk>0</blk>
<to>0</to>
<pf>3</pf>
<pam>0</pam>
<pts>11</pts>
<dnp>false</dnp>
</player>
<player>
<name>Brook Lopez</name>
<pos>C</pos>
<start>true</start>
<min>37</min>
<fgm>10</fgm>
<fga>13</fga>
<tpm>0</tpm>
<tpa>0</tpa>
<ftm>4</ftm>
<fta>5</fta>
<oreb>1</oreb>
<dreb>2</dreb>
<reb>3</reb>
<ast>2</ast>
<stl>0</stl>
<blk>1</blk>
<to>1</to>
<pf>4</pf>
<pam>+18</pam>
<pts>24</pts>
<dnp>false</dnp>
</player>
<player>
<name>Deron Williams</name>
<pos>PG</pos>
<start>true</start>
<min>37</min>
<fgm>10</fgm>
<fga>16</fga>
<tpm>1</tpm>
<tpa>5</tpa>
<ftm>4</ftm>
<fta>7</fta>
<oreb>0</oreb>
<dreb>3</dreb>
<reb>3</reb>
<ast>7</ast>
<stl>0</stl>
<blk>0</blk>
<to>2</to>
<pf>1</pf>
<pam>+6</pam>
<pts>25</pts>
<dnp>false</dnp>
</player>
<player>
<name>Joe Johnson</name>
<pos>SG</pos>
<start>true</start>
<min>38</min>
<fgm>3</fgm>
<fga>9</fga>
<tpm>1</tpm>
<tpa>4</tpa>
<ftm>0</ftm>
<fta>0</fta>
<oreb>0</oreb>
<dreb>3</dreb>
<reb>3</reb>
<ast>0</ast>
<stl>0</stl>
<blk>0</blk>
<to>3</to>
<pf>1</pf>
<pam>+10</pam>
<pts>7</pts>
<dnp>false</dnp>
</player>
<player>
<name>Mason Plumlee</name>
<pos>PF</pos>
<start>false</start>
<min>11</min>
<fgm>0</fgm>
<fga>0</fga>
<tpm>0</tpm>
<tpa>0</tpa>
<ftm>4</ftm>
<fta>4</fta>
<oreb>0</oreb>
<dreb>1</dreb>
<reb>1</reb>
<ast>0</ast>
<stl>1</stl>
<blk>0</blk>
<to>1</to>
<pf>0</pf>
<pam>-10</pam>
<pts>4</pts>
<dnp>false</dnp>
</player>
<player>
<name>Tornike Shengelia</name>
<pos>SF</pos>
<start>false</start>
<min>1</min>
<fgm>0</fgm>
<fga>0</fga>
<tpm>0</tpm>
<tpa>0</tpa>
<ftm>0</ftm>
<fta>0</fta>
<oreb>0</oreb>
<dreb>1</dreb>
<reb>1</reb>
<ast>0</ast>
<stl>0</stl>
<blk>0</blk>
<to>0</to>
<pf>0</pf>
<pam>-3</pam>
<pts>0</pts>
<dnp>false</dnp>
</player>
<player>
<name>Paul Pierce</name>
<pos>SF</pos>
<start>false</start>
<min>22</min>
<fgm>0</fgm>
<fga>3</fga>
<tpm>0</tpm>
<tpa>1</tpa>
<ftm>4</ftm>
<fta>4</fta>
<oreb>1</oreb>
<dreb>6</dreb>
<reb>7</reb>
<ast>3</ast>
<stl>1</stl>
<blk>0</blk>
<to>3</to>
<pf>1</pf>
<pam>+7</pam>
<pts>4</pts>
<dnp>false</dnp>
</player>
<player>
<name>Andray Blatche</name>
<pos>C</pos>
<start>false</start>
<min>20</min>
<fgm>4</fgm>
<fga>11</fga>
<tpm>0</tpm>
<tpa>0</tpa>
<ftm>3</ftm>
<fta>3</fta>
<oreb>3</oreb>
<dreb>6</dreb>
<reb>9</reb>
<ast>2</ast>
<stl>1</stl>
<blk>1</blk>
<to>1</to>
<pf>1</pf>
<pam>+14</pam>
<pts>11</pts>
<dnp>false</dnp>
</player>
<player>
<name>Tyshawn Taylor</name>
<pos>PG</pos>
<start>false</start>
<min>1</min>
<fgm>0</fgm>
<fga>0</fga>
<tpm>0</tpm>
<tpa>0</tpa>
<ftm>0</ftm>
<fta>0</fta>
<oreb>0</oreb>
<dreb>0</dreb>
<reb>0</reb>
<ast>0</ast>
<stl>0</stl>
<blk>0</blk>
<to>0</to>
<pf>0</pf>
<pam>-3</pam>
<pts>0</pts>
<dnp>false</dnp>
</player>
<player>
<name>Shaun Livingston</name>
<pos>PG</pos>
<start>false</start>
<min>13</min>
<fgm>1</fgm>
<fga>1</fga>
<tpm>0</tpm>
<tpa>0</tpa>
<ftm>1</ftm>
<fta>1</fta>
<oreb>0</oreb>
<dreb>2</dreb>
<reb>2</reb>
<ast>1</ast>
<stl>0</stl>
<blk>0</blk>
<to>2</to>
<pf>4</pf>
<pam>-1</pam>
<pts>3</pts>
<dnp>false</dnp>
</player>
<player>
<name>Mirza Teletovic</name>
<pos>PF</pos>
<start>false</start>
<min>0</min>
<fgm>0</fgm>
<fga>0</fga>
<tpm>0</tpm>
<tpa>0</tpa>
<ftm>0</ftm>
<fta>0</fta>
<oreb>0</oreb>
<dreb>0</dreb>
<reb>0</reb>
<ast>0</ast>
<stl>0</stl>
<blk>0</blk>
<to>0</to>
<pf>0</pf>
<pam>0</pam>
<pts>0</pts>
<dnp>true</dnp>
</player>
<home>true</home>
<win>true</win>
<fgm>39</fgm>
<fga>70</fga>
<tpm>3</tpm>
<tpa>12</tpa>
<ftm>23</ftm>
<fta>28</fta>
<oreb>8</oreb>
<dreb>34</dreb>
<reb>42</reb>
<ast>19</ast>
<stl>4</stl>
<blk>2</blk>
<to>13</to>
<pf>16</pf>
<pts>104</pts>
</team>
</game>