<game>
<id>400489343</id>
<date>8:00 PM ET, January 1, 2014</date>
<team>
<name>New Orleans Pelicans</name>
<player>
<name>Ryan Anderson</name>
<pos>PF</pos>
<start>true</start>
<min>40</min>
<fgm>10</fgm>
<fga>17</fga>
<tpm>2</tpm>
<tpa>8</tpa>
<ftm>3</ftm>
<fta>3</fta>
<oreb>4</oreb>
<dreb>1</dreb>
<reb>5</reb>
<ast>2</ast>
<stl>0</stl>
<blk>0</blk>
<to>0</to>
<pf>3</pf>
<pam>-8</pam>
<pts>25</pts>
<dnp>false</dnp>
</player>
<player>
<name>Anthony Davis</name>
<pos>PF</pos>
<start>true</start>
<min>33</min>
<fgm>5</fgm>
<fga>9</fga>
<tpm>0</tpm>
<tpa>0</tpa>
<ftm>3</ftm>
<fta>6</fta>
<oreb>3</oreb>
<dreb>3</dreb>
<reb>6</reb>
<ast>0</ast>
<stl>1</stl>
<blk>4</blk>
<to>1</to>
<pf>4</pf>
<pam>-5</pam>
<pts>13</pts>
<dnp>false</dnp>
</player>
<player>
<name>Al-Farouq Aminu</name>
<pos>SF</pos>
<start>true</start>
<min>14</min>
<fgm>2</fgm>
<fga>6</fga>
<tpm>0</tpm>
<tpa>1</tpa>
<ftm>0</ftm>
<fta>0</fta>
<oreb>1</oreb>
<dreb>1</dreb>
<reb>2</reb>
<ast>2</ast>
<stl>1</stl>
<blk>0</blk>
<to>1</to>
<pf>1</pf>
<pam>-8</pam>
<pts>4</pts>
<dnp>false</dnp>
</player>
<player>
<name>Jrue Holiday</name>
<pos>PG</pos>
<start>true</start>
<min>22</min>
<fgm>8</fgm>
<fga>14</fga>
<tpm>1</tpm>
<tpa>2</tpa>
<ftm>2</ftm>
<fta>4</fta>
<oreb>1</oreb>
<dreb>2</dreb>
<reb>3</reb>
<ast>5</ast>
<stl>2</stl>
<blk>0</blk>
<to>4</to>
<pf>4</pf>
<pam>-2</pam>
<pts>19</pts>
<dnp>false</dnp>
</player>
<player>
<name>Eric Gordon</name>
<pos>SG</pos>
<start>true</start>
<min>29</min>
<fgm>5</fgm>
<fga>12</fga>
<tpm>0</tpm>
<tpa>4</tpa>
<ftm>2</ftm>
<fta>2</fta>
<oreb>1</oreb>
<dreb>4</dreb>
<reb>5</reb>
<ast>3</ast>
<stl>2</stl>
<blk>0</blk>
<to>4</to>
<pf>2</pf>
<pam>-24</pam>
<pts>12</pts>
<dnp>false</dnp>
</player>
<player>
<name>Darius Miller</name>
<pos>SF</pos>
<start>false</start>
<min>8</min>
<fgm>1</fgm>
<fga>1</fga>
<tpm>0</tpm>
<tpa>0</tpa>
<ftm>1</ftm>
<fta>1</fta>
<oreb>0</oreb>
<dreb>0</dreb>
<reb>0</reb>
<ast>1</ast>
<stl>0</stl>
<blk>0</blk>
<to>0</to>
<pf>0</pf>
<pam>+5</pam>
<pts>3</pts>
<dnp>false</dnp>
</player>
<player>
<name>Tyreke Evans</name>
<pos>SF</pos>
<start>false</start>
<min>28</min>
<fgm>6</fgm>
<fga>14</fga>
<tpm>1</tpm>
<tpa>1</tpa>
<ftm>3</ftm>
<fta>4</fta>
<oreb>0</oreb>
<dreb>7</dreb>
<reb>7</reb>
<ast>3</ast>
<stl>0</stl>
<blk>0</blk>
<to>1</to>
<pf>3</pf>
<pam>-18</pam>
<pts>16</pts>
<dnp>false</dnp>
</player>
<player>
<name>Greg Stiemsma</name>
<pos>C</pos>
<start>false</start>
<min>6</min>
<fgm>0</fgm>
<fga>0</fga>
<tpm>0</tpm>
<tpa>0</tpa>
<ftm>0</ftm>
<fta>0</fta>
<oreb>0</oreb>
<dreb>1</dreb>
<reb>1</reb>
<ast>0</ast>
<stl>0</stl>
<blk>0</blk>
<to>3</to>
<pf>2</pf>
<pam>-13</pam>
<pts>0</pts>
<dnp>false</dnp>
</player>
<player>
<name>Alexis Ajinca</name>
<pos>C</pos>
<start>false</start>
<min>12</min>
<fgm>1</fgm>
<fga>3</fga>
<tpm>0</tpm>
<tpa>0</tpa>
<ftm>0</ftm>
<fta>0</fta>
<oreb>1</oreb>
<dreb>1</dreb>
<reb>2</reb>
<ast>0</ast>
<stl>1</stl>
<blk>1</blk>
<to>2</to>
<pf>3</pf>
<pam>+1</pam>
<pts>2</pts>
<dnp>false</dnp>
</player>
<player>
<name>Jeff Withey</name>
<pos>C</pos>
<start>false</start>
<min>2</min>
<fgm>1</fgm>
<fga>1</fga>
<tpm>0</tpm>
<tpa>0</tpa>
<ftm>2</ftm>
<fta>2</fta>
<oreb>0</oreb>
<dreb>0</dreb>
<reb>0</reb>
<ast>0</ast>
<stl>0</stl>
<blk>0</blk>
<to>0</to>
<pf>0</pf>
<pam>+5</pam>
<pts>4</pts>
<dnp>false</dnp>
</player>
<player>
<name>Brian Roberts</name>
<pos>PG</pos>
<start>false</start>
<min>15</min>
<fgm>1</fgm>
<fga>3</fga>
<tpm>1</tpm>
<tpa>1</tpa>
<ftm>0</ftm>
<fta>0</fta>
<oreb>2</oreb>
<dreb>3</dreb>
<reb>5</reb>
<ast>4</ast>
<stl>0</stl>
<blk>0</blk>
<to>0</to>
<pf>1</pf>
<pam>+6</pam>
<pts>3</pts>
<dnp>false</dnp>
</player>
<player>
<name>Austin Rivers</name>
<pos>SG</pos>
<start>false</start>
<min>16</min>
<fgm>2</fgm>
<fga>3</fga>
<tpm>0</tpm>
<tpa>1</tpa>
<ftm>0</ftm>
<fta>0</fta>
<oreb>0</oreb>
<dreb>0</dreb>
<reb>0</reb>
<ast>0</ast>
<stl>1</stl>
<blk>0</blk>
<to>1</to>
<pf>2</pf>
<pam>+1</pam>
<pts>4</pts>
<dnp>false</dnp>
</player>
<home>false</home>
<win>false</win>
<fgm>45</fgm>
<fga>87</fga>
<tpm>6</tpm>
<tpa>20</tpa>
<ftm>16</ftm>
<fta>22</fta>
<oreb>13</oreb>
<dreb>24</dreb>
<reb>37</reb>
<ast>20</ast>
<stl>10</stl>
<blk>5</blk>
<to>17</to>
<pf>25</pf>
<pts>112</pts>
</team>
<team>
<name>Minnesota Timberwolves</name>
<player>
<name>Kevin Love</name>
<pos>PF</pos>
<start>true</start>
<min>35</min>
<fgm>7</fgm>
<fga>19</fga>
<tpm>1</tpm>
<tpa>7</tpa>
<ftm>6</ftm>
<fta>8</fta>
<oreb>2</oreb>
<dreb>4</dreb>
<reb>6</reb>
<ast>3</ast>
<stl>1</stl>
<blk>1</blk>
<to>2</to>
<pf>2</pf>
<pam>+21</pam>
<pts>21</pts>
<dnp>false</dnp>
</player>
<player>
<name>Corey Brewer</name>
<pos>SF</pos>
<start>true</start>
<min>23</min>
<fgm>2</fgm>
<fga>4</fga>
<tpm>1</tpm>
<tpa>1</tpa>
<ftm>0</ftm>
<fta>0</fta>
<oreb>2</oreb>
<dreb>3</dreb>
<reb>5</reb>
<ast>4</ast>
<stl>4</stl>
<blk>1</blk>
<to>1</to>
<pf>4</pf>
<pam>+17</pam>
<pts>5</pts>
<dnp>false</dnp>
</player>
<player>
<name>Nikola Pekovic</name>
<pos>C</pos>
<start>true</start>
<min>34</min>
<fgm>7</fgm>
<fga>12</fga>
<tpm>0</tpm>
<tpa>0</tpa>
<ftm>8</ftm>
<fta>11</fta>
<oreb>3</oreb>
<dreb>4</dreb>
<reb>7</reb>
<ast>0</ast>
<stl>1</stl>
<blk>0</blk>
<to>1</to>
<pf>3</pf>
<pam>+9</pam>
<pts>22</pts>
<dnp>false</dnp>
</player>
<player>
<name>Ricky Rubio</name>
<pos>PG</pos>
<start>true</start>
<min>33</min>
<fgm>4</fgm>
<fga>6</fga>
<tpm>1</tpm>
<tpa>1</tpa>
<ftm>5</ftm>
<fta>6</fta>
<oreb>1</oreb>
<dreb>7</dreb>
<reb>8</reb>
<ast>9</ast>
<stl>3</stl>
<blk>2</blk>
<to>3</to>
<pf>1</pf>
<pam>+18</pam>
<pts>14</pts>
<dnp>false</dnp>
</player>
<player>
<name>Kevin Martin</name>
<pos>SG</pos>
<start>true</start>
<min>31</min>
<fgm>8</fgm>
<fga>14</fga>
<tpm>0</tpm>
<tpa>3</tpa>
<ftm>4</ftm>
<fta>5</fta>
<oreb>1</oreb>
<dreb>2</dreb>
<reb>3</reb>
<ast>3</ast>
<stl>0</stl>
<blk>0</blk>
<to>1</to>
<pf>2</pf>
<pam>+20</pam>
<pts>20</pts>
<dnp>false</dnp>
</player>
<player>
<name>Dante Cunningham</name>
<pos>PF</pos>
<start>false</start>
<min>23</min>
<fgm>5</fgm>
<fga>6</fga>
<tpm>0</tpm>
<tpa>0</tpa>
<ftm>0</ftm>
<fta>0</fta>
<oreb>1</oreb>
<dreb>3</dreb>
<reb>4</reb>
<ast>0</ast>
<stl>0</stl>
<blk>1</blk>
<to>1</to>
<pf>4</pf>
<pam>+4</pam>
<pts>10</pts>
<dnp>false</dnp>
</player>
<player>
<name>Luc Richard Mbah a Moute</name>
<pos>PF</pos>
<start>false</start>
<min>15</min>
<fgm>1</fgm>
<fga>1</fga>
<tpm>0</tpm>
<tpa>0</tpa>
<ftm>1</ftm>
<fta>1</fta>
<oreb>0</oreb>
<dreb>1</dreb>
<reb>1</reb>
<ast>0</ast>
<stl>0</stl>
<blk>0</blk>
<to>2</to>
<pf>0</pf>
<pam>+6</pam>
<pts>3</pts>
<dnp>false</dnp>
</player>
<player>
<name>Robbie Hummel</name>
<pos>SF</pos>
<start>false</start>
<min>4</min>
<fgm>0</fgm>
<fga>2</fga>
<tpm>0</tpm>
<tpa>1</tpa>
<ftm>0</ftm>
<fta>0</fta>
<oreb>0</oreb>
<dreb>0</dreb>
<reb>0</reb>
<ast>0</ast>
<stl>0</stl>
<blk>0</blk>
<to>0</to>
<pf>0</pf>
<pam>-11</pam>
<pts>0</pts>
<dnp>false</dnp>
</player>
<player>
<name>Shabazz Muhammad</name>
<pos>SF</pos>
<start>false</start>
<min>2</min>
<fgm>1</fgm>
<fga>1</fga>
<tpm>0</tpm>
<tpa>0</tpa>
<ftm>0</ftm>
<fta>0</fta>
<oreb>0</oreb>
<dreb>0</dreb>
<reb>0</reb>
<ast>0</ast>
<stl>0</stl>
<blk>0</blk>
<to>1</to>
<pf>0</pf>
<pam>-5</pam>
<pts>2</pts>
<dnp>false</dnp>
</player>
<player>
<name>Gorgui Dieng</name>
<pos>C</pos>
<start>false</start>
<min>2</min>
<fgm>0</fgm>
<fga>1</fga>
<tpm>0</tpm>
<tpa>0</tpa>
<ftm>0</ftm>
<fta>0</fta>
<oreb>0</oreb>
<dreb>0</dreb>
<reb>0</reb>
<ast>0</ast>
<stl>0</stl>
<blk>0</blk>
<to>0</to>
<pf>1</pf>
<pam>-5</pam>
<pts>0</pts>
<dnp>false</dnp>
</player>
<player>
<name>Alexey Shved</name>
<pos>PG</pos>
<start>false</start>
<min>17</min>
<fgm>2</fgm>
<fga>4</fga>
<tpm>2</tpm>
<tpa>4</tpa>
<ftm>4</ftm>
<fta>4</fta>
<oreb>0</oreb>
<dreb>3</dreb>
<reb>3</reb>
<ast>2</ast>
<stl>1</stl>
<blk>1</blk>
<to>1</to>
<pf>3</pf>
<pam>-8</pam>
<pts>10</pts>
<dnp>false</dnp>
</player>
<player>
<name>A.J. Price</name>
<pos>PG</pos>
<start>false</start>
<min>2</min>
<fgm>0</fgm>
<fga>0</fga>
<tpm>0</tpm>
<tpa>0</tpa>
<ftm>0</ftm>
<fta>0</fta>
<oreb>0</oreb>
<dreb>0</dreb>
<reb>0</reb>
<ast>0</ast>
<stl>0</stl>
<blk>0</blk>
<to>0</to>
<pf>0</pf>
<pam>-5</pam>
<pts>0</pts>
<dnp>false</dnp>
</player>
<home>true</home>
<win>true</win>
<fgm>44</fgm>
<fga>79</fga>
<tpm>8</tpm>
<tpa>22</tpa>
<ftm>28</ftm>
<fta>35</fta>
<oreb>10</oreb>
<dreb>27</dreb>
<reb>37</reb>
<ast>26</ast>
<stl>10</stl>
<blk>6</blk>
<to>15</to>
<pf>20</pf>
<pts>124</pts>
</team>
</game>