<game>
<id>400489358</id>
<date>8:00 PM ET, January 3, 2014</date>
<team>
<name>New York Knicks</name>
<player>
<name>Carmelo Anthony</name>
<pos>SF</pos>
<start>true</start>
<min>38</min>
<fgm>10</fgm>
<fga>23</fga>
<tpm>2</tpm>
<tpa>4</tpa>
<ftm>3</ftm>
<fta>3</fta>
<oreb>1</oreb>
<dreb>7</dreb>
<reb>8</reb>
<ast>2</ast>
<stl>0</stl>
<blk>0</blk>
<to>2</to>
<pf>4</pf>
<pam>+12</pam>
<pts>25</pts>
<dnp>false</dnp>
</player>
<player>
<name>Tyson Chandler</name>
<pos>C</pos>
<start>true</start>
<min>27</min>
<fgm>4</fgm>
<fga>5</fga>
<tpm>0</tpm>
<tpa>0</tpa>
<ftm>5</ftm>
<fta>7</fta>
<oreb>5</oreb>
<dreb>6</dreb>
<reb>11</reb>
<ast>0</ast>
<stl>1</stl>
<blk>1</blk>
<to>1</to>
<pf>3</pf>
<pam>0</pam>
<pts>13</pts>
<dnp>false</dnp>
</player>
<player>
<name>Andrea Bargnani</name>
<pos>C</pos>
<start>true</start>
<min>30</min>
<fgm>3</fgm>
<fga>10</fga>
<tpm>0</tpm>
<tpa>3</tpa>
<ftm>1</ftm>
<fta>2</fta>
<oreb>4</oreb>
<dreb>4</dreb>
<reb>8</reb>
<ast>0</ast>
<stl>0</stl>
<blk>2</blk>
<to>2</to>
<pf>4</pf>
<pam>-2</pam>
<pts>7</pts>
<dnp>false</dnp>
</player>
<player>
<name>Beno Udrih</name>
<pos>PG</pos>
<start>true</start>
<min>34</min>
<fgm>5</fgm>
<fga>13</fga>
<tpm>0</tpm>
<tpa>1</tpa>
<ftm>0</ftm>
<fta>0</fta>
<oreb>1</oreb>
<dreb>3</dreb>
<reb>4</reb>
<ast>7</ast>
<stl>2</stl>
<blk>0</blk>
<to>0</to>
<pf>3</pf>
<pam>-1</pam>
<pts>10</pts>
<dnp>false</dnp>
</player>
<player>
<name>Iman Shumpert</name>
<pos>SG</pos>
<start>true</start>
<min>36</min>
<fgm>9</fgm>
<fga>14</fga>
<tpm>6</tpm>
<tpa>6</tpa>
<ftm>2</ftm>
<fta>2</fta>
<oreb>1</oreb>
<dreb>3</dreb>
<reb>4</reb>
<ast>5</ast>
<stl>1</stl>
<blk>0</blk>
<to>0</to>
<pf>3</pf>
<pam>+10</pam>
<pts>26</pts>
<dnp>false</dnp>
</player>
<player>
<name>Amar'e Stoudemire</name>
<pos>PF</pos>
<start>false</start>
<min>19</min>
<fgm>2</fgm>
<fga>6</fga>
<tpm>0</tpm>
<tpa>0</tpa>
<ftm>2</ftm>
<fta>2</fta>
<oreb>4</oreb>
<dreb>3</dreb>
<reb>7</reb>
<ast>0</ast>
<stl>2</stl>
<blk>0</blk>
<to>2</to>
<pf>2</pf>
<pam>-3</pam>
<pts>6</pts>
<dnp>false</dnp>
</player>
<player>
<name>Toure' Murry</name>
<pos>SG</pos>
<start>false</start>
<min>14</min>
<fgm>1</fgm>
<fga>4</fga>
<tpm>0</tpm>
<tpa>1</tpa>
<ftm>1</ftm>
<fta>4</fta>
<oreb>1</oreb>
<dreb>0</dreb>
<reb>1</reb>
<ast>4</ast>
<stl>1</stl>
<blk>0</blk>
<to>1</to>
<pf>2</pf>
<pam>-1</pam>
<pts>3</pts>
<dnp>false</dnp>
</player>
<player>
<name>Tim Hardaway Jr.</name>
<pos>SG</pos>
<start>false</start>
<min>11</min>
<fgm>0</fgm>
<fga>1</fga>
<tpm>0</tpm>
<tpa>1</tpa>
<ftm>1</ftm>
<fta>2</fta>
<oreb>0</oreb>
<dreb>1</dreb>
<reb>1</reb>
<ast>0</ast>
<stl>0</stl>
<blk>0</blk>
<to>0</to>
<pf>0</pf>
<pam>-14</pam>
<pts>1</pts>
<dnp>false</dnp>
</player>
<player>
<name>J.R. Smith</name>
<pos>SG</pos>
<start>false</start>
<min>31</min>
<fgm>3</fgm>
<fga>13</fga>
<tpm>1</tpm>
<tpa>8</tpa>
<ftm>2</ftm>
<fta>2</fta>
<oreb>0</oreb>
<dreb>0</dreb>
<reb>0</reb>
<ast>2</ast>
<stl>2</stl>
<blk>0</blk>
<to>0</to>
<pf>1</pf>
<pam>-11</pam>
<pts>9</pts>
<dnp>false</dnp>
</player>
<player>
<name>Jeremy Tyler</name>
<pos>PF</pos>
<start>false</start>
<min>0</min>
<fgm>0</fgm>
<fga>0</fga>
<tpm>0</tpm>
<tpa>0</tpa>
<ftm>0</ftm>
<fta>0</fta>
<oreb>0</oreb>
<dreb>0</dreb>
<reb>0</reb>
<ast>0</ast>
<stl>0</stl>
<blk>0</blk>
<to>0</to>
<pf>0</pf>
<pam>0</pam>
<pts>0</pts>
<dnp>true</dnp>
</player>
<player>
<name>Kenyon Martin</name>
<pos>PF</pos>
<start>false</start>
<min>0</min>
<fgm>0</fgm>
<fga>0</fga>
<tpm>0</tpm>
<tpa>0</tpa>
<ftm>0</ftm>
<fta>0</fta>
<oreb>0</oreb>
<dreb>0</dreb>
<reb>0</reb>
<ast>0</ast>
<stl>0</stl>
<blk>0</blk>
<to>0</to>
<pf>0</pf>
<pam>0</pam>
<pts>0</pts>
<dnp>true</dnp>
</player>
<player>
<name>Metta World Peace</name>
<pos>SF</pos>
<start>false</start>
<min>0</min>
<fgm>0</fgm>
<fga>0</fga>
<tpm>0</tpm>
<tpa>0</tpa>
<ftm>0</ftm>
<fta>0</fta>
<oreb>0</oreb>
<dreb>0</dreb>
<reb>0</reb>
<ast>0</ast>
<stl>0</stl>
<blk>0</blk>
<to>0</to>
<pf>0</pf>
<pam>0</pam>
<pts>0</pts>
<dnp>true</dnp>
</player>
<home>false</home>
<win>false</win>
<fgm>37</fgm>
<fga>89</fga>
<tpm>9</tpm>
<tpa>24</tpa>
<ftm>17</ftm>
<fta>24</fta>
<oreb>17</oreb>
<dreb>27</dreb>
<reb>44</reb>
<ast>20</ast>
<stl>9</stl>
<blk>3</blk>
<to>8</to>
<pf>22</pf>
<pts>100</pts>
</team>
<team>
<name>Houston Rockets</name>
<player>
<name>Terrence Jones</name>
<pos>PF</pos>
<start>true</start>
<min>30</min>
<fgm>3</fgm>
<fga>7</fga>
<tpm>0</tpm>
<tpa>0</tpa>
<ftm>0</ftm>
<fta>0</fta>
<oreb>3</oreb>
<dreb>6</dreb>
<reb>9</reb>
<ast>3</ast>
<stl>0</stl>
<blk>0</blk>
<to>2</to>
<pf>2</pf>
<pam>-13</pam>
<pts>6</pts>
<dnp>false</dnp>
</player>
<player>
<name>Chandler Parsons</name>
<pos>SF</pos>
<start>true</start>
<min>44</min>
<fgm>6</fgm>
<fga>13</fga>
<tpm>1</tpm>
<tpa>5</tpa>
<ftm>4</ftm>
<fta>5</fta>
<oreb>1</oreb>
<dreb>10</dreb>
<reb>11</reb>
<ast>2</ast>
<stl>3</stl>
<blk>0</blk>
<to>2</to>
<pf>2</pf>
<pam>-3</pam>
<pts>17</pts>
<dnp>false</dnp>
</player>
<player>
<name>Dwight Howard</name>
<pos>C</pos>
<start>true</start>
<min>38</min>
<fgm>6</fgm>
<fga>11</fga>
<tpm>0</tpm>
<tpa>0</tpa>
<ftm>3</ftm>
<fta>6</fta>
<oreb>2</oreb>
<dreb>5</dreb>
<reb>7</reb>
<ast>0</ast>
<stl>1</stl>
<blk>3</blk>
<to>1</to>
<pf>3</pf>
<pam>-8</pam>
<pts>15</pts>
<dnp>false</dnp>
</player>
<player>
<name>Jeremy Lin</name>
<pos>PG</pos>
<start>true</start>
<min>28</min>
<fgm>5</fgm>
<fga>11</fga>
<tpm>1</tpm>
<tpa>2</tpa>
<ftm>3</ftm>
<fta>3</fta>
<oreb>1</oreb>
<dreb>1</dreb>
<reb>2</reb>
<ast>4</ast>
<stl>0</stl>
<blk>0</blk>
<to>3</to>
<pf>2</pf>
<pam>-1</pam>
<pts>14</pts>
<dnp>false</dnp>
</player>
<player>
<name>James Harden</name>
<pos>SG</pos>
<start>true</start>
<min>44</min>
<fgm>10</fgm>
<fga>19</fga>
<tpm>5</tpm>
<tpa>10</tpa>
<ftm>12</ftm>
<fta>12</fta>
<oreb>2</oreb>
<dreb>5</dreb>
<reb>7</reb>
<ast>6</ast>
<stl>0</stl>
<blk>0</blk>
<to>5</to>
<pf>2</pf>
<pam>-2</pam>
<pts>37</pts>
<dnp>false</dnp>
</player>
<player>
<name>Greg Smith</name>
<pos>PF</pos>
<start>false</start>
<min>10</min>
<fgm>0</fgm>
<fga>0</fga>
<tpm>0</tpm>
<tpa>0</tpa>
<ftm>0</ftm>
<fta>0</fta>
<oreb>0</oreb>
<dreb>1</dreb>
<reb>1</reb>
<ast>0</ast>
<stl>0</stl>
<blk>0</blk>
<to>0</to>
<pf>0</pf>
<pam>+10</pam>
<pts>0</pts>
<dnp>false</dnp>
</player>
<player>
<name>Omri Casspi</name>
<pos>SF</pos>
<start>false</start>
<min>6</min>
<fgm>2</fgm>
<fga>3</fga>
<tpm>1</tpm>
<tpa>2</tpa>
<ftm>0</ftm>
<fta>0</fta>
<oreb>0</oreb>
<dreb>1</dreb>
<reb>1</reb>
<ast>0</ast>
<stl>0</stl>
<blk>0</blk>
<to>0</to>
<pf>0</pf>
<pam>+5</pam>
<pts>5</pts>
<dnp>false</dnp>
</player>
<player>
<name>Aaron Brooks</name>
<pos>PG</pos>
<start>false</start>
<min>20</min>
<fgm>1</fgm>
<fga>8</fga>
<tpm>1</tpm>
<tpa>5</tpa>
<ftm>2</ftm>
<fta>2</fta>
<oreb>1</oreb>
<dreb>1</dreb>
<reb>2</reb>
<ast>1</ast>
<stl>0</stl>
<blk>0</blk>
<to>2</to>
<pf>4</pf>
<pam>+3</pam>
<pts>5</pts>
<dnp>false</dnp>
</player>
<player>
<name>Francisco Garcia</name>
<pos>SG</pos>
<start>false</start>
<min>19</min>
<fgm>1</fgm>
<fga>2</fga>
<tpm>1</tpm>
<tpa>2</tpa>
<ftm>0</ftm>
<fta>0</fta>
<oreb>0</oreb>
<dreb>4</dreb>
<reb>4</reb>
<ast>0</ast>
<stl>0</stl>
<blk>1</blk>
<to>0</to>
<pf>4</pf>
<pam>+19</pam>
<pts>3</pts>
<dnp>false</dnp>
</player>
<player>
<name>Donatas Motiejunas</name>
<pos>PF</pos>
<start>false</start>
<min>0</min>
<fgm>0</fgm>
<fga>0</fga>
<tpm>0</tpm>
<tpa>0</tpa>
<ftm>0</ftm>
<fta>0</fta>
<oreb>0</oreb>
<dreb>0</dreb>
<reb>0</reb>
<ast>0</ast>
<stl>0</stl>
<blk>0</blk>
<to>0</to>
<pf>0</pf>
<pam>0</pam>
<pts>0</pts>
<dnp>true</dnp>
</player>
<player>
<name>Ronnie Brewer</name>
<pos>SF</pos>
<start>false</start>
<min>0</min>
<fgm>0</fgm>
<fga>0</fga>
<tpm>0</tpm>
<tpa>0</tpa>
<ftm>0</ftm>
<fta>0</fta>
<oreb>0</oreb>
<dreb>0</dreb>
<reb>0</reb>
<ast>0</ast>
<stl>0</stl>
<blk>0</blk>
<to>0</to>
<pf>0</pf>
<pam>0</pam>
<pts>0</pts>
<dnp>true</dnp>
</player>
<player>
<name>Omer Asik</name>
<pos>C</pos>
<start>false</start>
<min>0</min>
<fgm>0</fgm>
<fga>0</fga>
<tpm>0</tpm>
<tpa>0</tpa>
<ftm>0</ftm>
<fta>0</fta>
<oreb>0</oreb>
<dreb>0</dreb>
<reb>0</reb>
<ast>0</ast>
<stl>0</stl>
<blk>0</blk>
<to>0</to>
<pf>0</pf>
<pam>0</pam>
<pts>0</pts>
<dnp>true</dnp>
</player>
<home>true</home>
<win>true</win>
<fgm>34</fgm>
<fga>74</fga>
<tpm>10</tpm>
<tpa>26</tpa>
<ftm>24</ftm>
<fta>28</fta>
<oreb>10</oreb>
<dreb>34</dreb>
<reb>44</reb>
<ast>16</ast>
<stl>4</stl>
<blk>4</blk>
<to>15</to>
<pf>19</pf>
<pts>102</pts>
</team>
</game>