<game>
<id>400489018</id>
<date>10:30 PM ET, November 16, 2013</date>
<team>
<name>Utah Jazz</name>
<player>
<name>Richard Jefferson</name>
<pos>SF</pos>
<start>true</start>
<min>34</min>
<fgm>4</fgm>
<fga>10</fga>
<tpm>2</tpm>
<tpa>5</tpa>
<ftm>2</ftm>
<fta>2</fta>
<oreb>0</oreb>
<dreb>2</dreb>
<reb>2</reb>
<ast>5</ast>
<stl>1</stl>
<blk>1</blk>
<to>1</to>
<pf>0</pf>
<pam>-14</pam>
<pts>12</pts>
<dnp>false</dnp>
</player>
<player>
<name>Derrick Favors</name>
<pos>C</pos>
<start>true</start>
<min>34</min>
<fgm>8</fgm>
<fga>12</fga>
<tpm>0</tpm>
<tpa>0</tpa>
<ftm>1</ftm>
<fta>2</fta>
<oreb>2</oreb>
<dreb>5</dreb>
<reb>7</reb>
<ast>1</ast>
<stl>1</stl>
<blk>1</blk>
<to>2</to>
<pf>3</pf>
<pam>-15</pam>
<pts>17</pts>
<dnp>false</dnp>
</player>
<player>
<name>Enes Kanter</name>
<pos>C</pos>
<start>true</start>
<min>28</min>
<fgm>5</fgm>
<fga>12</fga>
<tpm>0</tpm>
<tpa>0</tpa>
<ftm>0</ftm>
<fta>0</fta>
<oreb>1</oreb>
<dreb>4</dreb>
<reb>5</reb>
<ast>2</ast>
<stl>0</stl>
<blk>2</blk>
<to>2</to>
<pf>3</pf>
<pam>-4</pam>
<pts>10</pts>
<dnp>false</dnp>
</player>
<player>
<name>Alec Burks</name>
<pos>PG</pos>
<start>true</start>
<min>26</min>
<fgm>3</fgm>
<fga>11</fga>
<tpm>0</tpm>
<tpa>2</tpa>
<ftm>2</ftm>
<fta>2</fta>
<oreb>0</oreb>
<dreb>2</dreb>
<reb>2</reb>
<ast>4</ast>
<stl>2</stl>
<blk>0</blk>
<to>2</to>
<pf>0</pf>
<pam>-12</pam>
<pts>8</pts>
<dnp>false</dnp>
</player>
<player>
<name>Gordon Hayward</name>
<pos>SG</pos>
<start>true</start>
<min>35</min>
<fgm>5</fgm>
<fga>12</fga>
<tpm>2</tpm>
<tpa>3</tpa>
<ftm>2</ftm>
<fta>4</fta>
<oreb>0</oreb>
<dreb>2</dreb>
<reb>2</reb>
<ast>2</ast>
<stl>1</stl>
<blk>0</blk>
<to>3</to>
<pf>2</pf>
<pam>-13</pam>
<pts>14</pts>
<dnp>false</dnp>
</player>
<player>
<name>Marvin Williams</name>
<pos>PF</pos>
<start>false</start>
<min>26</min>
<fgm>5</fgm>
<fga>9</fga>
<tpm>3</tpm>
<tpa>5</tpa>
<ftm>1</ftm>
<fta>2</fta>
<oreb>3</oreb>
<dreb>3</dreb>
<reb>6</reb>
<ast>0</ast>
<stl>1</stl>
<blk>0</blk>
<to>4</to>
<pf>6</pf>
<pam>-12</pam>
<pts>14</pts>
<dnp>false</dnp>
</player>
<player>
<name>Mike Harris</name>
<pos>SF</pos>
<start>false</start>
<min>10</min>
<fgm>0</fgm>
<fga>1</fga>
<tpm>0</tpm>
<tpa>0</tpa>
<ftm>2</ftm>
<fta>2</fta>
<oreb>0</oreb>
<dreb>2</dreb>
<reb>2</reb>
<ast>0</ast>
<stl>1</stl>
<blk>1</blk>
<to>0</to>
<pf>1</pf>
<pam>+1</pam>
<pts>2</pts>
<dnp>false</dnp>
</player>
<player>
<name>Rudy Gobert</name>
<pos>C</pos>
<start>false</start>
<min>9</min>
<fgm>0</fgm>
<fga>0</fga>
<tpm>0</tpm>
<tpa>0</tpa>
<ftm>0</ftm>
<fta>2</fta>
<oreb>0</oreb>
<dreb>3</dreb>
<reb>3</reb>
<ast>0</ast>
<stl>0</stl>
<blk>0</blk>
<to>2</to>
<pf>0</pf>
<pam>-2</pam>
<pts>0</pts>
<dnp>false</dnp>
</player>
<player>
<name>Diante Garrett</name>
<pos>PG</pos>
<start>false</start>
<min>10</min>
<fgm>1</fgm>
<fga>6</fga>
<tpm>0</tpm>
<tpa>1</tpa>
<ftm>0</ftm>
<fta>0</fta>
<oreb>1</oreb>
<dreb>1</dreb>
<reb>2</reb>
<ast>0</ast>
<stl>0</stl>
<blk>0</blk>
<to>1</to>
<pf>1</pf>
<pam>-2</pam>
<pts>2</pts>
<dnp>false</dnp>
</player>
<player>
<name>John Lucas III</name>
<pos>PG</pos>
<start>false</start>
<min>25</min>
<fgm>3</fgm>
<fga>3</fga>
<tpm>1</tpm>
<tpa>1</tpa>
<ftm>0</ftm>
<fta>0</fta>
<oreb>0</oreb>
<dreb>1</dreb>
<reb>1</reb>
<ast>4</ast>
<stl>0</stl>
<blk>0</blk>
<to>0</to>
<pf>2</pf>
<pam>-1</pam>
<pts>7</pts>
<dnp>false</dnp>
</player>
<player>
<name>Ian Clark</name>
<pos>SG</pos>
<start>false</start>
<min>3</min>
<fgm>1</fgm>
<fga>1</fga>
<tpm>0</tpm>
<tpa>0</tpa>
<ftm>0</ftm>
<fta>0</fta>
<oreb>0</oreb>
<dreb>0</dreb>
<reb>0</reb>
<ast>0</ast>
<stl>0</stl>
<blk>0</blk>
<to>0</to>
<pf>0</pf>
<pam>+4</pam>
<pts>2</pts>
<dnp>false</dnp>
</player>
<home>false</home>
<win>false</win>
<fgm>35</fgm>
<fga>77</fga>
<tpm>8</tpm>
<tpa>17</tpa>
<ftm>10</ftm>
<fta>16</fta>
<oreb>7</oreb>
<dreb>25</dreb>
<reb>32</reb>
<ast>18</ast>
<stl>7</stl>
<blk>5</blk>
<to>17</to>
<pf>18</pf>
<pts>88</pts>
</team>
<team>
<name>Golden State Warriors</name>
<player>
<name>David Lee</name>
<pos>PF</pos>
<start>true</start>
<min>27</min>
<fgm>5</fgm>
<fga>10</fga>
<tpm>0</tpm>
<tpa>0</tpa>
<ftm>3</ftm>
<fta>4</fta>
<oreb>0</oreb>
<dreb>5</dreb>
<reb>5</reb>
<ast>1</ast>
<stl>0</stl>
<blk>0</blk>
<to>1</to>
<pf>2</pf>
<pam>+5</pam>
<pts>13</pts>
<dnp>false</dnp>
</player>
<player>
<name>Andre Iguodala</name>
<pos>SF</pos>
<start>true</start>
<min>38</min>
<fgm>6</fgm>
<fga>8</fga>
<tpm>3</tpm>
<tpa>5</tpa>
<ftm>1</ftm>
<fta>2</fta>
<oreb>0</oreb>
<dreb>6</dreb>
<reb>6</reb>
<ast>3</ast>
<stl>4</stl>
<blk>0</blk>
<to>2</to>
<pf>3</pf>
<pam>+14</pam>
<pts>16</pts>
<dnp>false</dnp>
</player>
<player>
<name>Andrew Bogut</name>
<pos>C</pos>
<start>true</start>
<min>30</min>
<fgm>5</fgm>
<fga>7</fga>
<tpm>0</tpm>
<tpa>0</tpa>
<ftm>2</ftm>
<fta>2</fta>
<oreb>5</oreb>
<dreb>6</dreb>
<reb>11</reb>
<ast>2</ast>
<stl>0</stl>
<blk>2</blk>
<to>2</to>
<pf>4</pf>
<pam>+10</pam>
<pts>12</pts>
<dnp>false</dnp>
</player>
<player>
<name>Stephen Curry</name>
<pos>PG</pos>
<start>true</start>
<min>39</min>
<fgm>7</fgm>
<fga>20</fga>
<tpm>0</tpm>
<tpa>5</tpa>
<ftm>1</ftm>
<fta>2</fta>
<oreb>0</oreb>
<dreb>3</dreb>
<reb>3</reb>
<ast>11</ast>
<stl>1</stl>
<blk>0</blk>
<to>0</to>
<pf>1</pf>
<pam>+18</pam>
<pts>15</pts>
<dnp>false</dnp>
</player>
<player>
<name>Klay Thompson</name>
<pos>SG</pos>
<start>true</start>
<min>40</min>
<fgm>9</fgm>
<fga>14</fga>
<tpm>5</tpm>
<tpa>8</tpa>
<ftm>2</ftm>
<fta>2</fta>
<oreb>1</oreb>
<dreb>3</dreb>
<reb>4</reb>
<ast>2</ast>
<stl>0</stl>
<blk>0</blk>
<to>2</to>
<pf>0</pf>
<pam>+21</pam>
<pts>25</pts>
<dnp>false</dnp>
</player>
<player>
<name>Marreese Speights</name>
<pos>PF</pos>
<start>false</start>
<min>8</min>
<fgm>0</fgm>
<fga>3</fga>
<tpm>0</tpm>
<tpa>0</tpa>
<ftm>0</ftm>
<fta>0</fta>
<oreb>3</oreb>
<dreb>2</dreb>
<reb>5</reb>
<ast>0</ast>
<stl>0</stl>
<blk>1</blk>
<to>1</to>
<pf>2</pf>
<pam>+6</pam>
<pts>0</pts>
<dnp>false</dnp>
</player>
<player>
<name>Harrison Barnes</name>
<pos>SF</pos>
<start>false</start>
<min>29</min>
<fgm>5</fgm>
<fga>10</fga>
<tpm>1</tpm>
<tpa>1</tpa>
<ftm>0</ftm>
<fta>0</fta>
<oreb>0</oreb>
<dreb>3</dreb>
<reb>3</reb>
<ast>2</ast>
<stl>2</stl>
<blk>0</blk>
<to>2</to>
<pf>1</pf>
<pam>+9</pam>
<pts>11</pts>
<dnp>false</dnp>
</player>
<player>
<name>Draymond Green</name>
<pos>SF</pos>
<start>false</start>
<min>9</min>
<fgm>1</fgm>
<fga>4</fga>
<tpm>0</tpm>
<tpa>2</tpa>
<ftm>0</ftm>
<fta>0</fta>
<oreb>0</oreb>
<dreb>0</dreb>
<reb>0</reb>
<ast>1</ast>
<stl>0</stl>
<blk>0</blk>
<to>1</to>
<pf>1</pf>
<pam>-4</pam>
<pts>2</pts>
<dnp>false</dnp>
</player>
<player>
<name>Jermaine O'Neal</name>
<pos>C</pos>
<start>false</start>
<min>12</min>
<fgm>2</fgm>
<fga>2</fga>
<tpm>0</tpm>
<tpa>0</tpa>
<ftm>2</ftm>
<fta>2</fta>
<oreb>1</oreb>
<dreb>3</dreb>
<reb>4</reb>
<ast>0</ast>
<stl>0</stl>
<blk>1</blk>
<to>3</to>
<pf>3</pf>
<pam>+3</pam>
<pts>6</pts>
<dnp>false</dnp>
</player>
<player>
<name>Ognjen Kuzmic</name>
<pos>C</pos>
<start>false</start>
<min>3</min>
<fgm>0</fgm>
<fga>0</fga>
<tpm>0</tpm>
<tpa>0</tpa>
<ftm>0</ftm>
<fta>0</fta>
<oreb>0</oreb>
<dreb>1</dreb>
<reb>1</reb>
<ast>0</ast>
<stl>0</stl>
<blk>1</blk>
<to>1</to>
<pf>2</pf>
<pam>-4</pam>
<pts>0</pts>
<dnp>false</dnp>
</player>
<player>
<name>Nemanja Nedovic</name>
<pos>PG</pos>
<start>false</start>
<min>3</min>
<fgm>0</fgm>
<fga>1</fga>
<tpm>0</tpm>
<tpa>0</tpa>
<ftm>0</ftm>
<fta>0</fta>
<oreb>0</oreb>
<dreb>0</dreb>
<reb>0</reb>
<ast>2</ast>
<stl>0</stl>
<blk>0</blk>
<to>0</to>
<pf>0</pf>
<pam>-4</pam>
<pts>0</pts>
<dnp>false</dnp>
</player>
<player>
<name>Kent Bazemore</name>
<pos>SG</pos>
<start>false</start>
<min>3</min>
<fgm>1</fgm>
<fga>1</fga>
<tpm>0</tpm>
<tpa>0</tpa>
<ftm>0</ftm>
<fta>0</fta>
<oreb>0</oreb>
<dreb>0</dreb>
<reb>0</reb>
<ast>0</ast>
<stl>0</stl>
<blk>0</blk>
<to>0</to>
<pf>0</pf>
<pam>-4</pam>
<pts>2</pts>
<dnp>false</dnp>
</player>
<home>true</home>
<win>true</win>
<fgm>41</fgm>
<fga>80</fga>
<tpm>9</tpm>
<tpa>21</tpa>
<ftm>11</ftm>
<fta>14</fta>
<oreb>10</oreb>
<dreb>32</dreb>
<reb>42</reb>
<ast>24</ast>
<stl>7</stl>
<blk>5</blk>
<to>15</to>
<pf>19</pf>
<pts>102</pts>
</team>
</game>