<game>
<id>400489060</id>
<date>3:30 PM ET, November 23, 2013</date>
<team>
<name>Sacramento Kings</name>
<player>
<name>Luc Richard Mbah a Moute</name>
<pos>PF</pos>
<start>true</start>
<min>28</min>
<fgm>2</fgm>
<fga>4</fga>
<tpm>0</tpm>
<tpa>0</tpa>
<ftm>2</ftm>
<fta>2</fta>
<oreb>1</oreb>
<dreb>3</dreb>
<reb>4</reb>
<ast>3</ast>
<stl>1</stl>
<blk>1</blk>
<to>1</to>
<pf>6</pf>
<pam>0</pam>
<pts>6</pts>
<dnp>false</dnp>
</player>
<player>
<name>Jason Thompson</name>
<pos>PF</pos>
<start>true</start>
<min>10</min>
<fgm>3</fgm>
<fga>6</fga>
<tpm>0</tpm>
<tpa>0</tpa>
<ftm>0</ftm>
<fta>0</fta>
<oreb>1</oreb>
<dreb>3</dreb>
<reb>4</reb>
<ast>0</ast>
<stl>1</stl>
<blk>0</blk>
<to>1</to>
<pf>4</pf>
<pam>+5</pam>
<pts>6</pts>
<dnp>false</dnp>
</player>
<player>
<name>DeMarcus Cousins</name>
<pos>C</pos>
<start>true</start>
<min>38</min>
<fgm>10</fgm>
<fga>22</fga>
<tpm>0</tpm>
<tpa>0</tpa>
<ftm>3</ftm>
<fta>6</fta>
<oreb>3</oreb>
<dreb>16</dreb>
<reb>19</reb>
<ast>7</ast>
<stl>1</stl>
<blk>0</blk>
<to>3</to>
<pf>5</pf>
<pam>-3</pam>
<pts>23</pts>
<dnp>false</dnp>
</player>
<player>
<name>Greivis Vasquez</name>
<pos>PG</pos>
<start>true</start>
<min>15</min>
<fgm>1</fgm>
<fga>3</fga>
<tpm>0</tpm>
<tpa>2</tpa>
<ftm>0</ftm>
<fta>0</fta>
<oreb>0</oreb>
<dreb>1</dreb>
<reb>1</reb>
<ast>2</ast>
<stl>0</stl>
<blk>0</blk>
<to>0</to>
<pf>1</pf>
<pam>-8</pam>
<pts>2</pts>
<dnp>false</dnp>
</player>
<player>
<name>Ben McLemore</name>
<pos>SG</pos>
<start>true</start>
<min>16</min>
<fgm>2</fgm>
<fga>7</fga>
<tpm>1</tpm>
<tpa>2</tpa>
<ftm>0</ftm>
<fta>0</fta>
<oreb>0</oreb>
<dreb>1</dreb>
<reb>1</reb>
<ast>1</ast>
<stl>1</stl>
<blk>0</blk>
<to>1</to>
<pf>4</pf>
<pam>-14</pam>
<pts>5</pts>
<dnp>false</dnp>
</player>
<player>
<name>Patrick Patterson</name>
<pos>PF</pos>
<start>false</start>
<min>32</min>
<fgm>8</fgm>
<fga>16</fga>
<tpm>0</tpm>
<tpa>2</tpa>
<ftm>5</ftm>
<fta>7</fta>
<oreb>3</oreb>
<dreb>4</dreb>
<reb>7</reb>
<ast>1</ast>
<stl>2</stl>
<blk>0</blk>
<to>1</to>
<pf>5</pf>
<pam>-12</pam>
<pts>21</pts>
<dnp>false</dnp>
</player>
<player>
<name>Chuck Hayes</name>
<pos>PF</pos>
<start>false</start>
<min>6</min>
<fgm>1</fgm>
<fga>2</fga>
<tpm>0</tpm>
<tpa>0</tpa>
<ftm>0</ftm>
<fta>0</fta>
<oreb>2</oreb>
<dreb>0</dreb>
<reb>2</reb>
<ast>1</ast>
<stl>0</stl>
<blk>0</blk>
<to>0</to>
<pf>0</pf>
<pam>-4</pam>
<pts>2</pts>
<dnp>false</dnp>
</player>
<player>
<name>John Salmons</name>
<pos>SF</pos>
<start>false</start>
<min>35</min>
<fgm>2</fgm>
<fga>6</fga>
<tpm>1</tpm>
<tpa>2</tpa>
<ftm>0</ftm>
<fta>0</fta>
<oreb>0</oreb>
<dreb>1</dreb>
<reb>1</reb>
<ast>4</ast>
<stl>1</stl>
<blk>1</blk>
<to>1</to>
<pf>1</pf>
<pam>+15</pam>
<pts>5</pts>
<dnp>false</dnp>
</player>
<player>
<name>Travis Outlaw</name>
<pos>SF</pos>
<start>false</start>
<min>18</min>
<fgm>3</fgm>
<fga>9</fga>
<tpm>2</tpm>
<tpa>5</tpa>
<ftm>0</ftm>
<fta>0</fta>
<oreb>1</oreb>
<dreb>4</dreb>
<reb>5</reb>
<ast>2</ast>
<stl>0</stl>
<blk>2</blk>
<to>0</to>
<pf>4</pf>
<pam>+11</pam>
<pts>8</pts>
<dnp>false</dnp>
</player>
<player>
<name>Hamady Ndiaye</name>
<pos>C</pos>
<start>false</start>
<min>4</min>
<fgm>0</fgm>
<fga>0</fga>
<tpm>0</tpm>
<tpa>0</tpa>
<ftm>0</ftm>
<fta>0</fta>
<oreb>0</oreb>
<dreb>0</dreb>
<reb>0</reb>
<ast>0</ast>
<stl>0</stl>
<blk>0</blk>
<to>0</to>
<pf>0</pf>
<pam>+6</pam>
<pts>0</pts>
<dnp>false</dnp>
</player>
<player>
<name>Jimmer Fredette</name>
<pos>PG</pos>
<start>false</start>
<min>5</min>
<fgm>0</fgm>
<fga>1</fga>
<tpm>0</tpm>
<tpa>1</tpa>
<ftm>2</ftm>
<fta>2</fta>
<oreb>0</oreb>
<dreb>0</dreb>
<reb>0</reb>
<ast>0</ast>
<stl>0</stl>
<blk>0</blk>
<to>0</to>
<pf>1</pf>
<pam>-8</pam>
<pts>2</pts>
<dnp>false</dnp>
</player>
<player>
<name>Isaiah Thomas</name>
<pos>PG</pos>
<start>false</start>
<min>33</min>
<fgm>5</fgm>
<fga>12</fga>
<tpm>1</tpm>
<tpa>3</tpa>
<ftm>11</ftm>
<fta>13</fta>
<oreb>0</oreb>
<dreb>2</dreb>
<reb>2</reb>
<ast>5</ast>
<stl>1</stl>
<blk>0</blk>
<to>2</to>
<pf>2</pf>
<pam>+7</pam>
<pts>22</pts>
<dnp>false</dnp>
</player>
<home>false</home>
<win>false</win>
<fgm>37</fgm>
<fga>88</fga>
<tpm>5</tpm>
<tpa>17</tpa>
<ftm>23</ftm>
<fta>30</fta>
<oreb>11</oreb>
<dreb>35</dreb>
<reb>46</reb>
<ast>26</ast>
<stl>8</stl>
<blk>4</blk>
<to>10</to>
<pf>33</pf>
<pts>102</pts>
</team>
<team>
<name>Los Angeles Clippers</name>
<player>
<name>Blake Griffin</name>
<pos>PF</pos>
<start>true</start>
<min>40</min>
<fgm>3</fgm>
<fga>10</fga>
<tpm>1</tpm>
<tpa>2</tpa>
<ftm>9</ftm>
<fta>13</fta>
<oreb>3</oreb>
<dreb>7</dreb>
<reb>10</reb>
<ast>4</ast>
<stl>1</stl>
<blk>0</blk>
<to>6</to>
<pf>5</pf>
<pam>+4</pam>
<pts>16</pts>
<dnp>false</dnp>
</player>
<player>
<name>Jared Dudley</name>
<pos>SF</pos>
<start>true</start>
<min>28</min>
<fgm>4</fgm>
<fga>7</fga>
<tpm>3</tpm>
<tpa>5</tpa>
<ftm>0</ftm>
<fta>2</fta>
<oreb>0</oreb>
<dreb>2</dreb>
<reb>2</reb>
<ast>2</ast>
<stl>0</stl>
<blk>1</blk>
<to>0</to>
<pf>2</pf>
<pam>-1</pam>
<pts>11</pts>
<dnp>false</dnp>
</player>
<player>
<name>DeAndre Jordan</name>
<pos>C</pos>
<start>true</start>
<min>38</min>
<fgm>6</fgm>
<fga>6</fga>
<tpm>0</tpm>
<tpa>0</tpa>
<ftm>5</ftm>
<fta>14</fta>
<oreb>1</oreb>
<dreb>11</dreb>
<reb>12</reb>
<ast>0</ast>
<stl>2</stl>
<blk>2</blk>
<to>2</to>
<pf>4</pf>
<pam>-12</pam>
<pts>17</pts>
<dnp>false</dnp>
</player>
<player>
<name>Chris Paul</name>
<pos>PG</pos>
<start>true</start>
<min>38</min>
<fgm>7</fgm>
<fga>13</fga>
<tpm>3</tpm>
<tpa>4</tpa>
<ftm>5</ftm>
<fta>8</fta>
<oreb>0</oreb>
<dreb>6</dreb>
<reb>6</reb>
<ast>9</ast>
<stl>1</stl>
<blk>0</blk>
<to>2</to>
<pf>5</pf>
<pam>+3</pam>
<pts>22</pts>
<dnp>false</dnp>
</player>
<player>
<name>J.J. Redick</name>
<pos>SG</pos>
<start>true</start>
<min>31</min>
<fgm>5</fgm>
<fga>11</fga>
<tpm>1</tpm>
<tpa>3</tpa>
<ftm>4</ftm>
<fta>5</fta>
<oreb>0</oreb>
<dreb>0</dreb>
<reb>0</reb>
<ast>1</ast>
<stl>0</stl>
<blk>1</blk>
<to>3</to>
<pf>1</pf>
<pam>+1</pam>
<pts>15</pts>
<dnp>false</dnp>
</player>
<player>
<name>Byron Mullens</name>
<pos>C</pos>
<start>false</start>
<min>7</min>
<fgm>0</fgm>
<fga>0</fga>
<tpm>0</tpm>
<tpa>0</tpa>
<ftm>0</ftm>
<fta>0</fta>
<oreb>0</oreb>
<dreb>0</dreb>
<reb>0</reb>
<ast>2</ast>
<stl>0</stl>
<blk>0</blk>
<to>0</to>
<pf>3</pf>
<pam>-3</pam>
<pts>0</pts>
<dnp>false</dnp>
</player>
<player>
<name>Ryan Hollins</name>
<pos>C</pos>
<start>false</start>
<min>9</min>
<fgm>2</fgm>
<fga>2</fga>
<tpm>0</tpm>
<tpa>0</tpa>
<ftm>0</ftm>
<fta>0</fta>
<oreb>0</oreb>
<dreb>4</dreb>
<reb>4</reb>
<ast>0</ast>
<stl>0</stl>
<blk>1</blk>
<to>2</to>
<pf>1</pf>
<pam>+3</pam>
<pts>4</pts>
<dnp>false</dnp>
</player>
<player>
<name>Darren Collison</name>
<pos>PG</pos>
<start>false</start>
<min>10</min>
<fgm>3</fgm>
<fga>6</fga>
<tpm>1</tpm>
<tpa>1</tpa>
<ftm>0</ftm>
<fta>0</fta>
<oreb>0</oreb>
<dreb>0</dreb>
<reb>0</reb>
<ast>2</ast>
<stl>0</stl>
<blk>0</blk>
<to>0</to>
<pf>1</pf>
<pam>-2</pam>
<pts>7</pts>
<dnp>false</dnp>
</player>
<player>
<name>Reggie Bullock</name>
<pos>SG</pos>
<start>false</start>
<min>14</min>
<fgm>1</fgm>
<fga>4</fga>
<tpm>1</tpm>
<tpa>4</tpa>
<ftm>0</ftm>
<fta>0</fta>
<oreb>0</oreb>
<dreb>2</dreb>
<reb>2</reb>
<ast>0</ast>
<stl>0</stl>
<blk>0</blk>
<to>1</to>
<pf>1</pf>
<pam>+12</pam>
<pts>3</pts>
<dnp>false</dnp>
</player>
<player>
<name>Jamal Crawford</name>
<pos>SG</pos>
<start>false</start>
<min>26</min>
<fgm>2</fgm>
<fga>9</fga>
<tpm>1</tpm>
<tpa>6</tpa>
<ftm>3</ftm>
<fta>3</fta>
<oreb>1</oreb>
<dreb>2</dreb>
<reb>3</reb>
<ast>2</ast>
<stl>1</stl>
<blk>0</blk>
<to>1</to>
<pf>3</pf>
<pam>0</pam>
<pts>8</pts>
<dnp>false</dnp>
</player>
<player>
<name>Antawn Jamison</name>
<pos>PF</pos>
<start>false</start>
<min>0</min>
<fgm>0</fgm>
<fga>0</fga>
<tpm>0</tpm>
<tpa>0</tpa>
<ftm>0</ftm>
<fta>0</fta>
<oreb>0</oreb>
<dreb>0</dreb>
<reb>0</reb>
<ast>0</ast>
<stl>0</stl>
<blk>0</blk>
<to>0</to>
<pf>0</pf>
<pam>0</pam>
<pts>0</pts>
<dnp>true</dnp>
</player>
<player>
<name>Matt Barnes</name>
<pos>SF</pos>
<start>false</start>
<min>0</min>
<fgm>0</fgm>
<fga>0</fga>
<tpm>0</tpm>
<tpa>0</tpa>
<ftm>0</ftm>
<fta>0</fta>
<oreb>0</oreb>
<dreb>0</dreb>
<reb>0</reb>
<ast>0</ast>
<stl>0</stl>
<blk>0</blk>
<to>0</to>
<pf>0</pf>
<pam>0</pam>
<pts>0</pts>
<dnp>true</dnp>
</player>
<home>true</home>
<win>true</win>
<fgm>33</fgm>
<fga>68</fga>
<tpm>11</tpm>
<tpa>25</tpa>
<ftm>26</ftm>
<fta>45</fta>
<oreb>5</oreb>
<dreb>34</dreb>
<reb>39</reb>
<ast>22</ast>
<stl>5</stl>
<blk>5</blk>
<to>17</to>
<pf>26</pf>
<pts>103</pts>
</team>
</game>