<game>
<id>400489370</id>
<date>10:00 PM ET, January 4, 2014</date>
<team>
<name>Charlotte Bobcats</name>
<player>
<name>Josh McRoberts</name>
<pos>PF</pos>
<start>true</start>
<min>37</min>
<fgm>2</fgm>
<fga>6</fga>
<tpm>1</tpm>
<tpa>2</tpa>
<ftm>0</ftm>
<fta>0</fta>
<oreb>3</oreb>
<dreb>8</dreb>
<reb>11</reb>
<ast>4</ast>
<stl>1</stl>
<blk>1</blk>
<to>2</to>
<pf>2</pf>
<pam>+9</pam>
<pts>5</pts>
<dnp>false</dnp>
</player>
<player>
<name>Al Jefferson</name>
<pos>C</pos>
<start>true</start>
<min>39</min>
<fgm>11</fgm>
<fga>21</fga>
<tpm>0</tpm>
<tpa>0</tpa>
<ftm>5</ftm>
<fta>7</fta>
<oreb>1</oreb>
<dreb>8</dreb>
<reb>9</reb>
<ast>2</ast>
<stl>2</stl>
<blk>1</blk>
<to>2</to>
<pf>4</pf>
<pam>+3</pam>
<pts>27</pts>
<dnp>false</dnp>
</player>
<player>
<name>Kemba Walker</name>
<pos>PG</pos>
<start>true</start>
<min>36</min>
<fgm>12</fgm>
<fga>19</fga>
<tpm>4</tpm>
<tpa>6</tpa>
<ftm>2</ftm>
<fta>3</fta>
<oreb>0</oreb>
<dreb>4</dreb>
<reb>4</reb>
<ast>6</ast>
<stl>1</stl>
<blk>0</blk>
<to>2</to>
<pf>1</pf>
<pam>+21</pam>
<pts>30</pts>
<dnp>false</dnp>
</player>
<player>
<name>Chris Douglas-Roberts</name>
<pos>SG</pos>
<start>true</start>
<min>35</min>
<fgm>4</fgm>
<fga>9</fga>
<tpm>1</tpm>
<tpa>3</tpa>
<ftm>1</ftm>
<fta>2</fta>
<oreb>0</oreb>
<dreb>4</dreb>
<reb>4</reb>
<ast>2</ast>
<stl>0</stl>
<blk>1</blk>
<to>1</to>
<pf>1</pf>
<pam>+4</pam>
<pts>10</pts>
<dnp>false</dnp>
</player>
<player>
<name>Gerald Henderson</name>
<pos>SG</pos>
<start>true</start>
<min>35</min>
<fgm>7</fgm>
<fga>13</fga>
<tpm>1</tpm>
<tpa>2</tpa>
<ftm>1</ftm>
<fta>2</fta>
<oreb>0</oreb>
<dreb>3</dreb>
<reb>3</reb>
<ast>3</ast>
<stl>1</stl>
<blk>0</blk>
<to>0</to>
<pf>2</pf>
<pam>+5</pam>
<pts>16</pts>
<dnp>false</dnp>
</player>
<player>
<name>Anthony Tolliver</name>
<pos>PF</pos>
<start>false</start>
<min>16</min>
<fgm>2</fgm>
<fga>3</fga>
<tpm>2</tpm>
<tpa>2</tpa>
<ftm>0</ftm>
<fta>0</fta>
<oreb>0</oreb>
<dreb>2</dreb>
<reb>2</reb>
<ast>0</ast>
<stl>0</stl>
<blk>1</blk>
<to>0</to>
<pf>1</pf>
<pam>-3</pam>
<pts>6</pts>
<dnp>false</dnp>
</player>
<player>
<name>Cody Zeller</name>
<pos>C</pos>
<start>false</start>
<min>11</min>
<fgm>2</fgm>
<fga>2</fga>
<tpm>0</tpm>
<tpa>0</tpa>
<ftm>2</ftm>
<fta>3</fta>
<oreb>1</oreb>
<dreb>1</dreb>
<reb>2</reb>
<ast>2</ast>
<stl>0</stl>
<blk>0</blk>
<to>1</to>
<pf>2</pf>
<pam>+1</pam>
<pts>6</pts>
<dnp>false</dnp>
</player>
<player>
<name>Bismack Biyombo</name>
<pos>C</pos>
<start>false</start>
<min>9</min>
<fgm>0</fgm>
<fga>1</fga>
<tpm>0</tpm>
<tpa>0</tpa>
<ftm>1</ftm>
<fta>2</fta>
<oreb>0</oreb>
<dreb>1</dreb>
<reb>1</reb>
<ast>0</ast>
<stl>0</stl>
<blk>0</blk>
<to>1</to>
<pf>6</pf>
<pam>+7</pam>
<pts>1</pts>
<dnp>false</dnp>
</player>
<player>
<name>Ramon Sessions</name>
<pos>PG</pos>
<start>false</start>
<min>22</min>
<fgm>5</fgm>
<fga>9</fga>
<tpm>0</tpm>
<tpa>0</tpa>
<ftm>2</ftm>
<fta>4</fta>
<oreb>1</oreb>
<dreb>1</dreb>
<reb>2</reb>
<ast>3</ast>
<stl>0</stl>
<blk>0</blk>
<to>2</to>
<pf>0</pf>
<pam>+3</pam>
<pts>12</pts>
<dnp>false</dnp>
</player>
<player>
<name>Jeff Adrien</name>
<pos>SF</pos>
<start>false</start>
<min>0</min>
<fgm>0</fgm>
<fga>0</fga>
<tpm>0</tpm>
<tpa>0</tpa>
<ftm>0</ftm>
<fta>0</fta>
<oreb>0</oreb>
<dreb>0</dreb>
<reb>0</reb>
<ast>0</ast>
<stl>0</stl>
<blk>0</blk>
<to>0</to>
<pf>0</pf>
<pam>0</pam>
<pts>0</pts>
<dnp>true</dnp>
</player>
<player>
<name>Jeff Taylor</name>
<pos>SF</pos>
<start>false</start>
<min>0</min>
<fgm>0</fgm>
<fga>0</fga>
<tpm>0</tpm>
<tpa>0</tpa>
<ftm>0</ftm>
<fta>0</fta>
<oreb>0</oreb>
<dreb>0</dreb>
<reb>0</reb>
<ast>0</ast>
<stl>0</stl>
<blk>0</blk>
<to>0</to>
<pf>0</pf>
<pam>0</pam>
<pts>0</pts>
<dnp>true</dnp>
</player>
<player>
<name>Jannero Pargo</name>
<pos>PG</pos>
<start>false</start>
<min>0</min>
<fgm>0</fgm>
<fga>0</fga>
<tpm>0</tpm>
<tpa>0</tpa>
<ftm>0</ftm>
<fta>0</fta>
<oreb>0</oreb>
<dreb>0</dreb>
<reb>0</reb>
<ast>0</ast>
<stl>0</stl>
<blk>0</blk>
<to>0</to>
<pf>0</pf>
<pam>0</pam>
<pts>0</pts>
<dnp>true</dnp>
</player>
<home>false</home>
<win>true</win>
<fgm>45</fgm>
<fga>83</fga>
<tpm>9</tpm>
<tpa>15</tpa>
<ftm>14</ftm>
<fta>23</fta>
<oreb>6</oreb>
<dreb>32</dreb>
<reb>38</reb>
<ast>22</ast>
<stl>5</stl>
<blk>4</blk>
<to>11</to>
<pf>19</pf>
<pts>113</pts>
</team>
<team>
<name>Sacramento Kings</name>
<player>
<name>Jason Thompson</name>
<pos>PF</pos>
<start>true</start>
<min>31</min>
<fgm>7</fgm>
<fga>9</fga>
<tpm>0</tpm>
<tpa>0</tpa>
<ftm>1</ftm>
<fta>2</fta>
<oreb>4</oreb>
<dreb>10</dreb>
<reb>14</reb>
<ast>0</ast>
<stl>0</stl>
<blk>0</blk>
<to>2</to>
<pf>4</pf>
<pam>0</pam>
<pts>15</pts>
<dnp>false</dnp>
</player>
<player>
<name>Rudy Gay</name>
<pos>SF</pos>
<start>true</start>
<min>41</min>
<fgm>8</fgm>
<fga>14</fga>
<tpm>0</tpm>
<tpa>0</tpa>
<ftm>1</ftm>
<fta>2</fta>
<oreb>4</oreb>
<dreb>6</dreb>
<reb>10</reb>
<ast>4</ast>
<stl>0</stl>
<blk>0</blk>
<to>4</to>
<pf>2</pf>
<pam>-3</pam>
<pts>17</pts>
<dnp>false</dnp>
</player>
<player>
<name>DeMarcus Cousins</name>
<pos>C</pos>
<start>true</start>
<min>38</min>
<fgm>8</fgm>
<fga>23</fga>
<tpm>0</tpm>
<tpa>2</tpa>
<ftm>10</ftm>
<fta>14</fta>
<oreb>5</oreb>
<dreb>6</dreb>
<reb>11</reb>
<ast>2</ast>
<stl>4</stl>
<blk>0</blk>
<to>2</to>
<pf>4</pf>
<pam>-10</pam>
<pts>26</pts>
<dnp>false</dnp>
</player>
<player>
<name>Isaiah Thomas</name>
<pos>PG</pos>
<start>true</start>
<min>35</min>
<fgm>9</fgm>
<fga>17</fga>
<tpm>2</tpm>
<tpa>5</tpa>
<ftm>1</ftm>
<fta>1</fta>
<oreb>1</oreb>
<dreb>2</dreb>
<reb>3</reb>
<ast>8</ast>
<stl>1</stl>
<blk>1</blk>
<to>3</to>
<pf>5</pf>
<pam>-5</pam>
<pts>21</pts>
<dnp>false</dnp>
</player>
<player>
<name>Ben McLemore</name>
<pos>SG</pos>
<start>true</start>
<min>22</min>
<fgm>2</fgm>
<fga>8</fga>
<tpm>1</tpm>
<tpa>4</tpa>
<ftm>0</ftm>
<fta>0</fta>
<oreb>1</oreb>
<dreb>2</dreb>
<reb>3</reb>
<ast>0</ast>
<stl>0</stl>
<blk>1</blk>
<to>1</to>
<pf>1</pf>
<pam>+6</pam>
<pts>5</pts>
<dnp>false</dnp>
</player>
<player>
<name>Derrick Williams</name>
<pos>PF</pos>
<start>false</start>
<min>18</min>
<fgm>2</fgm>
<fga>4</fga>
<tpm>1</tpm>
<tpa>1</tpa>
<ftm>0</ftm>
<fta>0</fta>
<oreb>1</oreb>
<dreb>1</dreb>
<reb>2</reb>
<ast>0</ast>
<stl>2</stl>
<blk>1</blk>
<to>0</to>
<pf>2</pf>
<pam>-11</pam>
<pts>5</pts>
<dnp>false</dnp>
</player>
<player>
<name>Quincy Acy</name>
<pos>SF</pos>
<start>false</start>
<min>15</min>
<fgm>0</fgm>
<fga>0</fga>
<tpm>0</tpm>
<tpa>0</tpa>
<ftm>0</ftm>
<fta>0</fta>
<oreb>0</oreb>
<dreb>3</dreb>
<reb>3</reb>
<ast>1</ast>
<stl>0</stl>
<blk>2</blk>
<to>1</to>
<pf>2</pf>
<pam>-4</pam>
<pts>0</pts>
<dnp>false</dnp>
</player>
<player>
<name>Aaron Gray</name>
<pos>C</pos>
<start>false</start>
<min>1</min>
<fgm>0</fgm>
<fga>0</fga>
<tpm>0</tpm>
<tpa>0</tpa>
<ftm>0</ftm>
<fta>0</fta>
<oreb>0</oreb>
<dreb>0</dreb>
<reb>0</reb>
<ast>0</ast>
<stl>0</stl>
<blk>0</blk>
<to>0</to>
<pf>1</pf>
<pam>-2</pam>
<pts>0</pts>
<dnp>false</dnp>
</player>
<player>
<name>Jimmer Fredette</name>
<pos>PG</pos>
<start>false</start>
<min>13</min>
<fgm>1</fgm>
<fga>7</fga>
<tpm>0</tpm>
<tpa>2</tpa>
<ftm>0</ftm>
<fta>0</fta>
<oreb>0</oreb>
<dreb>2</dreb>
<reb>2</reb>
<ast>2</ast>
<stl>0</stl>
<blk>0</blk>
<to>0</to>
<pf>1</pf>
<pam>-5</pam>
<pts>2</pts>
<dnp>false</dnp>
</player>
<player>
<name>Marcus Thornton</name>
<pos>SG</pos>
<start>false</start>
<min>26</min>
<fgm>5</fgm>
<fga>10</fga>
<tpm>2</tpm>
<tpa>3</tpa>
<ftm>0</ftm>
<fta>0</fta>
<oreb>1</oreb>
<dreb>3</dreb>
<reb>4</reb>
<ast>0</ast>
<stl>1</stl>
<blk>0</blk>
<to>1</to>
<pf>1</pf>
<pam>-16</pam>
<pts>12</pts>
<dnp>false</dnp>
</player>
<player>
<name>Travis Outlaw</name>
<pos>SF</pos>
<start>false</start>
<min>0</min>
<fgm>0</fgm>
<fga>0</fga>
<tpm>0</tpm>
<tpa>0</tpa>
<ftm>0</ftm>
<fta>0</fta>
<oreb>0</oreb>
<dreb>0</dreb>
<reb>0</reb>
<ast>0</ast>
<stl>0</stl>
<blk>0</blk>
<to>0</to>
<pf>0</pf>
<pam>0</pam>
<pts>0</pts>
<dnp>true</dnp>
</player>
<player>
<name>Hamady Ndiaye</name>
<pos>C</pos>
<start>false</start>
<min>0</min>
<fgm>0</fgm>
<fga>0</fga>
<tpm>0</tpm>
<tpa>0</tpa>
<ftm>0</ftm>
<fta>0</fta>
<oreb>0</oreb>
<dreb>0</dreb>
<reb>0</reb>
<ast>0</ast>
<stl>0</stl>
<blk>0</blk>
<to>0</to>
<pf>0</pf>
<pam>0</pam>
<pts>0</pts>
<dnp>true</dnp>
</player>
<home>true</home>
<win>false</win>
<fgm>42</fgm>
<fga>92</fga>
<tpm>6</tpm>
<tpa>17</tpa>
<ftm>13</ftm>
<fta>19</fta>
<oreb>17</oreb>
<dreb>35</dreb>
<reb>52</reb>
<ast>17</ast>
<stl>8</stl>
<blk>5</blk>
<to>14</to>
<pf>23</pf>
<pts>103</pts>
</team>
</game>