<game>
<id>400489351</id>
<date>9:00 PM ET, January 2, 2014</date>
<team>
<name>Memphis Grizzlies</name>
<player>
<name>Zach Randolph</name>
<pos>PF</pos>
<start>true</start>
<min>38</min>
<fgm>10</fgm>
<fga>20</fga>
<tpm>0</tpm>
<tpa>0</tpa>
<ftm>0</ftm>
<fta>0</fta>
<oreb>5</oreb>
<dreb>10</dreb>
<reb>15</reb>
<ast>0</ast>
<stl>0</stl>
<blk>1</blk>
<to>3</to>
<pf>1</pf>
<pam>-2</pam>
<pts>20</pts>
<dnp>false</dnp>
</player>
<player>
<name>Tayshaun Prince</name>
<pos>SF</pos>
<start>true</start>
<min>15</min>
<fgm>1</fgm>
<fga>5</fga>
<tpm>0</tpm>
<tpa>1</tpa>
<ftm>0</ftm>
<fta>0</fta>
<oreb>0</oreb>
<dreb>2</dreb>
<reb>2</reb>
<ast>2</ast>
<stl>1</stl>
<blk>0</blk>
<to>0</to>
<pf>1</pf>
<pam>-16</pam>
<pts>2</pts>
<dnp>false</dnp>
</player>
<player>
<name>Kosta Koufos</name>
<pos>C</pos>
<start>true</start>
<min>20</min>
<fgm>5</fgm>
<fga>10</fga>
<tpm>0</tpm>
<tpa>0</tpa>
<ftm>0</ftm>
<fta>0</fta>
<oreb>4</oreb>
<dreb>5</dreb>
<reb>9</reb>
<ast>0</ast>
<stl>0</stl>
<blk>0</blk>
<to>1</to>
<pf>1</pf>
<pam>-12</pam>
<pts>10</pts>
<dnp>false</dnp>
</player>
<player>
<name>Mike Conley</name>
<pos>PG</pos>
<start>true</start>
<min>30</min>
<fgm>4</fgm>
<fga>11</fga>
<tpm>0</tpm>
<tpa>1</tpa>
<ftm>3</ftm>
<fta>3</fta>
<oreb>0</oreb>
<dreb>4</dreb>
<reb>4</reb>
<ast>6</ast>
<stl>0</stl>
<blk>1</blk>
<to>6</to>
<pf>1</pf>
<pam>-9</pam>
<pts>11</pts>
<dnp>false</dnp>
</player>
<player>
<name>Tony Allen</name>
<pos>SG</pos>
<start>true</start>
<min>13</min>
<fgm>1</fgm>
<fga>2</fga>
<tpm>0</tpm>
<tpa>0</tpa>
<ftm>0</ftm>
<fta>3</fta>
<oreb>0</oreb>
<dreb>0</dreb>
<reb>0</reb>
<ast>1</ast>
<stl>1</stl>
<blk>0</blk>
<to>1</to>
<pf>0</pf>
<pam>-18</pam>
<pts>2</pts>
<dnp>false</dnp>
</player>
<player>
<name>James Johnson</name>
<pos>PF</pos>
<start>false</start>
<min>22</min>
<fgm>3</fgm>
<fga>7</fga>
<tpm>0</tpm>
<tpa>2</tpa>
<ftm>0</ftm>
<fta>0</fta>
<oreb>2</oreb>
<dreb>4</dreb>
<reb>6</reb>
<ast>1</ast>
<stl>1</stl>
<blk>2</blk>
<to>4</to>
<pf>4</pf>
<pam>+19</pam>
<pts>6</pts>
<dnp>false</dnp>
</player>
<player>
<name>Ed Davis</name>
<pos>PF</pos>
<start>false</start>
<min>28</min>
<fgm>8</fgm>
<fga>11</fga>
<tpm>0</tpm>
<tpa>0</tpa>
<ftm>0</ftm>
<fta>1</fta>
<oreb>4</oreb>
<dreb>7</dreb>
<reb>11</reb>
<ast>2</ast>
<stl>2</stl>
<blk>0</blk>
<to>0</to>
<pf>2</pf>
<pam>+20</pam>
<pts>16</pts>
<dnp>false</dnp>
</player>
<player>
<name>Jon Leuer</name>
<pos>PF</pos>
<start>false</start>
<min>10</min>
<fgm>2</fgm>
<fga>8</fga>
<tpm>0</tpm>
<tpa>3</tpa>
<ftm>0</ftm>
<fta>0</fta>
<oreb>3</oreb>
<dreb>1</dreb>
<reb>4</reb>
<ast>0</ast>
<stl>0</stl>
<blk>0</blk>
<to>0</to>
<pf>1</pf>
<pam>+10</pam>
<pts>4</pts>
<dnp>false</dnp>
</player>
<player>
<name>Mike Miller</name>
<pos>SF</pos>
<start>false</start>
<min>33</min>
<fgm>4</fgm>
<fga>7</fga>
<tpm>0</tpm>
<tpa>1</tpa>
<ftm>3</ftm>
<fta>3</fta>
<oreb>1</oreb>
<dreb>6</dreb>
<reb>7</reb>
<ast>4</ast>
<stl>0</stl>
<blk>0</blk>
<to>0</to>
<pf>1</pf>
<pam>+24</pam>
<pts>11</pts>
<dnp>false</dnp>
</player>
<player>
<name>Jerryd Bayless</name>
<pos>PG</pos>
<start>false</start>
<min>31</min>
<fgm>6</fgm>
<fga>11</fga>
<tpm>3</tpm>
<tpa>6</tpa>
<ftm>2</ftm>
<fta>4</fta>
<oreb>0</oreb>
<dreb>1</dreb>
<reb>1</reb>
<ast>4</ast>
<stl>1</stl>
<blk>0</blk>
<to>0</to>
<pf>4</pf>
<pam>+24</pam>
<pts>17</pts>
<dnp>false</dnp>
</player>
<player>
<name>Nick Calathes</name>
<pos>SG</pos>
<start>false</start>
<min>0</min>
<fgm>0</fgm>
<fga>0</fga>
<tpm>0</tpm>
<tpa>0</tpa>
<ftm>0</ftm>
<fta>0</fta>
<oreb>0</oreb>
<dreb>0</dreb>
<reb>0</reb>
<ast>0</ast>
<stl>0</stl>
<blk>0</blk>
<to>0</to>
<pf>0</pf>
<pam>0</pam>
<pts>0</pts>
<dnp>true</dnp>
</player>
<player>
<name>Seth Curry</name>
<pos>SG</pos>
<start>false</start>
<min>0</min>
<fgm>0</fgm>
<fga>0</fga>
<tpm>0</tpm>
<tpa>0</tpa>
<ftm>0</ftm>
<fta>0</fta>
<oreb>0</oreb>
<dreb>0</dreb>
<reb>0</reb>
<ast>0</ast>
<stl>0</stl>
<blk>0</blk>
<to>0</to>
<pf>0</pf>
<pam>0</pam>
<pts>0</pts>
<dnp>true</dnp>
</player>
<home>false</home>
<win>true</win>
<fgm>44</fgm>
<fga>92</fga>
<tpm>3</tpm>
<tpa>14</tpa>
<ftm>8</ftm>
<fta>14</fta>
<oreb>19</oreb>
<dreb>40</dreb>
<reb>59</reb>
<ast>20</ast>
<stl>6</stl>
<blk>4</blk>
<to>15</to>
<pf>16</pf>
<pts>99</pts>
</team>
<team>
<name>Phoenix Suns</name>
<player>
<name>Channing Frye</name>
<pos>PF</pos>
<start>true</start>
<min>35</min>
<fgm>5</fgm>
<fga>14</fga>
<tpm>4</tpm>
<tpa>10</tpa>
<ftm>0</ftm>
<fta>0</fta>
<oreb>1</oreb>
<dreb>5</dreb>
<reb>6</reb>
<ast>1</ast>
<stl>1</stl>
<blk>0</blk>
<to>2</to>
<pf>2</pf>
<pam>-4</pam>
<pts>14</pts>
<dnp>false</dnp>
</player>
<player>
<name>P.J. Tucker</name>
<pos>SF</pos>
<start>true</start>
<min>32</min>
<fgm>5</fgm>
<fga>13</fga>
<tpm>1</tpm>
<tpa>2</tpa>
<ftm>1</ftm>
<fta>1</fta>
<oreb>3</oreb>
<dreb>2</dreb>
<reb>5</reb>
<ast>4</ast>
<stl>0</stl>
<blk>0</blk>
<to>1</to>
<pf>1</pf>
<pam>+14</pam>
<pts>12</pts>
<dnp>false</dnp>
</player>
<player>
<name>Miles Plumlee</name>
<pos>C</pos>
<start>true</start>
<min>35</min>
<fgm>4</fgm>
<fga>8</fga>
<tpm>0</tpm>
<tpa>0</tpa>
<ftm>0</ftm>
<fta>0</fta>
<oreb>2</oreb>
<dreb>10</dreb>
<reb>12</reb>
<ast>0</ast>
<stl>1</stl>
<blk>3</blk>
<to>1</to>
<pf>2</pf>
<pam>+17</pam>
<pts>8</pts>
<dnp>false</dnp>
</player>
<player>
<name>Gerald Green</name>
<pos>SG</pos>
<start>true</start>
<min>32</min>
<fgm>4</fgm>
<fga>10</fga>
<tpm>1</tpm>
<tpa>7</tpa>
<ftm>0</ftm>
<fta>0</fta>
<oreb>0</oreb>
<dreb>2</dreb>
<reb>2</reb>
<ast>3</ast>
<stl>4</stl>
<blk>0</blk>
<to>0</to>
<pf>3</pf>
<pam>+10</pam>
<pts>9</pts>
<dnp>false</dnp>
</player>
<player>
<name>Goran Dragic</name>
<pos>SG</pos>
<start>true</start>
<min>38</min>
<fgm>13</fgm>
<fga>22</fga>
<tpm>2</tpm>
<tpa>6</tpa>
<ftm>5</ftm>
<fta>9</fta>
<oreb>1</oreb>
<dreb>2</dreb>
<reb>3</reb>
<ast>7</ast>
<stl>3</stl>
<blk>0</blk>
<to>4</to>
<pf>2</pf>
<pam>+6</pam>
<pts>33</pts>
<dnp>false</dnp>
</player>
<player>
<name>Markieff Morris</name>
<pos>PF</pos>
<start>false</start>
<min>25</min>
<fgm>5</fgm>
<fga>11</fga>
<tpm>0</tpm>
<tpa>2</tpa>
<ftm>0</ftm>
<fta>0</fta>
<oreb>1</oreb>
<dreb>0</dreb>
<reb>1</reb>
<ast>0</ast>
<stl>2</stl>
<blk>2</blk>
<to>2</to>
<pf>3</pf>
<pam>-28</pam>
<pts>10</pts>
<dnp>false</dnp>
</player>
<player>
<name>Marcus Morris</name>
<pos>PF</pos>
<start>false</start>
<min>16</min>
<fgm>0</fgm>
<fga>5</fga>
<tpm>0</tpm>
<tpa>2</tpa>
<ftm>2</ftm>
<fta>5</fta>
<oreb>2</oreb>
<dreb>3</dreb>
<reb>5</reb>
<ast>1</ast>
<stl>0</stl>
<blk>0</blk>
<to>0</to>
<pf>0</pf>
<pam>-22</pam>
<pts>2</pts>
<dnp>false</dnp>
</player>
<player>
<name>Ish Smith</name>
<pos>PG</pos>
<start>false</start>
<min>20</min>
<fgm>1</fgm>
<fga>6</fga>
<tpm>0</tpm>
<tpa>0</tpa>
<ftm>1</ftm>
<fta>1</fta>
<oreb>3</oreb>
<dreb>3</dreb>
<reb>6</reb>
<ast>2</ast>
<stl>0</stl>
<blk>0</blk>
<to>2</to>
<pf>1</pf>
<pam>-21</pam>
<pts>3</pts>
<dnp>false</dnp>
</player>
<player>
<name>Archie Goodwin</name>
<pos>SG</pos>
<start>false</start>
<min>5</min>
<fgm>0</fgm>
<fga>0</fga>
<tpm>0</tpm>
<tpa>0</tpa>
<ftm>0</ftm>
<fta>0</fta>
<oreb>0</oreb>
<dreb>0</dreb>
<reb>0</reb>
<ast>0</ast>
<stl>0</stl>
<blk>0</blk>
<to>0</to>
<pf>0</pf>
<pam>-11</pam>
<pts>0</pts>
<dnp>false</dnp>
</player>
<player>
<name>Dionte Christmas</name>
<pos>SG</pos>
<start>false</start>
<min>3</min>
<fgm>0</fgm>
<fga>1</fga>
<tpm>0</tpm>
<tpa>1</tpa>
<ftm>0</ftm>
<fta>0</fta>
<oreb>0</oreb>
<dreb>0</dreb>
<reb>0</reb>
<ast>0</ast>
<stl>0</stl>
<blk>0</blk>
<to>0</to>
<pf>0</pf>
<pam>-1</pam>
<pts>0</pts>
<dnp>false</dnp>
</player>
<player>
<name>Slava Kravtsov</name>
<pos>C</pos>
<start>false</start>
<min>0</min>
<fgm>0</fgm>
<fga>0</fga>
<tpm>0</tpm>
<tpa>0</tpa>
<ftm>0</ftm>
<fta>0</fta>
<oreb>0</oreb>
<dreb>0</dreb>
<reb>0</reb>
<ast>0</ast>
<stl>0</stl>
<blk>0</blk>
<to>0</to>
<pf>0</pf>
<pam>0</pam>
<pts>0</pts>
<dnp>true</dnp>
</player>
<player>
<name>Alex Len</name>
<pos>C</pos>
<start>false</start>
<min>0</min>
<fgm>0</fgm>
<fga>0</fga>
<tpm>0</tpm>
<tpa>0</tpa>
<ftm>0</ftm>
<fta>0</fta>
<oreb>0</oreb>
<dreb>0</dreb>
<reb>0</reb>
<ast>0</ast>
<stl>0</stl>
<blk>0</blk>
<to>0</to>
<pf>0</pf>
<pam>0</pam>
<pts>0</pts>
<dnp>true</dnp>
</player>
<home>true</home>
<win>false</win>
<fgm>37</fgm>
<fga>90</fga>
<tpm>8</tpm>
<tpa>30</tpa>
<ftm>9</ftm>
<fta>16</fta>
<oreb>13</oreb>
<dreb>27</dreb>
<reb>40</reb>
<ast>18</ast>
<stl>11</stl>
<blk>5</blk>
<to>12</to>
<pf>14</pf>
<pts>91</pts>
</team>
</game>