<game>
<id>400489004</id>
<date>8:00 PM ET, November 15, 2013</date>
<team>
<name>Minnesota Timberwolves</name>
<player>
<name>Kevin Love</name>
<pos>PF</pos>
<start>true</start>
<min>35</min>
<fgm>10</fgm>
<fga>20</fga>
<tpm>2</tpm>
<tpa>7</tpa>
<ftm>6</ftm>
<fta>7</fta>
<oreb>2</oreb>
<dreb>8</dreb>
<reb>10</reb>
<ast>2</ast>
<stl>3</stl>
<blk>2</blk>
<to>3</to>
<pf>4</pf>
<pam>-1</pam>
<pts>28</pts>
<dnp>false</dnp>
</player>
<player>
<name>Corey Brewer</name>
<pos>SF</pos>
<start>true</start>
<min>36</min>
<fgm>4</fgm>
<fga>9</fga>
<tpm>1</tpm>
<tpa>4</tpa>
<ftm>2</ftm>
<fta>2</fta>
<oreb>1</oreb>
<dreb>2</dreb>
<reb>3</reb>
<ast>0</ast>
<stl>1</stl>
<blk>0</blk>
<to>3</to>
<pf>4</pf>
<pam>-4</pam>
<pts>11</pts>
<dnp>false</dnp>
</player>
<player>
<name>Nikola Pekovic</name>
<pos>C</pos>
<start>true</start>
<min>34</min>
<fgm>7</fgm>
<fga>11</fga>
<tpm>0</tpm>
<tpa>0</tpa>
<ftm>0</ftm>
<fta>0</fta>
<oreb>2</oreb>
<dreb>4</dreb>
<reb>6</reb>
<ast>1</ast>
<stl>1</stl>
<blk>0</blk>
<to>0</to>
<pf>3</pf>
<pam>-4</pam>
<pts>14</pts>
<dnp>false</dnp>
</player>
<player>
<name>Ricky Rubio</name>
<pos>PG</pos>
<start>true</start>
<min>35</min>
<fgm>0</fgm>
<fga>5</fga>
<tpm>0</tpm>
<tpa>0</tpa>
<ftm>0</ftm>
<fta>0</fta>
<oreb>2</oreb>
<dreb>6</dreb>
<reb>8</reb>
<ast>12</ast>
<stl>3</stl>
<blk>0</blk>
<to>5</to>
<pf>5</pf>
<pam>-6</pam>
<pts>0</pts>
<dnp>false</dnp>
</player>
<player>
<name>Kevin Martin</name>
<pos>SG</pos>
<start>true</start>
<min>35</min>
<fgm>9</fgm>
<fga>20</fga>
<tpm>2</tpm>
<tpa>7</tpa>
<ftm>7</ftm>
<fta>8</fta>
<oreb>1</oreb>
<dreb>3</dreb>
<reb>4</reb>
<ast>2</ast>
<stl>1</stl>
<blk>0</blk>
<to>4</to>
<pf>2</pf>
<pam>-1</pam>
<pts>27</pts>
<dnp>false</dnp>
</player>
<player>
<name>Dante Cunningham</name>
<pos>PF</pos>
<start>false</start>
<min>26</min>
<fgm>6</fgm>
<fga>13</fga>
<tpm>0</tpm>
<tpa>0</tpa>
<ftm>0</ftm>
<fta>2</fta>
<oreb>2</oreb>
<dreb>2</dreb>
<reb>4</reb>
<ast>0</ast>
<stl>0</stl>
<blk>0</blk>
<to>0</to>
<pf>2</pf>
<pam>-4</pam>
<pts>12</pts>
<dnp>false</dnp>
</player>
<player>
<name>Robbie Hummel</name>
<pos>SF</pos>
<start>false</start>
<min>13</min>
<fgm>0</fgm>
<fga>2</fga>
<tpm>0</tpm>
<tpa>2</tpa>
<ftm>0</ftm>
<fta>0</fta>
<oreb>1</oreb>
<dreb>2</dreb>
<reb>3</reb>
<ast>1</ast>
<stl>1</stl>
<blk>0</blk>
<to>0</to>
<pf>0</pf>
<pam>+2</pam>
<pts>0</pts>
<dnp>false</dnp>
</player>
<player>
<name>J.J. Barea</name>
<pos>PG</pos>
<start>false</start>
<min>25</min>
<fgm>10</fgm>
<fga>14</fga>
<tpm>1</tpm>
<tpa>2</tpa>
<ftm>0</ftm>
<fta>0</fta>
<oreb>0</oreb>
<dreb>4</dreb>
<reb>4</reb>
<ast>4</ast>
<stl>0</stl>
<blk>0</blk>
<to>1</to>
<pf>2</pf>
<pam>-2</pam>
<pts>21</pts>
<dnp>false</dnp>
</player>
<player>
<name>Derrick Williams</name>
<pos>PF</pos>
<start>false</start>
<min>0</min>
<fgm>0</fgm>
<fga>0</fga>
<tpm>0</tpm>
<tpa>0</tpa>
<ftm>0</ftm>
<fta>0</fta>
<oreb>0</oreb>
<dreb>0</dreb>
<reb>0</reb>
<ast>0</ast>
<stl>0</stl>
<blk>0</blk>
<to>0</to>
<pf>0</pf>
<pam>0</pam>
<pts>0</pts>
<dnp>true</dnp>
</player>
<player>
<name>Shabazz Muhammad</name>
<pos>SF</pos>
<start>false</start>
<min>0</min>
<fgm>0</fgm>
<fga>0</fga>
<tpm>0</tpm>
<tpa>0</tpa>
<ftm>0</ftm>
<fta>0</fta>
<oreb>0</oreb>
<dreb>0</dreb>
<reb>0</reb>
<ast>0</ast>
<stl>0</stl>
<blk>0</blk>
<to>0</to>
<pf>0</pf>
<pam>0</pam>
<pts>0</pts>
<dnp>true</dnp>
</player>
<player>
<name>Gorgui Dieng</name>
<pos>C</pos>
<start>false</start>
<min>0</min>
<fgm>0</fgm>
<fga>0</fga>
<tpm>0</tpm>
<tpa>0</tpa>
<ftm>0</ftm>
<fta>0</fta>
<oreb>0</oreb>
<dreb>0</dreb>
<reb>0</reb>
<ast>0</ast>
<stl>0</stl>
<blk>0</blk>
<to>0</to>
<pf>0</pf>
<pam>0</pam>
<pts>0</pts>
<dnp>true</dnp>
</player>
<player>
<name>Alexey Shved</name>
<pos>PG</pos>
<start>false</start>
<min>0</min>
<fgm>0</fgm>
<fga>0</fga>
<tpm>0</tpm>
<tpa>0</tpa>
<ftm>0</ftm>
<fta>0</fta>
<oreb>0</oreb>
<dreb>0</dreb>
<reb>0</reb>
<ast>0</ast>
<stl>0</stl>
<blk>0</blk>
<to>0</to>
<pf>0</pf>
<pam>0</pam>
<pts>0</pts>
<dnp>true</dnp>
</player>
<home>false</home>
<win>false</win>
<fgm>46</fgm>
<fga>94</fga>
<tpm>6</tpm>
<tpa>22</tpa>
<ftm>15</ftm>
<fta>19</fta>
<oreb>11</oreb>
<dreb>31</dreb>
<reb>42</reb>
<ast>22</ast>
<stl>10</stl>
<blk>2</blk>
<to>16</to>
<pf>22</pf>
<pts>113</pts>
</team>
<team>
<name>Denver Nuggets</name>
<player>
<name>Kenneth Faried</name>
<pos>PF</pos>
<start>true</start>
<min>30</min>
<fgm>8</fgm>
<fga>12</fga>
<tpm>0</tpm>
<tpa>0</tpa>
<ftm>0</ftm>
<fta>0</fta>
<oreb>6</oreb>
<dreb>5</dreb>
<reb>11</reb>
<ast>0</ast>
<stl>1</stl>
<blk>2</blk>
<to>1</to>
<pf>2</pf>
<pam>+2</pam>
<pts>16</pts>
<dnp>false</dnp>
</player>
<player>
<name>Jordan Hamilton</name>
<pos>SF</pos>
<start>true</start>
<min>16</min>
<fgm>3</fgm>
<fga>6</fga>
<tpm>1</tpm>
<tpa>3</tpa>
<ftm>0</ftm>
<fta>0</fta>
<oreb>0</oreb>
<dreb>3</dreb>
<reb>3</reb>
<ast>2</ast>
<stl>0</stl>
<blk>2</blk>
<to>2</to>
<pf>0</pf>
<pam>-2</pam>
<pts>7</pts>
<dnp>false</dnp>
</player>
<player>
<name>J.J. Hickson</name>
<pos>C</pos>
<start>true</start>
<min>30</min>
<fgm>5</fgm>
<fga>11</fga>
<tpm>0</tpm>
<tpa>0</tpa>
<ftm>2</ftm>
<fta>3</fta>
<oreb>2</oreb>
<dreb>9</dreb>
<reb>11</reb>
<ast>3</ast>
<stl>2</stl>
<blk>1</blk>
<to>2</to>
<pf>1</pf>
<pam>-1</pam>
<pts>12</pts>
<dnp>false</dnp>
</player>
<player>
<name>Ty Lawson</name>
<pos>PG</pos>
<start>true</start>
<min>35</min>
<fgm>6</fgm>
<fga>16</fga>
<tpm>0</tpm>
<tpa>3</tpa>
<ftm>2</ftm>
<fta>2</fta>
<oreb>1</oreb>
<dreb>3</dreb>
<reb>4</reb>
<ast>10</ast>
<stl>1</stl>
<blk>0</blk>
<to>6</to>
<pf>3</pf>
<pam>+8</pam>
<pts>14</pts>
<dnp>false</dnp>
</player>
<player>
<name>Randy Foye</name>
<pos>SG</pos>
<start>true</start>
<min>20</min>
<fgm>1</fgm>
<fga>5</fga>
<tpm>0</tpm>
<tpa>2</tpa>
<ftm>0</ftm>
<fta>0</fta>
<oreb>0</oreb>
<dreb>1</dreb>
<reb>1</reb>
<ast>1</ast>
<stl>1</stl>
<blk>1</blk>
<to>0</to>
<pf>2</pf>
<pam>-3</pam>
<pts>2</pts>
<dnp>false</dnp>
</player>
<player>
<name>Darrell Arthur</name>
<pos>PF</pos>
<start>false</start>
<min>18</min>
<fgm>3</fgm>
<fga>5</fga>
<tpm>0</tpm>
<tpa>0</tpa>
<ftm>2</ftm>
<fta>2</fta>
<oreb>0</oreb>
<dreb>1</dreb>
<reb>1</reb>
<ast>1</ast>
<stl>0</stl>
<blk>2</blk>
<to>0</to>
<pf>4</pf>
<pam>+2</pam>
<pts>8</pts>
<dnp>false</dnp>
</player>
<player>
<name>Wilson Chandler</name>
<pos>SF</pos>
<start>false</start>
<min>22</min>
<fgm>6</fgm>
<fga>9</fga>
<tpm>3</tpm>
<tpa>4</tpa>
<ftm>4</ftm>
<fta>6</fta>
<oreb>1</oreb>
<dreb>3</dreb>
<reb>4</reb>
<ast>3</ast>
<stl>2</stl>
<blk>0</blk>
<to>1</to>
<pf>0</pf>
<pam>+4</pam>
<pts>19</pts>
<dnp>false</dnp>
</player>
<player>
<name>Timofey Mozgov</name>
<pos>C</pos>
<start>false</start>
<min>17</min>
<fgm>4</fgm>
<fga>8</fga>
<tpm>0</tpm>
<tpa>0</tpa>
<ftm>2</ftm>
<fta>2</fta>
<oreb>1</oreb>
<dreb>4</dreb>
<reb>5</reb>
<ast>0</ast>
<stl>0</stl>
<blk>1</blk>
<to>1</to>
<pf>2</pf>
<pam>+3</pam>
<pts>10</pts>
<dnp>false</dnp>
</player>
<player>
<name>Andre Miller</name>
<pos>PG</pos>
<start>false</start>
<min>21</min>
<fgm>4</fgm>
<fga>8</fga>
<tpm>2</tpm>
<tpa>2</tpa>
<ftm>3</ftm>
<fta>5</fta>
<oreb>2</oreb>
<dreb>3</dreb>
<reb>5</reb>
<ast>3</ast>
<stl>0</stl>
<blk>0</blk>
<to>1</to>
<pf>0</pf>
<pam>-6</pam>
<pts>13</pts>
<dnp>false</dnp>
</player>
<player>
<name>Nate Robinson</name>
<pos>PG</pos>
<start>false</start>
<min>18</min>
<fgm>3</fgm>
<fga>10</fga>
<tpm>0</tpm>
<tpa>3</tpa>
<ftm>0</ftm>
<fta>0</fta>
<oreb>1</oreb>
<dreb>0</dreb>
<reb>1</reb>
<ast>3</ast>
<stl>0</stl>
<blk>0</blk>
<to>1</to>
<pf>0</pf>
<pam>+6</pam>
<pts>6</pts>
<dnp>false</dnp>
</player>
<player>
<name>Evan Fournier</name>
<pos>SG</pos>
<start>false</start>
<min>13</min>
<fgm>4</fgm>
<fga>7</fga>
<tpm>1</tpm>
<tpa>3</tpa>
<ftm>1</ftm>
<fta>1</fta>
<oreb>0</oreb>
<dreb>0</dreb>
<reb>0</reb>
<ast>2</ast>
<stl>0</stl>
<blk>0</blk>
<to>0</to>
<pf>3</pf>
<pam>+7</pam>
<pts>10</pts>
<dnp>false</dnp>
</player>
<player>
<name>Anthony Randolph</name>
<pos>PF</pos>
<start>false</start>
<min>0</min>
<fgm>0</fgm>
<fga>0</fga>
<tpm>0</tpm>
<tpa>0</tpa>
<ftm>0</ftm>
<fta>0</fta>
<oreb>0</oreb>
<dreb>0</dreb>
<reb>0</reb>
<ast>0</ast>
<stl>0</stl>
<blk>0</blk>
<to>0</to>
<pf>0</pf>
<pam>0</pam>
<pts>0</pts>
<dnp>true</dnp>
</player>
<home>true</home>
<win>true</win>
<fgm>47</fgm>
<fga>97</fga>
<tpm>7</tpm>
<tpa>20</tpa>
<ftm>16</ftm>
<fta>21</fta>
<oreb>14</oreb>
<dreb>32</dreb>
<reb>46</reb>
<ast>28</ast>
<stl>7</stl>
<blk>9</blk>
<to>15</to>
<pf>17</pf>
<pts>117</pts>
</team>
</game>