<game>
<id>400489122</id>
<date>3:30 PM ET, December 1, 2013</date>
<team>
<name>Indiana Pacers</name>
<player>
<name>David West</name>
<pos>PF</pos>
<start>true</start>
<min>35</min>
<fgm>11</fgm>
<fga>22</fga>
<tpm>0</tpm>
<tpa>1</tpa>
<ftm>2</ftm>
<fta>2</fta>
<oreb>6</oreb>
<dreb>6</dreb>
<reb>12</reb>
<ast>2</ast>
<stl>0</stl>
<blk>1</blk>
<to>1</to>
<pf>4</pf>
<pam>+17</pam>
<pts>24</pts>
<dnp>false</dnp>
</player>
<player>
<name>Paul George</name>
<pos>SF</pos>
<start>true</start>
<min>35</min>
<fgm>10</fgm>
<fga>23</fga>
<tpm>4</tpm>
<tpa>10</tpa>
<ftm>3</ftm>
<fta>3</fta>
<oreb>1</oreb>
<dreb>5</dreb>
<reb>6</reb>
<ast>5</ast>
<stl>2</stl>
<blk>1</blk>
<to>3</to>
<pf>4</pf>
<pam>+14</pam>
<pts>27</pts>
<dnp>false</dnp>
</player>
<player>
<name>Roy Hibbert</name>
<pos>C</pos>
<start>true</start>
<min>36</min>
<fgm>8</fgm>
<fga>16</fga>
<tpm>0</tpm>
<tpa>1</tpa>
<ftm>3</ftm>
<fta>4</fta>
<oreb>5</oreb>
<dreb>3</dreb>
<reb>8</reb>
<ast>2</ast>
<stl>1</stl>
<blk>1</blk>
<to>4</to>
<pf>3</pf>
<pam>+18</pam>
<pts>19</pts>
<dnp>false</dnp>
</player>
<player>
<name>George Hill</name>
<pos>PG</pos>
<start>true</start>
<min>36</min>
<fgm>2</fgm>
<fga>5</fga>
<tpm>1</tpm>
<tpa>4</tpa>
<ftm>6</ftm>
<fta>6</fta>
<oreb>0</oreb>
<dreb>5</dreb>
<reb>5</reb>
<ast>6</ast>
<stl>1</stl>
<blk>0</blk>
<to>3</to>
<pf>3</pf>
<pam>+21</pam>
<pts>11</pts>
<dnp>false</dnp>
</player>
<player>
<name>Lance Stephenson</name>
<pos>SG</pos>
<start>true</start>
<min>39</min>
<fgm>3</fgm>
<fga>6</fga>
<tpm>0</tpm>
<tpa>2</tpa>
<ftm>1</ftm>
<fta>3</fta>
<oreb>3</oreb>
<dreb>7</dreb>
<reb>10</reb>
<ast>6</ast>
<stl>1</stl>
<blk>0</blk>
<to>3</to>
<pf>3</pf>
<pam>+3</pam>
<pts>7</pts>
<dnp>false</dnp>
</player>
<player>
<name>Luis Scola</name>
<pos>PF</pos>
<start>false</start>
<min>13</min>
<fgm>1</fgm>
<fga>5</fga>
<tpm>0</tpm>
<tpa>0</tpa>
<ftm>1</ftm>
<fta>2</fta>
<oreb>1</oreb>
<dreb>4</dreb>
<reb>5</reb>
<ast>0</ast>
<stl>0</stl>
<blk>0</blk>
<to>2</to>
<pf>1</pf>
<pam>-12</pam>
<pts>3</pts>
<dnp>false</dnp>
</player>
<player>
<name>Solomon Hill</name>
<pos>SF</pos>
<start>false</start>
<min>7</min>
<fgm>1</fgm>
<fga>2</fga>
<tpm>1</tpm>
<tpa>2</tpa>
<ftm>0</ftm>
<fta>0</fta>
<oreb>0</oreb>
<dreb>1</dreb>
<reb>1</reb>
<ast>0</ast>
<stl>0</stl>
<blk>0</blk>
<to>0</to>
<pf>2</pf>
<pam>-5</pam>
<pts>3</pts>
<dnp>false</dnp>
</player>
<player>
<name>Ian Mahinmi</name>
<pos>C</pos>
<start>false</start>
<min>12</min>
<fgm>1</fgm>
<fga>3</fga>
<tpm>0</tpm>
<tpa>0</tpa>
<ftm>3</ftm>
<fta>6</fta>
<oreb>1</oreb>
<dreb>2</dreb>
<reb>3</reb>
<ast>0</ast>
<stl>0</stl>
<blk>1</blk>
<to>0</to>
<pf>2</pf>
<pam>-13</pam>
<pts>5</pts>
<dnp>false</dnp>
</player>
<player>
<name>C.J. Watson</name>
<pos>PG</pos>
<start>false</start>
<min>18</min>
<fgm>1</fgm>
<fga>6</fga>
<tpm>1</tpm>
<tpa>5</tpa>
<ftm>0</ftm>
<fta>0</fta>
<oreb>0</oreb>
<dreb>0</dreb>
<reb>0</reb>
<ast>3</ast>
<stl>0</stl>
<blk>0</blk>
<to>0</to>
<pf>2</pf>
<pam>-19</pam>
<pts>3</pts>
<dnp>false</dnp>
</player>
<player>
<name>Orlando Johnson</name>
<pos>SG</pos>
<start>false</start>
<min>9</min>
<fgm>1</fgm>
<fga>1</fga>
<tpm>1</tpm>
<tpa>1</tpa>
<ftm>0</ftm>
<fta>0</fta>
<oreb>0</oreb>
<dreb>0</dreb>
<reb>0</reb>
<ast>1</ast>
<stl>0</stl>
<blk>0</blk>
<to>0</to>
<pf>1</pf>
<pam>+1</pam>
<pts>3</pts>
<dnp>false</dnp>
</player>
<player>
<name>Chris Copeland</name>
<pos>SF</pos>
<start>false</start>
<min>0</min>
<fgm>0</fgm>
<fga>0</fga>
<tpm>0</tpm>
<tpa>0</tpa>
<ftm>0</ftm>
<fta>0</fta>
<oreb>0</oreb>
<dreb>0</dreb>
<reb>0</reb>
<ast>0</ast>
<stl>0</stl>
<blk>0</blk>
<to>0</to>
<pf>0</pf>
<pam>0</pam>
<pts>0</pts>
<dnp>true</dnp>
</player>
<player>
<name>Donald Sloan</name>
<pos>PG</pos>
<start>false</start>
<min>0</min>
<fgm>0</fgm>
<fga>0</fga>
<tpm>0</tpm>
<tpa>0</tpa>
<ftm>0</ftm>
<fta>0</fta>
<oreb>0</oreb>
<dreb>0</dreb>
<reb>0</reb>
<ast>0</ast>
<stl>0</stl>
<blk>0</blk>
<to>0</to>
<pf>0</pf>
<pam>0</pam>
<pts>0</pts>
<dnp>true</dnp>
</player>
<home>false</home>
<win>true</win>
<fgm>39</fgm>
<fga>89</fga>
<tpm>8</tpm>
<tpa>26</tpa>
<ftm>19</ftm>
<fta>26</fta>
<oreb>17</oreb>
<dreb>33</dreb>
<reb>50</reb>
<ast>25</ast>
<stl>5</stl>
<blk>4</blk>
<to>16</to>
<pf>25</pf>
<pts>105</pts>
</team>
<team>
<name>Los Angeles Clippers</name>
<player>
<name>Blake Griffin</name>
<pos>PF</pos>
<start>true</start>
<min>37</min>
<fgm>6</fgm>
<fga>13</fga>
<tpm>0</tpm>
<tpa>0</tpa>
<ftm>4</ftm>
<fta>5</fta>
<oreb>3</oreb>
<dreb>9</dreb>
<reb>12</reb>
<ast>2</ast>
<stl>1</stl>
<blk>0</blk>
<to>5</to>
<pf>3</pf>
<pam>-21</pam>
<pts>16</pts>
<dnp>false</dnp>
</player>
<player>
<name>Jared Dudley</name>
<pos>SF</pos>
<start>true</start>
<min>19</min>
<fgm>3</fgm>
<fga>7</fga>
<tpm>1</tpm>
<tpa>1</tpa>
<ftm>3</ftm>
<fta>3</fta>
<oreb>0</oreb>
<dreb>0</dreb>
<reb>0</reb>
<ast>0</ast>
<stl>1</stl>
<blk>0</blk>
<to>2</to>
<pf>3</pf>
<pam>-18</pam>
<pts>10</pts>
<dnp>false</dnp>
</player>
<player>
<name>DeAndre Jordan</name>
<pos>C</pos>
<start>true</start>
<min>35</min>
<fgm>5</fgm>
<fga>8</fga>
<tpm>0</tpm>
<tpa>0</tpa>
<ftm>1</ftm>
<fta>2</fta>
<oreb>6</oreb>
<dreb>6</dreb>
<reb>12</reb>
<ast>2</ast>
<stl>3</stl>
<blk>1</blk>
<to>0</to>
<pf>3</pf>
<pam>-15</pam>
<pts>11</pts>
<dnp>false</dnp>
</player>
<player>
<name>Chris Paul</name>
<pos>PG</pos>
<start>true</start>
<min>34</min>
<fgm>6</fgm>
<fga>15</fga>
<tpm>0</tpm>
<tpa>1</tpa>
<ftm>5</ftm>
<fta>5</fta>
<oreb>0</oreb>
<dreb>3</dreb>
<reb>3</reb>
<ast>10</ast>
<stl>1</stl>
<blk>0</blk>
<to>1</to>
<pf>4</pf>
<pam>-19</pam>
<pts>17</pts>
<dnp>false</dnp>
</player>
<player>
<name>Willie Green</name>
<pos>SG</pos>
<start>true</start>
<min>15</min>
<fgm>1</fgm>
<fga>5</fga>
<tpm>0</tpm>
<tpa>3</tpa>
<ftm>0</ftm>
<fta>0</fta>
<oreb>0</oreb>
<dreb>0</dreb>
<reb>0</reb>
<ast>0</ast>
<stl>0</stl>
<blk>0</blk>
<to>0</to>
<pf>0</pf>
<pam>-11</pam>
<pts>2</pts>
<dnp>false</dnp>
</player>
<player>
<name>Antawn Jamison</name>
<pos>PF</pos>
<start>false</start>
<min>16</min>
<fgm>1</fgm>
<fga>4</fga>
<tpm>1</tpm>
<tpa>2</tpa>
<ftm>0</ftm>
<fta>2</fta>
<oreb>1</oreb>
<dreb>3</dreb>
<reb>4</reb>
<ast>0</ast>
<stl>0</stl>
<blk>0</blk>
<to>0</to>
<pf>3</pf>
<pam>+16</pam>
<pts>3</pts>
<dnp>false</dnp>
</player>
<player>
<name>Ryan Hollins</name>
<pos>C</pos>
<start>false</start>
<min>9</min>
<fgm>1</fgm>
<fga>1</fga>
<tpm>0</tpm>
<tpa>0</tpa>
<ftm>1</ftm>
<fta>2</fta>
<oreb>2</oreb>
<dreb>1</dreb>
<reb>3</reb>
<ast>0</ast>
<stl>0</stl>
<blk>1</blk>
<to>1</to>
<pf>2</pf>
<pam>+10</pam>
<pts>3</pts>
<dnp>false</dnp>
</player>
<player>
<name>Darren Collison</name>
<pos>PG</pos>
<start>false</start>
<min>24</min>
<fgm>3</fgm>
<fga>6</fga>
<tpm>0</tpm>
<tpa>1</tpa>
<ftm>2</ftm>
<fta>4</fta>
<oreb>0</oreb>
<dreb>5</dreb>
<reb>5</reb>
<ast>3</ast>
<stl>0</stl>
<blk>0</blk>
<to>1</to>
<pf>4</pf>
<pam>+14</pam>
<pts>8</pts>
<dnp>false</dnp>
</player>
<player>
<name>Reggie Bullock</name>
<pos>SG</pos>
<start>false</start>
<min>19</min>
<fgm>4</fgm>
<fga>4</fga>
<tpm>1</tpm>
<tpa>1</tpa>
<ftm>1</ftm>
<fta>1</fta>
<oreb>0</oreb>
<dreb>1</dreb>
<reb>1</reb>
<ast>0</ast>
<stl>1</stl>
<blk>0</blk>
<to>0</to>
<pf>0</pf>
<pam>+11</pam>
<pts>10</pts>
<dnp>false</dnp>
</player>
<player>
<name>Jamal Crawford</name>
<pos>SG</pos>
<start>false</start>
<min>33</min>
<fgm>6</fgm>
<fga>19</fga>
<tpm>1</tpm>
<tpa>6</tpa>
<ftm>7</ftm>
<fta>7</fta>
<oreb>0</oreb>
<dreb>1</dreb>
<reb>1</reb>
<ast>2</ast>
<stl>1</stl>
<blk>0</blk>
<to>1</to>
<pf>1</pf>
<pam>+8</pam>
<pts>20</pts>
<dnp>false</dnp>
</player>
<player>
<name>Matt Barnes</name>
<pos>SF</pos>
<start>false</start>
<min>0</min>
<fgm>0</fgm>
<fga>0</fga>
<tpm>0</tpm>
<tpa>0</tpa>
<ftm>0</ftm>
<fta>0</fta>
<oreb>0</oreb>
<dreb>0</dreb>
<reb>0</reb>
<ast>0</ast>
<stl>0</stl>
<blk>0</blk>
<to>0</to>
<pf>0</pf>
<pam>0</pam>
<pts>0</pts>
<dnp>true</dnp>
</player>
<player>
<name>Byron Mullens</name>
<pos>C</pos>
<start>false</start>
<min>0</min>
<fgm>0</fgm>
<fga>0</fga>
<tpm>0</tpm>
<tpa>0</tpa>
<ftm>0</ftm>
<fta>0</fta>
<oreb>0</oreb>
<dreb>0</dreb>
<reb>0</reb>
<ast>0</ast>
<stl>0</stl>
<blk>0</blk>
<to>0</to>
<pf>0</pf>
<pam>0</pam>
<pts>0</pts>
<dnp>true</dnp>
</player>
<home>true</home>
<win>false</win>
<fgm>36</fgm>
<fga>82</fga>
<tpm>4</tpm>
<tpa>15</tpa>
<ftm>24</ftm>
<fta>31</fta>
<oreb>12</oreb>
<dreb>29</dreb>
<reb>41</reb>
<ast>19</ast>
<stl>8</stl>
<blk>2</blk>
<to>11</to>
<pf>23</pf>
<pts>100</pts>
</team>
</game>