<game>
<id>400488981</id>
<date>8:30 PM ET, November 12, 2013</date>
<team>
<name>Washington Wizards</name>
<player>
<name>Nene Hilario</name>
<pos>PF</pos>
<start>true</start>
<min>33</min>
<fgm>3</fgm>
<fga>7</fga>
<tpm>0</tpm>
<tpa>0</tpa>
<ftm>8</ftm>
<fta>14</fta>
<oreb>4</oreb>
<dreb>3</dreb>
<reb>7</reb>
<ast>3</ast>
<stl>3</stl>
<blk>0</blk>
<to>6</to>
<pf>3</pf>
<pam>-1</pam>
<pts>14</pts>
<dnp>false</dnp>
</player>
<player>
<name>Marcin Gortat</name>
<pos>C</pos>
<start>true</start>
<min>35</min>
<fgm>6</fgm>
<fga>11</fga>
<tpm>0</tpm>
<tpa>0</tpa>
<ftm>0</ftm>
<fta>0</fta>
<oreb>3</oreb>
<dreb>9</dreb>
<reb>12</reb>
<ast>0</ast>
<stl>1</stl>
<blk>4</blk>
<to>2</to>
<pf>1</pf>
<pam>-3</pam>
<pts>12</pts>
<dnp>false</dnp>
</player>
<player>
<name>John Wall</name>
<pos>PG</pos>
<start>true</start>
<min>34</min>
<fgm>5</fgm>
<fga>10</fga>
<tpm>1</tpm>
<tpa>3</tpa>
<ftm>3</ftm>
<fta>4</fta>
<oreb>0</oreb>
<dreb>5</dreb>
<reb>5</reb>
<ast>10</ast>
<stl>1</stl>
<blk>0</blk>
<to>3</to>
<pf>1</pf>
<pam>-2</pam>
<pts>14</pts>
<dnp>false</dnp>
</player>
<player>
<name>Trevor Ariza</name>
<pos>SG</pos>
<start>true</start>
<min>37</min>
<fgm>10</fgm>
<fga>17</fga>
<tpm>5</tpm>
<tpa>11</tpa>
<ftm>2</ftm>
<fta>3</fta>
<oreb>2</oreb>
<dreb>5</dreb>
<reb>7</reb>
<ast>0</ast>
<stl>4</stl>
<blk>0</blk>
<to>4</to>
<pf>2</pf>
<pam>-9</pam>
<pts>27</pts>
<dnp>false</dnp>
</player>
<player>
<name>Bradley Beal</name>
<pos>SG</pos>
<start>true</start>
<min>37</min>
<fgm>2</fgm>
<fga>10</fga>
<tpm>0</tpm>
<tpa>2</tpa>
<ftm>5</ftm>
<fta>6</fta>
<oreb>0</oreb>
<dreb>3</dreb>
<reb>3</reb>
<ast>7</ast>
<stl>0</stl>
<blk>0</blk>
<to>0</to>
<pf>4</pf>
<pam>+10</pam>
<pts>9</pts>
<dnp>false</dnp>
</player>
<player>
<name>Trevor Booker</name>
<pos>PF</pos>
<start>false</start>
<min>5</min>
<fgm>0</fgm>
<fga>1</fga>
<tpm>0</tpm>
<tpa>1</tpa>
<ftm>0</ftm>
<fta>0</fta>
<oreb>0</oreb>
<dreb>0</dreb>
<reb>0</reb>
<ast>0</ast>
<stl>0</stl>
<blk>0</blk>
<to>0</to>
<pf>0</pf>
<pam>-2</pam>
<pts>0</pts>
<dnp>false</dnp>
</player>
<player>
<name>Jan Vesely</name>
<pos>PF</pos>
<start>false</start>
<min>1</min>
<fgm>0</fgm>
<fga>0</fga>
<tpm>0</tpm>
<tpa>0</tpa>
<ftm>0</ftm>
<fta>0</fta>
<oreb>0</oreb>
<dreb>0</dreb>
<reb>0</reb>
<ast>0</ast>
<stl>0</stl>
<blk>0</blk>
<to>0</to>
<pf>0</pf>
<pam>+3</pam>
<pts>0</pts>
<dnp>false</dnp>
</player>
<player>
<name>Al Harrington</name>
<pos>PF</pos>
<start>false</start>
<min>19</min>
<fgm>3</fgm>
<fga>8</fga>
<tpm>2</tpm>
<tpa>5</tpa>
<ftm>0</ftm>
<fta>0</fta>
<oreb>0</oreb>
<dreb>2</dreb>
<reb>2</reb>
<ast>0</ast>
<stl>1</stl>
<blk>0</blk>
<to>0</to>
<pf>3</pf>
<pam>-12</pam>
<pts>8</pts>
<dnp>false</dnp>
</player>
<player>
<name>Martell Webster</name>
<pos>SF</pos>
<start>false</start>
<min>20</min>
<fgm>2</fgm>
<fga>5</fga>
<tpm>0</tpm>
<tpa>3</tpa>
<ftm>2</ftm>
<fta>2</fta>
<oreb>2</oreb>
<dreb>2</dreb>
<reb>4</reb>
<ast>1</ast>
<stl>0</stl>
<blk>0</blk>
<to>1</to>
<pf>1</pf>
<pam>-25</pam>
<pts>6</pts>
<dnp>false</dnp>
</player>
<player>
<name>Kevin Seraphin</name>
<pos>C</pos>
<start>false</start>
<min>3</min>
<fgm>0</fgm>
<fga>0</fga>
<tpm>0</tpm>
<tpa>0</tpa>
<ftm>0</ftm>
<fta>0</fta>
<oreb>0</oreb>
<dreb>0</dreb>
<reb>0</reb>
<ast>0</ast>
<stl>0</stl>
<blk>0</blk>
<to>0</to>
<pf>3</pf>
<pam>-7</pam>
<pts>0</pts>
<dnp>false</dnp>
</player>
<player>
<name>Eric Maynor</name>
<pos>PG</pos>
<start>false</start>
<min>14</min>
<fgm>1</fgm>
<fga>5</fga>
<tpm>0</tpm>
<tpa>0</tpa>
<ftm>0</ftm>
<fta>0</fta>
<oreb>0</oreb>
<dreb>3</dreb>
<reb>3</reb>
<ast>3</ast>
<stl>1</stl>
<blk>0</blk>
<to>1</to>
<pf>2</pf>
<pam>-8</pam>
<pts>2</pts>
<dnp>false</dnp>
</player>
<player>
<name>Glen Rice Jr.</name>
<pos>SG</pos>
<start>false</start>
<min>1</min>
<fgm>1</fgm>
<fga>1</fga>
<tpm>1</tpm>
<tpa>1</tpa>
<ftm>0</ftm>
<fta>0</fta>
<oreb>0</oreb>
<dreb>1</dreb>
<reb>1</reb>
<ast>0</ast>
<stl>0</stl>
<blk>0</blk>
<to>1</to>
<pf>0</pf>
<pam>+3</pam>
<pts>3</pts>
<dnp>false</dnp>
</player>
<home>false</home>
<win>false</win>
<fgm>33</fgm>
<fga>75</fga>
<tpm>9</tpm>
<tpa>26</tpa>
<ftm>20</ftm>
<fta>29</fta>
<oreb>11</oreb>
<dreb>33</dreb>
<reb>44</reb>
<ast>24</ast>
<stl>12</stl>
<blk>4</blk>
<to>19</to>
<pf>20</pf>
<pts>95</pts>
</team>
<team>
<name>Dallas Mavericks</name>
<player>
<name>Dirk Nowitzki</name>
<pos>PF</pos>
<start>true</start>
<min>32</min>
<fgm>8</fgm>
<fga>19</fga>
<tpm>2</tpm>
<tpa>5</tpa>
<ftm>1</ftm>
<fta>2</fta>
<oreb>1</oreb>
<dreb>7</dreb>
<reb>8</reb>
<ast>2</ast>
<stl>2</stl>
<blk>1</blk>
<to>1</to>
<pf>3</pf>
<pam>+16</pam>
<pts>19</pts>
<dnp>false</dnp>
</player>
<player>
<name>Shawn Marion</name>
<pos>SF</pos>
<start>true</start>
<min>33</min>
<fgm>4</fgm>
<fga>7</fga>
<tpm>0</tpm>
<tpa>1</tpa>
<ftm>0</ftm>
<fta>0</fta>
<oreb>2</oreb>
<dreb>7</dreb>
<reb>9</reb>
<ast>2</ast>
<stl>1</stl>
<blk>1</blk>
<to>4</to>
<pf>3</pf>
<pam>-5</pam>
<pts>8</pts>
<dnp>false</dnp>
</player>
<player>
<name>Samuel Dalembert</name>
<pos>C</pos>
<start>true</start>
<min>23</min>
<fgm>5</fgm>
<fga>7</fga>
<tpm>0</tpm>
<tpa>0</tpa>
<ftm>5</ftm>
<fta>6</fta>
<oreb>3</oreb>
<dreb>2</dreb>
<reb>5</reb>
<ast>1</ast>
<stl>2</stl>
<blk>0</blk>
<to>1</to>
<pf>2</pf>
<pam>-7</pam>
<pts>15</pts>
<dnp>false</dnp>
</player>
<player>
<name>Jose Calderon</name>
<pos>PG</pos>
<start>true</start>
<min>33</min>
<fgm>4</fgm>
<fga>8</fga>
<tpm>3</tpm>
<tpa>6</tpa>
<ftm>0</ftm>
<fta>0</fta>
<oreb>0</oreb>
<dreb>1</dreb>
<reb>1</reb>
<ast>4</ast>
<stl>2</stl>
<blk>0</blk>
<to>2</to>
<pf>2</pf>
<pam>-2</pam>
<pts>11</pts>
<dnp>false</dnp>
</player>
<player>
<name>Monta Ellis</name>
<pos>SG</pos>
<start>true</start>
<min>37</min>
<fgm>7</fgm>
<fga>16</fga>
<tpm>1</tpm>
<tpa>1</tpa>
<ftm>4</ftm>
<fta>5</fta>
<oreb>0</oreb>
<dreb>4</dreb>
<reb>4</reb>
<ast>7</ast>
<stl>0</stl>
<blk>0</blk>
<to>4</to>
<pf>3</pf>
<pam>+4</pam>
<pts>19</pts>
<dnp>false</dnp>
</player>
<player>
<name>Jae Crowder</name>
<pos>SF</pos>
<start>false</start>
<min>18</min>
<fgm>2</fgm>
<fga>5</fga>
<tpm>0</tpm>
<tpa>2</tpa>
<ftm>0</ftm>
<fta>1</fta>
<oreb>0</oreb>
<dreb>1</dreb>
<reb>1</reb>
<ast>3</ast>
<stl>1</stl>
<blk>0</blk>
<to>0</to>
<pf>1</pf>
<pam>+8</pam>
<pts>4</pts>
<dnp>false</dnp>
</player>
<player>
<name>DeJuan Blair</name>
<pos>C</pos>
<start>false</start>
<min>24</min>
<fgm>4</fgm>
<fga>6</fga>
<tpm>0</tpm>
<tpa>0</tpa>
<ftm>1</ftm>
<fta>3</fta>
<oreb>4</oreb>
<dreb>7</dreb>
<reb>11</reb>
<ast>1</ast>
<stl>0</stl>
<blk>0</blk>
<to>1</to>
<pf>2</pf>
<pam>+20</pam>
<pts>9</pts>
<dnp>false</dnp>
</player>
<player>
<name>Bernard James</name>
<pos>C</pos>
<start>false</start>
<min>1</min>
<fgm>0</fgm>
<fga>0</fga>
<tpm>0</tpm>
<tpa>0</tpa>
<ftm>0</ftm>
<fta>0</fta>
<oreb>0</oreb>
<dreb>0</dreb>
<reb>0</reb>
<ast>0</ast>
<stl>0</stl>
<blk>0</blk>
<to>1</to>
<pf>0</pf>
<pam>-3</pam>
<pts>0</pts>
<dnp>false</dnp>
</player>
<player>
<name>Gal Mekel</name>
<pos>PG</pos>
<start>false</start>
<min>12</min>
<fgm>1</fgm>
<fga>2</fga>
<tpm>0</tpm>
<tpa>1</tpa>
<ftm>2</ftm>
<fta>2</fta>
<oreb>0</oreb>
<dreb>0</dreb>
<reb>0</reb>
<ast>2</ast>
<stl>1</stl>
<blk>0</blk>
<to>1</to>
<pf>0</pf>
<pam>+6</pam>
<pts>4</pts>
<dnp>false</dnp>
</player>
<player>
<name>Ricky Ledo</name>
<pos>SG</pos>
<start>false</start>
<min>1</min>
<fgm>0</fgm>
<fga>1</fga>
<tpm>0</tpm>
<tpa>1</tpa>
<ftm>0</ftm>
<fta>0</fta>
<oreb>0</oreb>
<dreb>0</dreb>
<reb>0</reb>
<ast>0</ast>
<stl>0</stl>
<blk>0</blk>
<to>0</to>
<pf>0</pf>
<pam>-3</pam>
<pts>0</pts>
<dnp>false</dnp>
</player>
<player>
<name>Vince Carter</name>
<pos>SG</pos>
<start>false</start>
<min>26</min>
<fgm>6</fgm>
<fga>13</fga>
<tpm>4</tpm>
<tpa>9</tpa>
<ftm>0</ftm>
<fta>0</fta>
<oreb>1</oreb>
<dreb>2</dreb>
<reb>3</reb>
<ast>3</ast>
<stl>0</stl>
<blk>0</blk>
<to>0</to>
<pf>4</pf>
<pam>+16</pam>
<pts>16</pts>
<dnp>false</dnp>
</player>
<home>true</home>
<win>true</win>
<fgm>41</fgm>
<fga>84</fga>
<tpm>10</tpm>
<tpa>26</tpa>
<ftm>13</ftm>
<fta>19</fta>
<oreb>11</oreb>
<dreb>31</dreb>
<reb>42</reb>
<ast>25</ast>
<stl>9</stl>
<blk>2</blk>
<to>15</to>
<pf>20</pf>
<pts>105</pts>
</team>
</game>