<game>
<id>400489252</id>
<date>9:30 PM ET, December 18, 2013</date>
<team>
<name>Chicago Bulls</name>
<player>
<name>Carlos Boozer</name>
<pos>PF</pos>
<start>true</start>
<min>29</min>
<fgm>7</fgm>
<fga>15</fga>
<tpm>0</tpm>
<tpa>0</tpa>
<ftm>3</ftm>
<fta>4</fta>
<oreb>3</oreb>
<dreb>3</dreb>
<reb>6</reb>
<ast>2</ast>
<stl>2</stl>
<blk>0</blk>
<to>5</to>
<pf>3</pf>
<pam>-14</pam>
<pts>17</pts>
<dnp>false</dnp>
</player>
<player>
<name>Luol Deng</name>
<pos>SF</pos>
<start>true</start>
<min>35</min>
<fgm>7</fgm>
<fga>15</fga>
<tpm>1</tpm>
<tpa>3</tpa>
<ftm>3</ftm>
<fta>5</fta>
<oreb>0</oreb>
<dreb>5</dreb>
<reb>5</reb>
<ast>4</ast>
<stl>1</stl>
<blk>0</blk>
<to>2</to>
<pf>2</pf>
<pam>-14</pam>
<pts>18</pts>
<dnp>false</dnp>
</player>
<player>
<name>Joakim Noah</name>
<pos>C</pos>
<start>true</start>
<min>32</min>
<fgm>3</fgm>
<fga>8</fga>
<tpm>0</tpm>
<tpa>0</tpa>
<ftm>0</ftm>
<fta>2</fta>
<oreb>3</oreb>
<dreb>7</dreb>
<reb>10</reb>
<ast>3</ast>
<stl>0</stl>
<blk>1</blk>
<to>2</to>
<pf>4</pf>
<pam>-7</pam>
<pts>6</pts>
<dnp>false</dnp>
</player>
<player>
<name>D.J. Augustin</name>
<pos>PG</pos>
<start>true</start>
<min>31</min>
<fgm>2</fgm>
<fga>6</fga>
<tpm>2</tpm>
<tpa>4</tpa>
<ftm>2</ftm>
<fta>2</fta>
<oreb>0</oreb>
<dreb>2</dreb>
<reb>2</reb>
<ast>9</ast>
<stl>2</stl>
<blk>0</blk>
<to>1</to>
<pf>3</pf>
<pam>-20</pam>
<pts>8</pts>
<dnp>false</dnp>
</player>
<player>
<name>Jimmy Butler</name>
<pos>SG</pos>
<start>true</start>
<min>35</min>
<fgm>8</fgm>
<fga>15</fga>
<tpm>1</tpm>
<tpa>1</tpa>
<ftm>3</ftm>
<fta>5</fta>
<oreb>1</oreb>
<dreb>0</dreb>
<reb>1</reb>
<ast>0</ast>
<stl>2</stl>
<blk>0</blk>
<to>1</to>
<pf>1</pf>
<pam>-11</pam>
<pts>20</pts>
<dnp>false</dnp>
</player>
<player>
<name>Erik Murphy</name>
<pos>PF</pos>
<start>false</start>
<min>0</min>
<fgm>0</fgm>
<fga>0</fga>
<tpm>0</tpm>
<tpa>0</tpa>
<ftm>0</ftm>
<fta>0</fta>
<oreb>0</oreb>
<dreb>0</dreb>
<reb>0</reb>
<ast>0</ast>
<stl>0</stl>
<blk>0</blk>
<to>0</to>
<pf>0</pf>
<pam>+2</pam>
<pts>0</pts>
<dnp>false</dnp>
</player>
<player>
<name>Taj Gibson</name>
<pos>PF</pos>
<start>false</start>
<min>30</min>
<fgm>6</fgm>
<fga>9</fga>
<tpm>0</tpm>
<tpa>0</tpa>
<ftm>2</ftm>
<fta>4</fta>
<oreb>2</oreb>
<dreb>2</dreb>
<reb>4</reb>
<ast>1</ast>
<stl>0</stl>
<blk>0</blk>
<to>3</to>
<pf>2</pf>
<pam>-9</pam>
<pts>14</pts>
<dnp>false</dnp>
</player>
<player>
<name>Mike Dunleavy</name>
<pos>SF</pos>
<start>false</start>
<min>20</min>
<fgm>4</fgm>
<fga>8</fga>
<tpm>1</tpm>
<tpa>3</tpa>
<ftm>0</ftm>
<fta>1</fta>
<oreb>0</oreb>
<dreb>3</dreb>
<reb>3</reb>
<ast>1</ast>
<stl>1</stl>
<blk>0</blk>
<to>2</to>
<pf>1</pf>
<pam>-9</pam>
<pts>9</pts>
<dnp>false</dnp>
</player>
<player>
<name>Nazr Mohammed</name>
<pos>C</pos>
<start>false</start>
<min>4</min>
<fgm>0</fgm>
<fga>0</fga>
<tpm>0</tpm>
<tpa>0</tpa>
<ftm>0</ftm>
<fta>0</fta>
<oreb>0</oreb>
<dreb>0</dreb>
<reb>0</reb>
<ast>1</ast>
<stl>0</stl>
<blk>0</blk>
<to>1</to>
<pf>1</pf>
<pam>0</pam>
<pts>0</pts>
<dnp>false</dnp>
</player>
<player>
<name>Marquis Teague</name>
<pos>PG</pos>
<start>false</start>
<min>17</min>
<fgm>1</fgm>
<fga>3</fga>
<tpm>0</tpm>
<tpa>1</tpa>
<ftm>0</ftm>
<fta>0</fta>
<oreb>0</oreb>
<dreb>2</dreb>
<reb>2</reb>
<ast>4</ast>
<stl>0</stl>
<blk>1</blk>
<to>0</to>
<pf>2</pf>
<pam>+5</pam>
<pts>2</pts>
<dnp>false</dnp>
</player>
<player>
<name>Tony Snell</name>
<pos>SG</pos>
<start>false</start>
<min>6</min>
<fgm>0</fgm>
<fga>0</fga>
<tpm>0</tpm>
<tpa>0</tpa>
<ftm>0</ftm>
<fta>0</fta>
<oreb>0</oreb>
<dreb>0</dreb>
<reb>0</reb>
<ast>1</ast>
<stl>0</stl>
<blk>0</blk>
<to>0</to>
<pf>0</pf>
<pam>+2</pam>
<pts>0</pts>
<dnp>false</dnp>
</player>
<home>false</home>
<win>false</win>
<fgm>38</fgm>
<fga>79</fga>
<tpm>5</tpm>
<tpa>12</tpa>
<ftm>13</ftm>
<fta>23</fta>
<oreb>9</oreb>
<dreb>24</dreb>
<reb>33</reb>
<ast>26</ast>
<stl>8</stl>
<blk>2</blk>
<to>17</to>
<pf>19</pf>
<pts>94</pts>
</team>
<team>
<name>Houston Rockets</name>
<player>
<name>Terrence Jones</name>
<pos>PF</pos>
<start>true</start>
<min>27</min>
<fgm>2</fgm>
<fga>8</fga>
<tpm>0</tpm>
<tpa>3</tpa>
<ftm>1</ftm>
<fta>1</fta>
<oreb>1</oreb>
<dreb>4</dreb>
<reb>5</reb>
<ast>6</ast>
<stl>1</stl>
<blk>1</blk>
<to>0</to>
<pf>2</pf>
<pam>+8</pam>
<pts>5</pts>
<dnp>false</dnp>
</player>
<player>
<name>Chandler Parsons</name>
<pos>SF</pos>
<start>true</start>
<min>36</min>
<fgm>8</fgm>
<fga>14</fga>
<tpm>3</tpm>
<tpa>4</tpa>
<ftm>0</ftm>
<fta>1</fta>
<oreb>2</oreb>
<dreb>7</dreb>
<reb>9</reb>
<ast>3</ast>
<stl>0</stl>
<blk>1</blk>
<to>2</to>
<pf>2</pf>
<pam>+7</pam>
<pts>19</pts>
<dnp>false</dnp>
</player>
<player>
<name>Dwight Howard</name>
<pos>C</pos>
<start>true</start>
<min>34</min>
<fgm>11</fgm>
<fga>14</fga>
<tpm>0</tpm>
<tpa>0</tpa>
<ftm>1</ftm>
<fta>1</fta>
<oreb>1</oreb>
<dreb>8</dreb>
<reb>9</reb>
<ast>0</ast>
<stl>1</stl>
<blk>1</blk>
<to>2</to>
<pf>2</pf>
<pam>+19</pam>
<pts>23</pts>
<dnp>false</dnp>
</player>
<player>
<name>Patrick Beverley</name>
<pos>PG</pos>
<start>true</start>
<min>34</min>
<fgm>5</fgm>
<fga>9</fga>
<tpm>2</tpm>
<tpa>4</tpa>
<ftm>3</ftm>
<fta>5</fta>
<oreb>0</oreb>
<dreb>1</dreb>
<reb>1</reb>
<ast>3</ast>
<stl>0</stl>
<blk>0</blk>
<to>0</to>
<pf>1</pf>
<pam>+4</pam>
<pts>15</pts>
<dnp>false</dnp>
</player>
<player>
<name>James Harden</name>
<pos>SG</pos>
<start>true</start>
<min>36</min>
<fgm>7</fgm>
<fga>13</fga>
<tpm>1</tpm>
<tpa>4</tpa>
<ftm>4</ftm>
<fta>4</fta>
<oreb>0</oreb>
<dreb>4</dreb>
<reb>4</reb>
<ast>6</ast>
<stl>3</stl>
<blk>0</blk>
<to>7</to>
<pf>3</pf>
<pam>+22</pam>
<pts>19</pts>
<dnp>false</dnp>
</player>
<player>
<name>Greg Smith</name>
<pos>PF</pos>
<start>false</start>
<min>14</min>
<fgm>2</fgm>
<fga>3</fga>
<tpm>0</tpm>
<tpa>0</tpa>
<ftm>0</ftm>
<fta>0</fta>
<oreb>1</oreb>
<dreb>1</dreb>
<reb>2</reb>
<ast>0</ast>
<stl>0</stl>
<blk>0</blk>
<to>1</to>
<pf>3</pf>
<pam>-4</pam>
<pts>4</pts>
<dnp>false</dnp>
</player>
<player>
<name>Ronnie Brewer</name>
<pos>SF</pos>
<start>false</start>
<min>3</min>
<fgm>1</fgm>
<fga>2</fga>
<tpm>0</tpm>
<tpa>0</tpa>
<ftm>0</ftm>
<fta>0</fta>
<oreb>0</oreb>
<dreb>0</dreb>
<reb>0</reb>
<ast>1</ast>
<stl>1</stl>
<blk>0</blk>
<to>0</to>
<pf>0</pf>
<pam>+1</pam>
<pts>2</pts>
<dnp>false</dnp>
</player>
<player>
<name>Omri Casspi</name>
<pos>SF</pos>
<start>false</start>
<min>21</min>
<fgm>3</fgm>
<fga>7</fga>
<tpm>1</tpm>
<tpa>4</tpa>
<ftm>4</ftm>
<fta>4</fta>
<oreb>2</oreb>
<dreb>1</dreb>
<reb>3</reb>
<ast>0</ast>
<stl>1</stl>
<blk>0</blk>
<to>1</to>
<pf>2</pf>
<pam>+7</pam>
<pts>11</pts>
<dnp>false</dnp>
</player>
<player>
<name>Aaron Brooks</name>
<pos>PG</pos>
<start>false</start>
<min>18</min>
<fgm>1</fgm>
<fga>6</fga>
<tpm>0</tpm>
<tpa>1</tpa>
<ftm>0</ftm>
<fta>0</fta>
<oreb>1</oreb>
<dreb>2</dreb>
<reb>3</reb>
<ast>4</ast>
<stl>1</stl>
<blk>0</blk>
<to>0</to>
<pf>3</pf>
<pam>+6</pam>
<pts>2</pts>
<dnp>false</dnp>
</player>
<player>
<name>Francisco Garcia</name>
<pos>SG</pos>
<start>false</start>
<min>19</min>
<fgm>4</fgm>
<fga>6</fga>
<tpm>1</tpm>
<tpa>2</tpa>
<ftm>0</ftm>
<fta>0</fta>
<oreb>1</oreb>
<dreb>0</dreb>
<reb>1</reb>
<ast>0</ast>
<stl>0</stl>
<blk>2</blk>
<to>0</to>
<pf>4</pf>
<pam>+5</pam>
<pts>9</pts>
<dnp>false</dnp>
</player>
<player>
<name>Donatas Motiejunas</name>
<pos>PF</pos>
<start>false</start>
<min>0</min>
<fgm>0</fgm>
<fga>0</fga>
<tpm>0</tpm>
<tpa>0</tpa>
<ftm>0</ftm>
<fta>0</fta>
<oreb>0</oreb>
<dreb>0</dreb>
<reb>0</reb>
<ast>0</ast>
<stl>0</stl>
<blk>0</blk>
<to>0</to>
<pf>0</pf>
<pam>0</pam>
<pts>0</pts>
<dnp>true</dnp>
</player>
<player>
<name>Omer Asik</name>
<pos>C</pos>
<start>false</start>
<min>0</min>
<fgm>0</fgm>
<fga>0</fga>
<tpm>0</tpm>
<tpa>0</tpa>
<ftm>0</ftm>
<fta>0</fta>
<oreb>0</oreb>
<dreb>0</dreb>
<reb>0</reb>
<ast>0</ast>
<stl>0</stl>
<blk>0</blk>
<to>0</to>
<pf>0</pf>
<pam>0</pam>
<pts>0</pts>
<dnp>true</dnp>
</player>
<home>true</home>
<win>true</win>
<fgm>44</fgm>
<fga>82</fga>
<tpm>8</tpm>
<tpa>22</tpa>
<ftm>13</ftm>
<fta>16</fta>
<oreb>9</oreb>
<dreb>28</dreb>
<reb>37</reb>
<ast>23</ast>
<stl>8</stl>
<blk>5</blk>
<to>13</to>
<pf>22</pf>
<pts>109</pts>
</team>
</game>