<game>
<id>400489256</id>
<date>7:00 PM ET, December 20, 2013</date>
<team>
<name>Brooklyn Nets</name>
<player>
<name>Mirza Teletovic</name>
<pos>PF</pos>
<start>true</start>
<min>33</min>
<fgm>6</fgm>
<fga>13</fga>
<tpm>6</tpm>
<tpa>11</tpa>
<ftm>0</ftm>
<fta>0</fta>
<oreb>0</oreb>
<dreb>4</dreb>
<reb>4</reb>
<ast>2</ast>
<stl>0</stl>
<blk>1</blk>
<to>0</to>
<pf>3</pf>
<pam>-2</pam>
<pts>18</pts>
<dnp>false</dnp>
</player>
<player>
<name>Paul Pierce</name>
<pos>SF</pos>
<start>true</start>
<min>44</min>
<fgm>7</fgm>
<fga>9</fga>
<tpm>4</tpm>
<tpa>6</tpa>
<ftm>6</ftm>
<fta>6</fta>
<oreb>0</oreb>
<dreb>10</dreb>
<reb>10</reb>
<ast>5</ast>
<stl>3</stl>
<blk>0</blk>
<to>6</to>
<pf>2</pf>
<pam>0</pam>
<pts>24</pts>
<dnp>false</dnp>
</player>
<player>
<name>Alan Anderson</name>
<pos>SF</pos>
<start>true</start>
<min>46</min>
<fgm>9</fgm>
<fga>17</fga>
<tpm>5</tpm>
<tpa>11</tpa>
<ftm>3</ftm>
<fta>4</fta>
<oreb>1</oreb>
<dreb>4</dreb>
<reb>5</reb>
<ast>2</ast>
<stl>1</stl>
<blk>1</blk>
<to>0</to>
<pf>2</pf>
<pam>+5</pam>
<pts>26</pts>
<dnp>false</dnp>
</player>
<player>
<name>Brook Lopez</name>
<pos>C</pos>
<start>true</start>
<min>44</min>
<fgm>9</fgm>
<fga>19</fga>
<tpm>0</tpm>
<tpa>0</tpa>
<ftm>4</ftm>
<fta>7</fta>
<oreb>2</oreb>
<dreb>5</dreb>
<reb>7</reb>
<ast>0</ast>
<stl>2</stl>
<blk>1</blk>
<to>2</to>
<pf>5</pf>
<pam>+6</pam>
<pts>22</pts>
<dnp>false</dnp>
</player>
<player>
<name>Deron Williams</name>
<pos>PG</pos>
<start>true</start>
<min>42</min>
<fgm>5</fgm>
<fga>12</fga>
<tpm>0</tpm>
<tpa>4</tpa>
<ftm>7</ftm>
<fta>11</fta>
<oreb>0</oreb>
<dreb>3</dreb>
<reb>3</reb>
<ast>14</ast>
<stl>0</stl>
<blk>0</blk>
<to>6</to>
<pf>2</pf>
<pam>-1</pam>
<pts>17</pts>
<dnp>false</dnp>
</player>
<player>
<name>Mason Plumlee</name>
<pos>PF</pos>
<start>false</start>
<min>9</min>
<fgm>1</fgm>
<fga>2</fga>
<tpm>0</tpm>
<tpa>0</tpa>
<ftm>1</ftm>
<fta>2</fta>
<oreb>0</oreb>
<dreb>0</dreb>
<reb>0</reb>
<ast>0</ast>
<stl>2</stl>
<blk>1</blk>
<to>1</to>
<pf>1</pf>
<pam>-7</pam>
<pts>3</pts>
<dnp>false</dnp>
</player>
<player>
<name>Andray Blatche</name>
<pos>C</pos>
<start>false</start>
<min>21</min>
<fgm>3</fgm>
<fga>10</fga>
<tpm>0</tpm>
<tpa>1</tpa>
<ftm>0</ftm>
<fta>0</fta>
<oreb>1</oreb>
<dreb>2</dreb>
<reb>3</reb>
<ast>2</ast>
<stl>1</stl>
<blk>0</blk>
<to>0</to>
<pf>2</pf>
<pam>-2</pam>
<pts>6</pts>
<dnp>false</dnp>
</player>
<player>
<name>Shaun Livingston</name>
<pos>PG</pos>
<start>false</start>
<min>27</min>
<fgm>2</fgm>
<fga>3</fga>
<tpm>0</tpm>
<tpa>0</tpa>
<ftm>0</ftm>
<fta>0</fta>
<oreb>1</oreb>
<dreb>3</dreb>
<reb>4</reb>
<ast>11</ast>
<stl>1</stl>
<blk>1</blk>
<to>1</to>
<pf>1</pf>
<pam>-4</pam>
<pts>4</pts>
<dnp>false</dnp>
</player>
<player>
<name>Reggie Evans</name>
<pos>PF</pos>
<start>false</start>
<min>0</min>
<fgm>0</fgm>
<fga>0</fga>
<tpm>0</tpm>
<tpa>0</tpa>
<ftm>0</ftm>
<fta>0</fta>
<oreb>0</oreb>
<dreb>0</dreb>
<reb>0</reb>
<ast>0</ast>
<stl>0</stl>
<blk>0</blk>
<to>0</to>
<pf>0</pf>
<pam>0</pam>
<pts>0</pts>
<dnp>true</dnp>
</player>
<player>
<name>Tornike Shengelia</name>
<pos>SF</pos>
<start>false</start>
<min>0</min>
<fgm>0</fgm>
<fga>0</fga>
<tpm>0</tpm>
<tpa>0</tpa>
<ftm>0</ftm>
<fta>0</fta>
<oreb>0</oreb>
<dreb>0</dreb>
<reb>0</reb>
<ast>0</ast>
<stl>0</stl>
<blk>0</blk>
<to>0</to>
<pf>0</pf>
<pam>0</pam>
<pts>0</pts>
<dnp>true</dnp>
</player>
<player>
<name>Kevin Garnett</name>
<pos>C</pos>
<start>false</start>
<min>0</min>
<fgm>0</fgm>
<fga>0</fga>
<tpm>0</tpm>
<tpa>0</tpa>
<ftm>0</ftm>
<fta>0</fta>
<oreb>0</oreb>
<dreb>0</dreb>
<reb>0</reb>
<ast>0</ast>
<stl>0</stl>
<blk>0</blk>
<to>0</to>
<pf>0</pf>
<pam>0</pam>
<pts>0</pts>
<dnp>true</dnp>
</player>
<player>
<name>Tyshawn Taylor</name>
<pos>PG</pos>
<start>false</start>
<min>0</min>
<fgm>0</fgm>
<fga>0</fga>
<tpm>0</tpm>
<tpa>0</tpa>
<ftm>0</ftm>
<fta>0</fta>
<oreb>0</oreb>
<dreb>0</dreb>
<reb>0</reb>
<ast>0</ast>
<stl>0</stl>
<blk>0</blk>
<to>0</to>
<pf>0</pf>
<pam>0</pam>
<pts>0</pts>
<dnp>true</dnp>
</player>
<home>false</home>
<win>false</win>
<fgm>42</fgm>
<fga>85</fga>
<tpm>15</tpm>
<tpa>33</tpa>
<ftm>21</ftm>
<fta>30</fta>
<oreb>5</oreb>
<dreb>31</dreb>
<reb>36</reb>
<ast>36</ast>
<stl>10</stl>
<blk>5</blk>
<to>16</to>
<pf>18</pf>
<pts>120</pts>
</team>
<team>
<name>Philadelphia 76ers</name>
<player>
<name>Spencer Hawes</name>
<pos>PF</pos>
<start>true</start>
<min>41</min>
<fgm>3</fgm>
<fga>14</fga>
<tpm>2</tpm>
<tpa>7</tpa>
<ftm>2</ftm>
<fta>4</fta>
<oreb>1</oreb>
<dreb>8</dreb>
<reb>9</reb>
<ast>8</ast>
<stl>1</stl>
<blk>0</blk>
<to>2</to>
<pf>2</pf>
<pam>-3</pam>
<pts>10</pts>
<dnp>false</dnp>
</player>
<player>
<name>Thaddeus Young</name>
<pos>PF</pos>
<start>true</start>
<min>35</min>
<fgm>11</fgm>
<fga>18</fga>
<tpm>3</tpm>
<tpa>3</tpa>
<ftm>0</ftm>
<fta>0</fta>
<oreb>4</oreb>
<dreb>2</dreb>
<reb>6</reb>
<ast>4</ast>
<stl>3</stl>
<blk>1</blk>
<to>1</to>
<pf>3</pf>
<pam>+10</pam>
<pts>25</pts>
<dnp>false</dnp>
</player>
<player>
<name>Evan Turner</name>
<pos>SF</pos>
<start>true</start>
<min>47</min>
<fgm>13</fgm>
<fga>22</fga>
<tpm>1</tpm>
<tpa>4</tpa>
<ftm>2</ftm>
<fta>3</fta>
<oreb>0</oreb>
<dreb>10</dreb>
<reb>10</reb>
<ast>5</ast>
<stl>1</stl>
<blk>0</blk>
<to>4</to>
<pf>5</pf>
<pam>+5</pam>
<pts>29</pts>
<dnp>false</dnp>
</player>
<player>
<name>Michael Carter-Williams</name>
<pos>PG</pos>
<start>true</start>
<min>35</min>
<fgm>5</fgm>
<fga>13</fga>
<tpm>0</tpm>
<tpa>2</tpa>
<ftm>5</ftm>
<fta>7</fta>
<oreb>1</oreb>
<dreb>2</dreb>
<reb>3</reb>
<ast>10</ast>
<stl>3</stl>
<blk>1</blk>
<to>3</to>
<pf>4</pf>
<pam>-6</pam>
<pts>15</pts>
<dnp>false</dnp>
</player>
<player>
<name>Hollis Thompson</name>
<pos>SG</pos>
<start>true</start>
<min>26</min>
<fgm>3</fgm>
<fga>4</fga>
<tpm>1</tpm>
<tpa>2</tpa>
<ftm>0</ftm>
<fta>0</fta>
<oreb>2</oreb>
<dreb>3</dreb>
<reb>5</reb>
<ast>1</ast>
<stl>0</stl>
<blk>0</blk>
<to>1</to>
<pf>2</pf>
<pam>+3</pam>
<pts>7</pts>
<dnp>false</dnp>
</player>
<player>
<name>Brandon Davies</name>
<pos>PF</pos>
<start>false</start>
<min>6</min>
<fgm>2</fgm>
<fga>2</fga>
<tpm>0</tpm>
<tpa>0</tpa>
<ftm>0</ftm>
<fta>0</fta>
<oreb>0</oreb>
<dreb>0</dreb>
<reb>0</reb>
<ast>0</ast>
<stl>0</stl>
<blk>0</blk>
<to>0</to>
<pf>1</pf>
<pam>-3</pam>
<pts>4</pts>
<dnp>false</dnp>
</player>
<player>
<name>Lavoy Allen</name>
<pos>PF</pos>
<start>false</start>
<min>24</min>
<fgm>5</fgm>
<fga>7</fga>
<tpm>0</tpm>
<tpa>1</tpa>
<ftm>0</ftm>
<fta>0</fta>
<oreb>2</oreb>
<dreb>5</dreb>
<reb>7</reb>
<ast>4</ast>
<stl>0</stl>
<blk>0</blk>
<to>0</to>
<pf>1</pf>
<pam>-2</pam>
<pts>10</pts>
<dnp>false</dnp>
</player>
<player>
<name>James Anderson</name>
<pos>SG</pos>
<start>false</start>
<min>27</min>
<fgm>1</fgm>
<fga>3</fga>
<tpm>0</tpm>
<tpa>2</tpa>
<ftm>0</ftm>
<fta>0</fta>
<oreb>2</oreb>
<dreb>4</dreb>
<reb>6</reb>
<ast>1</ast>
<stl>0</stl>
<blk>0</blk>
<to>2</to>
<pf>1</pf>
<pam>0</pam>
<pts>2</pts>
<dnp>false</dnp>
</player>
<player>
<name>Tony Wroten</name>
<pos>SG</pos>
<start>false</start>
<min>24</min>
<fgm>8</fgm>
<fga>17</fga>
<tpm>2</tpm>
<tpa>8</tpa>
<ftm>1</ftm>
<fta>1</fta>
<oreb>0</oreb>
<dreb>3</dreb>
<reb>3</reb>
<ast>3</ast>
<stl>0</stl>
<blk>0</blk>
<to>4</to>
<pf>2</pf>
<pam>+1</pam>
<pts>19</pts>
<dnp>false</dnp>
</player>
<player>
<name>Daniel Orton</name>
<pos>C</pos>
<start>false</start>
<min>0</min>
<fgm>0</fgm>
<fga>0</fga>
<tpm>0</tpm>
<tpa>0</tpa>
<ftm>0</ftm>
<fta>0</fta>
<oreb>0</oreb>
<dreb>0</dreb>
<reb>0</reb>
<ast>0</ast>
<stl>0</stl>
<blk>0</blk>
<to>0</to>
<pf>0</pf>
<pam>0</pam>
<pts>0</pts>
<dnp>true</dnp>
</player>
<player>
<name>Lorenzo Brown</name>
<pos>PG</pos>
<start>false</start>
<min>0</min>
<fgm>0</fgm>
<fga>0</fga>
<tpm>0</tpm>
<tpa>0</tpa>
<ftm>0</ftm>
<fta>0</fta>
<oreb>0</oreb>
<dreb>0</dreb>
<reb>0</reb>
<ast>0</ast>
<stl>0</stl>
<blk>0</blk>
<to>0</to>
<pf>0</pf>
<pam>0</pam>
<pts>0</pts>
<dnp>true</dnp>
</player>
<home>true</home>
<win>true</win>
<fgm>51</fgm>
<fga>100</fga>
<tpm>9</tpm>
<tpa>29</tpa>
<ftm>10</ftm>
<fta>15</fta>
<oreb>12</oreb>
<dreb>37</dreb>
<reb>49</reb>
<ast>36</ast>
<stl>8</stl>
<blk>2</blk>
<to>17</to>
<pf>21</pf>
<pts>121</pts>
</team>
</game>