<game>
<id>400489160</id>
<date>9:00 PM ET, December 6, 2013</date>
<team>
<name>Toronto Raptors</name>
<player>
<name>Tyler Hansbrough</name>
<pos>PF</pos>
<start>true</start>
<min>3</min>
<fgm>0</fgm>
<fga>1</fga>
<tpm>0</tpm>
<tpa>0</tpa>
<ftm>0</ftm>
<fta>0</fta>
<oreb>0</oreb>
<dreb>0</dreb>
<reb>0</reb>
<ast>0</ast>
<stl>0</stl>
<blk>0</blk>
<to>1</to>
<pf>0</pf>
<pam>-6</pam>
<pts>0</pts>
<dnp>false</dnp>
</player>
<player>
<name>Rudy Gay</name>
<pos>SF</pos>
<start>true</start>
<min>32</min>
<fgm>6</fgm>
<fga>15</fga>
<tpm>1</tpm>
<tpa>3</tpa>
<ftm>4</ftm>
<fta>4</fta>
<oreb>1</oreb>
<dreb>9</dreb>
<reb>10</reb>
<ast>3</ast>
<stl>2</stl>
<blk>1</blk>
<to>1</to>
<pf>3</pf>
<pam>-6</pam>
<pts>17</pts>
<dnp>false</dnp>
</player>
<player>
<name>Jonas Valanciunas</name>
<pos>C</pos>
<start>true</start>
<min>29</min>
<fgm>4</fgm>
<fga>10</fga>
<tpm>0</tpm>
<tpa>0</tpa>
<ftm>3</ftm>
<fta>4</fta>
<oreb>4</oreb>
<dreb>6</dreb>
<reb>10</reb>
<ast>3</ast>
<stl>0</stl>
<blk>0</blk>
<to>0</to>
<pf>2</pf>
<pam>-15</pam>
<pts>11</pts>
<dnp>false</dnp>
</player>
<player>
<name>Kyle Lowry</name>
<pos>PG</pos>
<start>true</start>
<min>39</min>
<fgm>7</fgm>
<fga>16</fga>
<tpm>2</tpm>
<tpa>6</tpa>
<ftm>5</ftm>
<fta>6</fta>
<oreb>1</oreb>
<dreb>0</dreb>
<reb>1</reb>
<ast>7</ast>
<stl>0</stl>
<blk>0</blk>
<to>2</to>
<pf>4</pf>
<pam>-11</pam>
<pts>21</pts>
<dnp>false</dnp>
</player>
<player>
<name>DeMar DeRozan</name>
<pos>SG</pos>
<start>true</start>
<min>39</min>
<fgm>5</fgm>
<fga>15</fga>
<tpm>0</tpm>
<tpa>3</tpa>
<ftm>3</ftm>
<fta>4</fta>
<oreb>0</oreb>
<dreb>3</dreb>
<reb>3</reb>
<ast>2</ast>
<stl>2</stl>
<blk>0</blk>
<to>2</to>
<pf>5</pf>
<pam>-17</pam>
<pts>13</pts>
<dnp>false</dnp>
</player>
<player>
<name>Amir Johnson</name>
<pos>PF</pos>
<start>false</start>
<min>33</min>
<fgm>9</fgm>
<fga>15</fga>
<tpm>0</tpm>
<tpa>0</tpa>
<ftm>4</ftm>
<fta>4</fta>
<oreb>3</oreb>
<dreb>4</dreb>
<reb>7</reb>
<ast>0</ast>
<stl>0</stl>
<blk>3</blk>
<to>1</to>
<pf>5</pf>
<pam>+9</pam>
<pts>22</pts>
<dnp>false</dnp>
</player>
<player>
<name>Landry Fields</name>
<pos>SF</pos>
<start>false</start>
<min>18</min>
<fgm>2</fgm>
<fga>4</fga>
<tpm>0</tpm>
<tpa>0</tpa>
<ftm>1</ftm>
<fta>1</fta>
<oreb>0</oreb>
<dreb>0</dreb>
<reb>0</reb>
<ast>0</ast>
<stl>2</stl>
<blk>1</blk>
<to>0</to>
<pf>0</pf>
<pam>-3</pam>
<pts>5</pts>
<dnp>false</dnp>
</player>
<player>
<name>Quincy Acy</name>
<pos>SF</pos>
<start>false</start>
<min>0</min>
<fgm>0</fgm>
<fga>0</fga>
<tpm>0</tpm>
<tpa>0</tpa>
<ftm>0</ftm>
<fta>0</fta>
<oreb>0</oreb>
<dreb>0</dreb>
<reb>0</reb>
<ast>0</ast>
<stl>0</stl>
<blk>0</blk>
<to>0</to>
<pf>0</pf>
<pam>0</pam>
<pts>0</pts>
<dnp>false</dnp>
</player>
<player>
<name>Terrence Ross</name>
<pos>SF</pos>
<start>false</start>
<min>9</min>
<fgm>0</fgm>
<fga>3</fga>
<tpm>0</tpm>
<tpa>1</tpa>
<ftm>2</ftm>
<fta>2</fta>
<oreb>1</oreb>
<dreb>1</dreb>
<reb>2</reb>
<ast>0</ast>
<stl>0</stl>
<blk>0</blk>
<to>0</to>
<pf>1</pf>
<pam>+8</pam>
<pts>2</pts>
<dnp>false</dnp>
</player>
<player>
<name>Steve Novak</name>
<pos>SF</pos>
<start>false</start>
<min>20</min>
<fgm>2</fgm>
<fga>5</fga>
<tpm>2</tpm>
<tpa>4</tpa>
<ftm>0</ftm>
<fta>0</fta>
<oreb>0</oreb>
<dreb>2</dreb>
<reb>2</reb>
<ast>0</ast>
<stl>1</stl>
<blk>0</blk>
<to>0</to>
<pf>4</pf>
<pam>+6</pam>
<pts>6</pts>
<dnp>false</dnp>
</player>
<player>
<name>Julyan Stone</name>
<pos>PG</pos>
<start>false</start>
<min>18</min>
<fgm>0</fgm>
<fga>3</fga>
<tpm>0</tpm>
<tpa>2</tpa>
<ftm>0</ftm>
<fta>0</fta>
<oreb>1</oreb>
<dreb>0</dreb>
<reb>1</reb>
<ast>0</ast>
<stl>0</stl>
<blk>0</blk>
<to>1</to>
<pf>2</pf>
<pam>-10</pam>
<pts>0</pts>
<dnp>false</dnp>
</player>
<player>
<name>Austin Daye</name>
<pos>SF</pos>
<start>false</start>
<min>0</min>
<fgm>0</fgm>
<fga>0</fga>
<tpm>0</tpm>
<tpa>0</tpa>
<ftm>0</ftm>
<fta>0</fta>
<oreb>0</oreb>
<dreb>0</dreb>
<reb>0</reb>
<ast>0</ast>
<stl>0</stl>
<blk>0</blk>
<to>0</to>
<pf>0</pf>
<pam>0</pam>
<pts>0</pts>
<dnp>true</dnp>
</player>
<home>false</home>
<win>false</win>
<fgm>35</fgm>
<fga>87</fga>
<tpm>5</tpm>
<tpa>19</tpa>
<ftm>22</ftm>
<fta>25</fta>
<oreb>11</oreb>
<dreb>25</dreb>
<reb>36</reb>
<ast>15</ast>
<stl>7</stl>
<blk>5</blk>
<to>8</to>
<pf>26</pf>
<pts>97</pts>
</team>
<team>
<name>Phoenix Suns</name>
<player>
<name>Channing Frye</name>
<pos>PF</pos>
<start>true</start>
<min>18</min>
<fgm>1</fgm>
<fga>4</fga>
<tpm>0</tpm>
<tpa>1</tpa>
<ftm>0</ftm>
<fta>0</fta>
<oreb>1</oreb>
<dreb>3</dreb>
<reb>4</reb>
<ast>1</ast>
<stl>1</stl>
<blk>0</blk>
<to>1</to>
<pf>4</pf>
<pam>+12</pam>
<pts>2</pts>
<dnp>false</dnp>
</player>
<player>
<name>P.J. Tucker</name>
<pos>SF</pos>
<start>true</start>
<min>38</min>
<fgm>4</fgm>
<fga>12</fga>
<tpm>2</tpm>
<tpa>4</tpa>
<ftm>8</ftm>
<fta>10</fta>
<oreb>6</oreb>
<dreb>7</dreb>
<reb>13</reb>
<ast>3</ast>
<stl>1</stl>
<blk>0</blk>
<to>3</to>
<pf>3</pf>
<pam>+6</pam>
<pts>18</pts>
<dnp>false</dnp>
</player>
<player>
<name>Miles Plumlee</name>
<pos>C</pos>
<start>true</start>
<min>19</min>
<fgm>3</fgm>
<fga>6</fga>
<tpm>0</tpm>
<tpa>0</tpa>
<ftm>3</ftm>
<fta>4</fta>
<oreb>2</oreb>
<dreb>5</dreb>
<reb>7</reb>
<ast>0</ast>
<stl>0</stl>
<blk>2</blk>
<to>1</to>
<pf>4</pf>
<pam>+9</pam>
<pts>9</pts>
<dnp>false</dnp>
</player>
<player>
<name>Eric Bledsoe</name>
<pos>PG</pos>
<start>true</start>
<min>34</min>
<fgm>5</fgm>
<fga>11</fga>
<tpm>2</tpm>
<tpa>2</tpa>
<ftm>4</ftm>
<fta>5</fta>
<oreb>0</oreb>
<dreb>1</dreb>
<reb>1</reb>
<ast>7</ast>
<stl>0</stl>
<blk>1</blk>
<to>3</to>
<pf>3</pf>
<pam>+13</pam>
<pts>16</pts>
<dnp>false</dnp>
</player>
<player>
<name>Goran Dragic</name>
<pos>SG</pos>
<start>true</start>
<min>38</min>
<fgm>5</fgm>
<fga>13</fga>
<tpm>1</tpm>
<tpa>4</tpa>
<ftm>3</ftm>
<fta>4</fta>
<oreb>0</oreb>
<dreb>5</dreb>
<reb>5</reb>
<ast>2</ast>
<stl>1</stl>
<blk>0</blk>
<to>2</to>
<pf>1</pf>
<pam>+9</pam>
<pts>14</pts>
<dnp>false</dnp>
</player>
<player>
<name>Markieff Morris</name>
<pos>PF</pos>
<start>false</start>
<min>32</min>
<fgm>11</fgm>
<fga>14</fga>
<tpm>0</tpm>
<tpa>0</tpa>
<ftm>3</ftm>
<fta>6</fta>
<oreb>6</oreb>
<dreb>5</dreb>
<reb>11</reb>
<ast>1</ast>
<stl>0</stl>
<blk>0</blk>
<to>5</to>
<pf>4</pf>
<pam>-3</pam>
<pts>25</pts>
<dnp>false</dnp>
</player>
<player>
<name>Marcus Morris</name>
<pos>PF</pos>
<start>false</start>
<min>23</min>
<fgm>3</fgm>
<fga>10</fga>
<tpm>2</tpm>
<tpa>5</tpa>
<ftm>2</ftm>
<fta>3</fta>
<oreb>1</oreb>
<dreb>2</dreb>
<reb>3</reb>
<ast>0</ast>
<stl>1</stl>
<blk>0</blk>
<to>1</to>
<pf>5</pf>
<pam>-6</pam>
<pts>10</pts>
<dnp>false</dnp>
</player>
<player>
<name>Slava Kravtsov</name>
<pos>C</pos>
<start>false</start>
<min>3</min>
<fgm>0</fgm>
<fga>1</fga>
<tpm>0</tpm>
<tpa>0</tpa>
<ftm>0</ftm>
<fta>0</fta>
<oreb>1</oreb>
<dreb>0</dreb>
<reb>1</reb>
<ast>0</ast>
<stl>0</stl>
<blk>0</blk>
<to>0</to>
<pf>1</pf>
<pam>+1</pam>
<pts>0</pts>
<dnp>false</dnp>
</player>
<player>
<name>Archie Goodwin</name>
<pos>SG</pos>
<start>false</start>
<min>13</min>
<fgm>1</fgm>
<fga>2</fga>
<tpm>0</tpm>
<tpa>1</tpa>
<ftm>0</ftm>
<fta>0</fta>
<oreb>1</oreb>
<dreb>3</dreb>
<reb>4</reb>
<ast>0</ast>
<stl>0</stl>
<blk>1</blk>
<to>0</to>
<pf>0</pf>
<pam>+3</pam>
<pts>2</pts>
<dnp>false</dnp>
</player>
<player>
<name>Gerald Green</name>
<pos>SG</pos>
<start>false</start>
<min>22</min>
<fgm>4</fgm>
<fga>9</fga>
<tpm>2</tpm>
<tpa>6</tpa>
<ftm>0</ftm>
<fta>0</fta>
<oreb>0</oreb>
<dreb>4</dreb>
<reb>4</reb>
<ast>2</ast>
<stl>0</stl>
<blk>0</blk>
<to>0</to>
<pf>2</pf>
<pam>+1</pam>
<pts>10</pts>
<dnp>false</dnp>
</player>
<player>
<name>Alex Len</name>
<pos>C</pos>
<start>false</start>
<min>0</min>
<fgm>0</fgm>
<fga>0</fga>
<tpm>0</tpm>
<tpa>0</tpa>
<ftm>0</ftm>
<fta>0</fta>
<oreb>0</oreb>
<dreb>0</dreb>
<reb>0</reb>
<ast>0</ast>
<stl>0</stl>
<blk>0</blk>
<to>0</to>
<pf>0</pf>
<pam>0</pam>
<pts>0</pts>
<dnp>true</dnp>
</player>
<player>
<name>Ish Smith</name>
<pos>PG</pos>
<start>false</start>
<min>0</min>
<fgm>0</fgm>
<fga>0</fga>
<tpm>0</tpm>
<tpa>0</tpa>
<ftm>0</ftm>
<fta>0</fta>
<oreb>0</oreb>
<dreb>0</dreb>
<reb>0</reb>
<ast>0</ast>
<stl>0</stl>
<blk>0</blk>
<to>0</to>
<pf>0</pf>
<pam>0</pam>
<pts>0</pts>
<dnp>true</dnp>
</player>
<home>true</home>
<win>true</win>
<fgm>37</fgm>
<fga>82</fga>
<tpm>9</tpm>
<tpa>23</tpa>
<ftm>23</ftm>
<fta>32</fta>
<oreb>18</oreb>
<dreb>35</dreb>
<reb>53</reb>
<ast>16</ast>
<stl>4</stl>
<blk>4</blk>
<to>16</to>
<pf>27</pf>
<pts>106</pts>
</team>
</game>