<game>
<id>400489354</id>
<date>10:00 PM ET, January 2, 2014</date>
<team>
<name>Philadelphia 76ers</name>
<player>
<name>Spencer Hawes</name>
<pos>PF</pos>
<start>true</start>
<min>17</min>
<fgm>4</fgm>
<fga>11</fga>
<tpm>1</tpm>
<tpa>3</tpa>
<ftm>1</ftm>
<fta>1</fta>
<oreb>2</oreb>
<dreb>5</dreb>
<reb>7</reb>
<ast>1</ast>
<stl>0</stl>
<blk>1</blk>
<to>2</to>
<pf>6</pf>
<pam>-10</pam>
<pts>10</pts>
<dnp>false</dnp>
</player>
<player>
<name>Thaddeus Young</name>
<pos>PF</pos>
<start>true</start>
<min>36</min>
<fgm>9</fgm>
<fga>16</fga>
<tpm>1</tpm>
<tpa>2</tpa>
<ftm>9</ftm>
<fta>9</fta>
<oreb>2</oreb>
<dreb>5</dreb>
<reb>7</reb>
<ast>4</ast>
<stl>6</stl>
<blk>1</blk>
<to>0</to>
<pf>2</pf>
<pam>+9</pam>
<pts>28</pts>
<dnp>false</dnp>
</player>
<player>
<name>Evan Turner</name>
<pos>SF</pos>
<start>true</start>
<min>42</min>
<fgm>11</fgm>
<fga>22</fga>
<tpm>0</tpm>
<tpa>4</tpa>
<ftm>2</ftm>
<fta>2</fta>
<oreb>2</oreb>
<dreb>8</dreb>
<reb>10</reb>
<ast>6</ast>
<stl>2</stl>
<blk>0</blk>
<to>1</to>
<pf>3</pf>
<pam>+21</pam>
<pts>24</pts>
<dnp>false</dnp>
</player>
<player>
<name>Michael Carter-Williams</name>
<pos>PG</pos>
<start>true</start>
<min>27</min>
<fgm>3</fgm>
<fga>11</fga>
<tpm>0</tpm>
<tpa>2</tpa>
<ftm>1</ftm>
<fta>2</fta>
<oreb>1</oreb>
<dreb>3</dreb>
<reb>4</reb>
<ast>5</ast>
<stl>2</stl>
<blk>3</blk>
<to>3</to>
<pf>4</pf>
<pam>+3</pam>
<pts>7</pts>
<dnp>false</dnp>
</player>
<player>
<name>Hollis Thompson</name>
<pos>SG</pos>
<start>true</start>
<min>22</min>
<fgm>1</fgm>
<fga>3</fga>
<tpm>1</tpm>
<tpa>2</tpa>
<ftm>0</ftm>
<fta>0</fta>
<oreb>0</oreb>
<dreb>1</dreb>
<reb>1</reb>
<ast>0</ast>
<stl>0</stl>
<blk>2</blk>
<to>1</to>
<pf>2</pf>
<pam>+2</pam>
<pts>3</pts>
<dnp>false</dnp>
</player>
<player>
<name>Brandon Davies</name>
<pos>PF</pos>
<start>false</start>
<min>9</min>
<fgm>0</fgm>
<fga>0</fga>
<tpm>0</tpm>
<tpa>0</tpa>
<ftm>0</ftm>
<fta>0</fta>
<oreb>0</oreb>
<dreb>0</dreb>
<reb>0</reb>
<ast>0</ast>
<stl>0</stl>
<blk>1</blk>
<to>0</to>
<pf>2</pf>
<pam>-2</pam>
<pts>0</pts>
<dnp>false</dnp>
</player>
<player>
<name>Lavoy Allen</name>
<pos>PF</pos>
<start>false</start>
<min>15</min>
<fgm>5</fgm>
<fga>7</fga>
<tpm>0</tpm>
<tpa>1</tpa>
<ftm>0</ftm>
<fta>0</fta>
<oreb>2</oreb>
<dreb>4</dreb>
<reb>6</reb>
<ast>1</ast>
<stl>0</stl>
<blk>0</blk>
<to>1</to>
<pf>6</pf>
<pam>+11</pam>
<pts>10</pts>
<dnp>false</dnp>
</player>
<player>
<name>Daniel Orton</name>
<pos>C</pos>
<start>false</start>
<min>19</min>
<fgm>1</fgm>
<fga>3</fga>
<tpm>0</tpm>
<tpa>0</tpa>
<ftm>3</ftm>
<fta>4</fta>
<oreb>2</oreb>
<dreb>2</dreb>
<reb>4</reb>
<ast>2</ast>
<stl>1</stl>
<blk>3</blk>
<to>0</to>
<pf>2</pf>
<pam>+10</pam>
<pts>5</pts>
<dnp>false</dnp>
</player>
<player>
<name>James Anderson</name>
<pos>SG</pos>
<start>false</start>
<min>17</min>
<fgm>2</fgm>
<fga>4</fga>
<tpm>1</tpm>
<tpa>2</tpa>
<ftm>0</ftm>
<fta>0</fta>
<oreb>2</oreb>
<dreb>2</dreb>
<reb>4</reb>
<ast>1</ast>
<stl>0</stl>
<blk>0</blk>
<to>3</to>
<pf>0</pf>
<pam>-5</pam>
<pts>5</pts>
<dnp>false</dnp>
</player>
<player>
<name>Elliot Williams</name>
<pos>SG</pos>
<start>false</start>
<min>3</min>
<fgm>0</fgm>
<fga>0</fga>
<tpm>0</tpm>
<tpa>0</tpa>
<ftm>0</ftm>
<fta>0</fta>
<oreb>0</oreb>
<dreb>0</dreb>
<reb>0</reb>
<ast>0</ast>
<stl>0</stl>
<blk>0</blk>
<to>0</to>
<pf>1</pf>
<pam>-8</pam>
<pts>0</pts>
<dnp>false</dnp>
</player>
<player>
<name>Tony Wroten</name>
<pos>SG</pos>
<start>false</start>
<min>31</min>
<fgm>6</fgm>
<fga>13</fga>
<tpm>1</tpm>
<tpa>3</tpa>
<ftm>8</ftm>
<fta>13</fta>
<oreb>0</oreb>
<dreb>4</dreb>
<reb>4</reb>
<ast>3</ast>
<stl>1</stl>
<blk>0</blk>
<to>1</to>
<pf>3</pf>
<pam>+14</pam>
<pts>21</pts>
<dnp>false</dnp>
</player>
<home>false</home>
<win>true</win>
<fgm>42</fgm>
<fga>90</fga>
<tpm>5</tpm>
<tpa>19</tpa>
<ftm>24</ftm>
<fta>31</fta>
<oreb>13</oreb>
<dreb>34</dreb>
<reb>47</reb>
<ast>23</ast>
<stl>12</stl>
<blk>11</blk>
<to>12</to>
<pf>31</pf>
<pts>113</pts>
</team>
<team>
<name>Sacramento Kings</name>
<player>
<name>Jason Thompson</name>
<pos>PF</pos>
<start>true</start>
<min>20</min>
<fgm>1</fgm>
<fga>2</fga>
<tpm>0</tpm>
<tpa>0</tpa>
<ftm>0</ftm>
<fta>1</fta>
<oreb>0</oreb>
<dreb>5</dreb>
<reb>5</reb>
<ast>0</ast>
<stl>0</stl>
<blk>1</blk>
<to>2</to>
<pf>4</pf>
<pam>-1</pam>
<pts>2</pts>
<dnp>false</dnp>
</player>
<player>
<name>Rudy Gay</name>
<pos>SF</pos>
<start>true</start>
<min>30</min>
<fgm>7</fgm>
<fga>11</fga>
<tpm>0</tpm>
<tpa>1</tpa>
<ftm>4</ftm>
<fta>5</fta>
<oreb>2</oreb>
<dreb>5</dreb>
<reb>7</reb>
<ast>2</ast>
<stl>1</stl>
<blk>1</blk>
<to>3</to>
<pf>1</pf>
<pam>-4</pam>
<pts>18</pts>
<dnp>false</dnp>
</player>
<player>
<name>DeMarcus Cousins</name>
<pos>C</pos>
<start>true</start>
<min>28</min>
<fgm>10</fgm>
<fga>16</fga>
<tpm>0</tpm>
<tpa>0</tpa>
<ftm>13</ftm>
<fta>19</fta>
<oreb>4</oreb>
<dreb>10</dreb>
<reb>14</reb>
<ast>2</ast>
<stl>2</stl>
<blk>1</blk>
<to>5</to>
<pf>5</pf>
<pam>+7</pam>
<pts>33</pts>
<dnp>false</dnp>
</player>
<player>
<name>Isaiah Thomas</name>
<pos>PG</pos>
<start>true</start>
<min>36</min>
<fgm>7</fgm>
<fga>18</fga>
<tpm>4</tpm>
<tpa>9</tpa>
<ftm>5</ftm>
<fta>6</fta>
<oreb>0</oreb>
<dreb>1</dreb>
<reb>1</reb>
<ast>7</ast>
<stl>0</stl>
<blk>0</blk>
<to>3</to>
<pf>5</pf>
<pam>-17</pam>
<pts>23</pts>
<dnp>false</dnp>
</player>
<player>
<name>Ben McLemore</name>
<pos>SG</pos>
<start>true</start>
<min>23</min>
<fgm>0</fgm>
<fga>5</fga>
<tpm>0</tpm>
<tpa>3</tpa>
<ftm>0</ftm>
<fta>0</fta>
<oreb>1</oreb>
<dreb>2</dreb>
<reb>3</reb>
<ast>0</ast>
<stl>0</stl>
<blk>0</blk>
<to>2</to>
<pf>2</pf>
<pam>-10</pam>
<pts>0</pts>
<dnp>false</dnp>
</player>
<player>
<name>Derrick Williams</name>
<pos>PF</pos>
<start>false</start>
<min>25</min>
<fgm>4</fgm>
<fga>7</fga>
<tpm>0</tpm>
<tpa>1</tpa>
<ftm>3</ftm>
<fta>4</fta>
<oreb>2</oreb>
<dreb>0</dreb>
<reb>2</reb>
<ast>0</ast>
<stl>0</stl>
<blk>3</blk>
<to>2</to>
<pf>3</pf>
<pam>-11</pam>
<pts>11</pts>
<dnp>false</dnp>
</player>
<player>
<name>Travis Outlaw</name>
<pos>SF</pos>
<start>false</start>
<min>21</min>
<fgm>0</fgm>
<fga>4</fga>
<tpm>0</tpm>
<tpa>0</tpa>
<ftm>0</ftm>
<fta>0</fta>
<oreb>2</oreb>
<dreb>5</dreb>
<reb>7</reb>
<ast>1</ast>
<stl>1</stl>
<blk>0</blk>
<to>0</to>
<pf>1</pf>
<pam>-2</pam>
<pts>0</pts>
<dnp>false</dnp>
</player>
<player>
<name>Quincy Acy</name>
<pos>SF</pos>
<start>false</start>
<min>17</min>
<fgm>0</fgm>
<fga>5</fga>
<tpm>0</tpm>
<tpa>0</tpa>
<ftm>0</ftm>
<fta>0</fta>
<oreb>2</oreb>
<dreb>1</dreb>
<reb>3</reb>
<ast>0</ast>
<stl>0</stl>
<blk>0</blk>
<to>0</to>
<pf>3</pf>
<pam>-14</pam>
<pts>0</pts>
<dnp>false</dnp>
</player>
<player>
<name>Aaron Gray</name>
<pos>C</pos>
<start>false</start>
<min>3</min>
<fgm>0</fgm>
<fga>0</fga>
<tpm>0</tpm>
<tpa>0</tpa>
<ftm>0</ftm>
<fta>0</fta>
<oreb>1</oreb>
<dreb>0</dreb>
<reb>1</reb>
<ast>0</ast>
<stl>0</stl>
<blk>0</blk>
<to>1</to>
<pf>2</pf>
<pam>-2</pam>
<pts>0</pts>
<dnp>false</dnp>
</player>
<player>
<name>Jimmer Fredette</name>
<pos>PG</pos>
<start>false</start>
<min>17</min>
<fgm>5</fgm>
<fga>9</fga>
<tpm>3</tpm>
<tpa>6</tpa>
<ftm>2</ftm>
<fta>2</fta>
<oreb>1</oreb>
<dreb>3</dreb>
<reb>4</reb>
<ast>0</ast>
<stl>0</stl>
<blk>1</blk>
<to>3</to>
<pf>0</pf>
<pam>+9</pam>
<pts>15</pts>
<dnp>false</dnp>
</player>
<player>
<name>Marcus Thornton</name>
<pos>SG</pos>
<start>false</start>
<min>20</min>
<fgm>1</fgm>
<fga>6</fga>
<tpm>0</tpm>
<tpa>3</tpa>
<ftm>0</ftm>
<fta>0</fta>
<oreb>1</oreb>
<dreb>3</dreb>
<reb>4</reb>
<ast>2</ast>
<stl>0</stl>
<blk>0</blk>
<to>1</to>
<pf>1</pf>
<pam>0</pam>
<pts>2</pts>
<dnp>false</dnp>
</player>
<player>
<name>Hamady Ndiaye</name>
<pos>C</pos>
<start>false</start>
<min>0</min>
<fgm>0</fgm>
<fga>0</fga>
<tpm>0</tpm>
<tpa>0</tpa>
<ftm>0</ftm>
<fta>0</fta>
<oreb>0</oreb>
<dreb>0</dreb>
<reb>0</reb>
<ast>0</ast>
<stl>0</stl>
<blk>0</blk>
<to>0</to>
<pf>0</pf>
<pam>0</pam>
<pts>0</pts>
<dnp>true</dnp>
</player>
<home>true</home>
<win>false</win>
<fgm>35</fgm>
<fga>83</fga>
<tpm>7</tpm>
<tpa>23</tpa>
<ftm>27</ftm>
<fta>37</fta>
<oreb>16</oreb>
<dreb>35</dreb>
<reb>51</reb>
<ast>14</ast>
<stl>4</stl>
<blk>7</blk>
<to>22</to>
<pf>27</pf>
<pts>104</pts>
</team>
</game>