<game>
<id>400489304</id>
<date>8:00 PM ET, December 27, 2013</date>
<team>
<name>Washington Wizards</name>
<player>
<name>Trevor Booker</name>
<pos>PF</pos>
<start>true</start>
<min>27</min>
<fgm>5</fgm>
<fga>7</fga>
<tpm>0</tpm>
<tpa>0</tpa>
<ftm>0</ftm>
<fta>0</fta>
<oreb>4</oreb>
<dreb>5</dreb>
<reb>9</reb>
<ast>0</ast>
<stl>0</stl>
<blk>1</blk>
<to>2</to>
<pf>3</pf>
<pam>-14</pam>
<pts>10</pts>
<dnp>false</dnp>
</player>
<player>
<name>Marcin Gortat</name>
<pos>C</pos>
<start>true</start>
<min>24</min>
<fgm>3</fgm>
<fga>6</fga>
<tpm>0</tpm>
<tpa>0</tpa>
<ftm>2</ftm>
<fta>2</fta>
<oreb>3</oreb>
<dreb>4</dreb>
<reb>7</reb>
<ast>3</ast>
<stl>0</stl>
<blk>0</blk>
<to>1</to>
<pf>2</pf>
<pam>-2</pam>
<pts>8</pts>
<dnp>false</dnp>
</player>
<player>
<name>John Wall</name>
<pos>PG</pos>
<start>true</start>
<min>36</min>
<fgm>11</fgm>
<fga>20</fga>
<tpm>1</tpm>
<tpa>4</tpa>
<ftm>3</ftm>
<fta>3</fta>
<oreb>0</oreb>
<dreb>4</dreb>
<reb>4</reb>
<ast>7</ast>
<stl>0</stl>
<blk>0</blk>
<to>1</to>
<pf>2</pf>
<pam>-16</pam>
<pts>26</pts>
<dnp>false</dnp>
</player>
<player>
<name>Trevor Ariza</name>
<pos>SG</pos>
<start>true</start>
<min>24</min>
<fgm>3</fgm>
<fga>9</fga>
<tpm>2</tpm>
<tpa>5</tpa>
<ftm>2</ftm>
<fta>2</fta>
<oreb>0</oreb>
<dreb>2</dreb>
<reb>2</reb>
<ast>2</ast>
<stl>0</stl>
<blk>0</blk>
<to>1</to>
<pf>2</pf>
<pam>-2</pam>
<pts>10</pts>
<dnp>false</dnp>
</player>
<player>
<name>Bradley Beal</name>
<pos>SG</pos>
<start>true</start>
<min>26</min>
<fgm>5</fgm>
<fga>12</fga>
<tpm>2</tpm>
<tpa>3</tpa>
<ftm>2</ftm>
<fta>2</fta>
<oreb>0</oreb>
<dreb>3</dreb>
<reb>3</reb>
<ast>1</ast>
<stl>0</stl>
<blk>0</blk>
<to>2</to>
<pf>4</pf>
<pam>-19</pam>
<pts>14</pts>
<dnp>false</dnp>
</player>
<player>
<name>Nene Hilario</name>
<pos>PF</pos>
<start>false</start>
<min>22</min>
<fgm>4</fgm>
<fga>10</fga>
<tpm>0</tpm>
<tpa>0</tpa>
<ftm>5</ftm>
<fta>8</fta>
<oreb>1</oreb>
<dreb>4</dreb>
<reb>5</reb>
<ast>0</ast>
<stl>0</stl>
<blk>0</blk>
<to>2</to>
<pf>3</pf>
<pam>-9</pam>
<pts>13</pts>
<dnp>false</dnp>
</player>
<player>
<name>Jan Vesely</name>
<pos>PF</pos>
<start>false</start>
<min>9</min>
<fgm>1</fgm>
<fga>1</fga>
<tpm>0</tpm>
<tpa>0</tpa>
<ftm>0</ftm>
<fta>0</fta>
<oreb>0</oreb>
<dreb>1</dreb>
<reb>1</reb>
<ast>0</ast>
<stl>0</stl>
<blk>0</blk>
<to>0</to>
<pf>2</pf>
<pam>-9</pam>
<pts>2</pts>
<dnp>false</dnp>
</player>
<player>
<name>Otto Porter Jr.</name>
<pos>SF</pos>
<start>false</start>
<min>12</min>
<fgm>1</fgm>
<fga>2</fga>
<tpm>0</tpm>
<tpa>1</tpa>
<ftm>0</ftm>
<fta>0</fta>
<oreb>0</oreb>
<dreb>0</dreb>
<reb>0</reb>
<ast>1</ast>
<stl>1</stl>
<blk>0</blk>
<to>0</to>
<pf>1</pf>
<pam>-11</pam>
<pts>2</pts>
<dnp>false</dnp>
</player>
<player>
<name>Chris Singleton</name>
<pos>SF</pos>
<start>false</start>
<min>14</min>
<fgm>1</fgm>
<fga>3</fga>
<tpm>0</tpm>
<tpa>1</tpa>
<ftm>0</ftm>
<fta>0</fta>
<oreb>0</oreb>
<dreb>1</dreb>
<reb>1</reb>
<ast>1</ast>
<stl>1</stl>
<blk>0</blk>
<to>0</to>
<pf>2</pf>
<pam>-10</pam>
<pts>2</pts>
<dnp>false</dnp>
</player>
<player>
<name>Martell Webster</name>
<pos>SF</pos>
<start>false</start>
<min>30</min>
<fgm>4</fgm>
<fga>11</fga>
<tpm>3</tpm>
<tpa>7</tpa>
<ftm>0</ftm>
<fta>0</fta>
<oreb>1</oreb>
<dreb>2</dreb>
<reb>3</reb>
<ast>1</ast>
<stl>0</stl>
<blk>0</blk>
<to>1</to>
<pf>4</pf>
<pam>-11</pam>
<pts>11</pts>
<dnp>false</dnp>
</player>
<player>
<name>Eric Maynor</name>
<pos>PG</pos>
<start>false</start>
<min>4</min>
<fgm>0</fgm>
<fga>1</fga>
<tpm>0</tpm>
<tpa>0</tpa>
<ftm>0</ftm>
<fta>0</fta>
<oreb>0</oreb>
<dreb>0</dreb>
<reb>0</reb>
<ast>1</ast>
<stl>0</stl>
<blk>0</blk>
<to>0</to>
<pf>0</pf>
<pam>-1</pam>
<pts>0</pts>
<dnp>false</dnp>
</player>
<player>
<name>Garrett Temple</name>
<pos>SG</pos>
<start>false</start>
<min>12</min>
<fgm>0</fgm>
<fga>1</fga>
<tpm>0</tpm>
<tpa>0</tpa>
<ftm>0</ftm>
<fta>0</fta>
<oreb>0</oreb>
<dreb>0</dreb>
<reb>0</reb>
<ast>1</ast>
<stl>1</stl>
<blk>0</blk>
<to>2</to>
<pf>0</pf>
<pam>-6</pam>
<pts>0</pts>
<dnp>false</dnp>
</player>
<home>false</home>
<win>false</win>
<fgm>38</fgm>
<fga>83</fga>
<tpm>8</tpm>
<tpa>21</tpa>
<ftm>14</ftm>
<fta>17</fta>
<oreb>9</oreb>
<dreb>26</dreb>
<reb>35</reb>
<ast>18</ast>
<stl>3</stl>
<blk>1</blk>
<to>12</to>
<pf>25</pf>
<pts>98</pts>
</team>
<team>
<name>Minnesota Timberwolves</name>
<player>
<name>Kevin Love</name>
<pos>PF</pos>
<start>true</start>
<min>32</min>
<fgm>8</fgm>
<fga>18</fga>
<tpm>2</tpm>
<tpa>7</tpa>
<ftm>7</ftm>
<fta>7</fta>
<oreb>1</oreb>
<dreb>10</dreb>
<reb>11</reb>
<ast>1</ast>
<stl>1</stl>
<blk>0</blk>
<to>0</to>
<pf>2</pf>
<pam>+8</pam>
<pts>25</pts>
<dnp>false</dnp>
</player>
<player>
<name>Corey Brewer</name>
<pos>SF</pos>
<start>true</start>
<min>24</min>
<fgm>4</fgm>
<fga>9</fga>
<tpm>0</tpm>
<tpa>3</tpa>
<ftm>2</ftm>
<fta>2</fta>
<oreb>0</oreb>
<dreb>0</dreb>
<reb>0</reb>
<ast>2</ast>
<stl>1</stl>
<blk>0</blk>
<to>0</to>
<pf>1</pf>
<pam>+10</pam>
<pts>10</pts>
<dnp>false</dnp>
</player>
<player>
<name>Nikola Pekovic</name>
<pos>C</pos>
<start>true</start>
<min>34</min>
<fgm>6</fgm>
<fga>13</fga>
<tpm>0</tpm>
<tpa>0</tpa>
<ftm>6</ftm>
<fta>8</fta>
<oreb>6</oreb>
<dreb>4</dreb>
<reb>10</reb>
<ast>0</ast>
<stl>0</stl>
<blk>0</blk>
<to>0</to>
<pf>2</pf>
<pam>+21</pam>
<pts>18</pts>
<dnp>false</dnp>
</player>
<player>
<name>Ricky Rubio</name>
<pos>PG</pos>
<start>true</start>
<min>27</min>
<fgm>2</fgm>
<fga>5</fga>
<tpm>0</tpm>
<tpa>0</tpa>
<ftm>7</ftm>
<fta>8</fta>
<oreb>3</oreb>
<dreb>5</dreb>
<reb>8</reb>
<ast>9</ast>
<stl>3</stl>
<blk>0</blk>
<to>0</to>
<pf>1</pf>
<pam>+11</pam>
<pts>11</pts>
<dnp>false</dnp>
</player>
<player>
<name>Kevin Martin</name>
<pos>SG</pos>
<start>true</start>
<min>26</min>
<fgm>5</fgm>
<fga>12</fga>
<tpm>0</tpm>
<tpa>2</tpa>
<ftm>2</ftm>
<fta>5</fta>
<oreb>0</oreb>
<dreb>2</dreb>
<reb>2</reb>
<ast>0</ast>
<stl>1</stl>
<blk>0</blk>
<to>0</to>
<pf>2</pf>
<pam>+4</pam>
<pts>12</pts>
<dnp>false</dnp>
</player>
<player>
<name>Dante Cunningham</name>
<pos>PF</pos>
<start>false</start>
<min>23</min>
<fgm>3</fgm>
<fga>7</fga>
<tpm>0</tpm>
<tpa>0</tpa>
<ftm>0</ftm>
<fta>0</fta>
<oreb>2</oreb>
<dreb>1</dreb>
<reb>3</reb>
<ast>1</ast>
<stl>4</stl>
<blk>0</blk>
<to>1</to>
<pf>0</pf>
<pam>+13</pam>
<pts>6</pts>
<dnp>false</dnp>
</player>
<player>
<name>Luc Richard Mbah a Moute</name>
<pos>PF</pos>
<start>false</start>
<min>20</min>
<fgm>1</fgm>
<fga>2</fga>
<tpm>0</tpm>
<tpa>0</tpa>
<ftm>2</ftm>
<fta>2</fta>
<oreb>0</oreb>
<dreb>4</dreb>
<reb>4</reb>
<ast>0</ast>
<stl>0</stl>
<blk>0</blk>
<to>0</to>
<pf>0</pf>
<pam>+13</pam>
<pts>4</pts>
<dnp>false</dnp>
</player>
<player>
<name>Robbie Hummel</name>
<pos>SF</pos>
<start>false</start>
<min>2</min>
<fgm>1</fgm>
<fga>1</fga>
<tpm>0</tpm>
<tpa>0</tpa>
<ftm>0</ftm>
<fta>0</fta>
<oreb>0</oreb>
<dreb>1</dreb>
<reb>1</reb>
<ast>0</ast>
<stl>0</stl>
<blk>0</blk>
<to>0</to>
<pf>0</pf>
<pam>+1</pam>
<pts>2</pts>
<dnp>false</dnp>
</player>
<player>
<name>Shabazz Muhammad</name>
<pos>SF</pos>
<start>false</start>
<min>4</min>
<fgm>1</fgm>
<fga>1</fga>
<tpm>0</tpm>
<tpa>0</tpa>
<ftm>0</ftm>
<fta>0</fta>
<oreb>0</oreb>
<dreb>0</dreb>
<reb>0</reb>
<ast>0</ast>
<stl>0</stl>
<blk>0</blk>
<to>0</to>
<pf>0</pf>
<pam>+1</pam>
<pts>2</pts>
<dnp>false</dnp>
</player>
<player>
<name>Gorgui Dieng</name>
<pos>C</pos>
<start>false</start>
<min>2</min>
<fgm>0</fgm>
<fga>0</fga>
<tpm>0</tpm>
<tpa>0</tpa>
<ftm>0</ftm>
<fta>0</fta>
<oreb>0</oreb>
<dreb>0</dreb>
<reb>0</reb>
<ast>0</ast>
<stl>0</stl>
<blk>1</blk>
<to>0</to>
<pf>0</pf>
<pam>+1</pam>
<pts>0</pts>
<dnp>false</dnp>
</player>
<player>
<name>Alexey Shved</name>
<pos>PG</pos>
<start>false</start>
<min>23</min>
<fgm>3</fgm>
<fga>7</fga>
<tpm>2</tpm>
<tpa>2</tpa>
<ftm>5</ftm>
<fta>6</fta>
<oreb>2</oreb>
<dreb>3</dreb>
<reb>5</reb>
<ast>1</ast>
<stl>0</stl>
<blk>1</blk>
<to>1</to>
<pf>1</pf>
<pam>+16</pam>
<pts>13</pts>
<dnp>false</dnp>
</player>
<player>
<name>A.J. Price</name>
<pos>PG</pos>
<start>false</start>
<min>2</min>
<fgm>0</fgm>
<fga>0</fga>
<tpm>0</tpm>
<tpa>0</tpa>
<ftm>0</ftm>
<fta>0</fta>
<oreb>0</oreb>
<dreb>0</dreb>
<reb>0</reb>
<ast>2</ast>
<stl>0</stl>
<blk>0</blk>
<to>0</to>
<pf>0</pf>
<pam>+1</pam>
<pts>0</pts>
<dnp>false</dnp>
</player>
<home>true</home>
<win>true</win>
<fgm>42</fgm>
<fga>85</fga>
<tpm>5</tpm>
<tpa>15</tpa>
<ftm>31</ftm>
<fta>38</fta>
<oreb>14</oreb>
<dreb>30</dreb>
<reb>44</reb>
<ast>20</ast>
<stl>10</stl>
<blk>2</blk>
<to>4</to>
<pf>12</pf>
<pts>120</pts>
</team>
</game>