<game>
<id>400489117</id>
<date>8:30 PM ET, November 30, 2013</date>
<team>
<name>Minnesota Timberwolves</name>
<player>
<name>Kevin Love</name>
<pos>PF</pos>
<start>true</start>
<min>35</min>
<fgm>6</fgm>
<fga>14</fga>
<tpm>2</tpm>
<tpa>5</tpa>
<ftm>7</ftm>
<fta>11</fta>
<oreb>3</oreb>
<dreb>8</dreb>
<reb>11</reb>
<ast>2</ast>
<stl>0</stl>
<blk>1</blk>
<to>1</to>
<pf>1</pf>
<pam>+12</pam>
<pts>21</pts>
<dnp>false</dnp>
</player>
<player>
<name>Corey Brewer</name>
<pos>SF</pos>
<start>true</start>
<min>34</min>
<fgm>5</fgm>
<fga>8</fga>
<tpm>3</tpm>
<tpa>5</tpa>
<ftm>0</ftm>
<fta>0</fta>
<oreb>0</oreb>
<dreb>3</dreb>
<reb>3</reb>
<ast>3</ast>
<stl>1</stl>
<blk>0</blk>
<to>1</to>
<pf>0</pf>
<pam>+6</pam>
<pts>13</pts>
<dnp>false</dnp>
</player>
<player>
<name>Nikola Pekovic</name>
<pos>C</pos>
<start>true</start>
<min>32</min>
<fgm>10</fgm>
<fga>13</fga>
<tpm>0</tpm>
<tpa>0</tpa>
<ftm>1</ftm>
<fta>2</fta>
<oreb>5</oreb>
<dreb>4</dreb>
<reb>9</reb>
<ast>0</ast>
<stl>0</stl>
<blk>0</blk>
<to>2</to>
<pf>2</pf>
<pam>-4</pam>
<pts>21</pts>
<dnp>false</dnp>
</player>
<player>
<name>Ricky Rubio</name>
<pos>PG</pos>
<start>true</start>
<min>32</min>
<fgm>4</fgm>
<fga>12</fga>
<tpm>1</tpm>
<tpa>5</tpa>
<ftm>3</ftm>
<fta>3</fta>
<oreb>0</oreb>
<dreb>2</dreb>
<reb>2</reb>
<ast>7</ast>
<stl>2</stl>
<blk>0</blk>
<to>1</to>
<pf>0</pf>
<pam>-2</pam>
<pts>12</pts>
<dnp>false</dnp>
</player>
<player>
<name>Kevin Martin</name>
<pos>SG</pos>
<start>true</start>
<min>36</min>
<fgm>7</fgm>
<fga>14</fga>
<tpm>3</tpm>
<tpa>6</tpa>
<ftm>10</ftm>
<fta>11</fta>
<oreb>0</oreb>
<dreb>1</dreb>
<reb>1</reb>
<ast>3</ast>
<stl>0</stl>
<blk>1</blk>
<to>2</to>
<pf>3</pf>
<pam>-4</pam>
<pts>27</pts>
<dnp>false</dnp>
</player>
<player>
<name>Dante Cunningham</name>
<pos>PF</pos>
<start>false</start>
<min>25</min>
<fgm>4</fgm>
<fga>6</fga>
<tpm>0</tpm>
<tpa>1</tpa>
<ftm>0</ftm>
<fta>0</fta>
<oreb>1</oreb>
<dreb>4</dreb>
<reb>5</reb>
<ast>2</ast>
<stl>0</stl>
<blk>0</blk>
<to>1</to>
<pf>2</pf>
<pam>+5</pam>
<pts>8</pts>
<dnp>false</dnp>
</player>
<player>
<name>Luc Richard Mbah a Moute</name>
<pos>PF</pos>
<start>false</start>
<min>26</min>
<fgm>2</fgm>
<fga>5</fga>
<tpm>0</tpm>
<tpa>0</tpa>
<ftm>0</ftm>
<fta>3</fta>
<oreb>4</oreb>
<dreb>3</dreb>
<reb>7</reb>
<ast>1</ast>
<stl>0</stl>
<blk>2</blk>
<to>3</to>
<pf>1</pf>
<pam>+10</pam>
<pts>4</pts>
<dnp>false</dnp>
</player>
<player>
<name>Gorgui Dieng</name>
<pos>C</pos>
<start>false</start>
<min>5</min>
<fgm>0</fgm>
<fga>2</fga>
<tpm>0</tpm>
<tpa>0</tpa>
<ftm>0</ftm>
<fta>0</fta>
<oreb>1</oreb>
<dreb>1</dreb>
<reb>2</reb>
<ast>0</ast>
<stl>1</stl>
<blk>0</blk>
<to>0</to>
<pf>0</pf>
<pam>-1</pam>
<pts>0</pts>
<dnp>false</dnp>
</player>
<player>
<name>J.J. Barea</name>
<pos>PG</pos>
<start>false</start>
<min>16</min>
<fgm>2</fgm>
<fga>5</fga>
<tpm>2</tpm>
<tpa>4</tpa>
<ftm>0</ftm>
<fta>0</fta>
<oreb>0</oreb>
<dreb>4</dreb>
<reb>4</reb>
<ast>6</ast>
<stl>1</stl>
<blk>0</blk>
<to>3</to>
<pf>0</pf>
<pam>+8</pam>
<pts>6</pts>
<dnp>false</dnp>
</player>
<player>
<name>Robbie Hummel</name>
<pos>SF</pos>
<start>false</start>
<min>0</min>
<fgm>0</fgm>
<fga>0</fga>
<tpm>0</tpm>
<tpa>0</tpa>
<ftm>0</ftm>
<fta>0</fta>
<oreb>0</oreb>
<dreb>0</dreb>
<reb>0</reb>
<ast>0</ast>
<stl>0</stl>
<blk>0</blk>
<to>0</to>
<pf>0</pf>
<pam>0</pam>
<pts>0</pts>
<dnp>true</dnp>
</player>
<player>
<name>Shabazz Muhammad</name>
<pos>SF</pos>
<start>false</start>
<min>0</min>
<fgm>0</fgm>
<fga>0</fga>
<tpm>0</tpm>
<tpa>0</tpa>
<ftm>0</ftm>
<fta>0</fta>
<oreb>0</oreb>
<dreb>0</dreb>
<reb>0</reb>
<ast>0</ast>
<stl>0</stl>
<blk>0</blk>
<to>0</to>
<pf>0</pf>
<pam>0</pam>
<pts>0</pts>
<dnp>true</dnp>
</player>
<player>
<name>Alexey Shved</name>
<pos>PG</pos>
<start>false</start>
<min>0</min>
<fgm>0</fgm>
<fga>0</fga>
<tpm>0</tpm>
<tpa>0</tpa>
<ftm>0</ftm>
<fta>0</fta>
<oreb>0</oreb>
<dreb>0</dreb>
<reb>0</reb>
<ast>0</ast>
<stl>0</stl>
<blk>0</blk>
<to>0</to>
<pf>0</pf>
<pam>0</pam>
<pts>0</pts>
<dnp>true</dnp>
</player>
<home>false</home>
<win>true</win>
<fgm>40</fgm>
<fga>79</fga>
<tpm>11</tpm>
<tpa>26</tpa>
<ftm>21</ftm>
<fta>30</fta>
<oreb>14</oreb>
<dreb>30</dreb>
<reb>44</reb>
<ast>24</ast>
<stl>5</stl>
<blk>4</blk>
<to>14</to>
<pf>9</pf>
<pts>112</pts>
</team>
<team>
<name>Dallas Mavericks</name>
<player>
<name>Dirk Nowitzki</name>
<pos>PF</pos>
<start>true</start>
<min>33</min>
<fgm>10</fgm>
<fga>13</fga>
<tpm>1</tpm>
<tpa>1</tpa>
<ftm>2</ftm>
<fta>2</fta>
<oreb>0</oreb>
<dreb>5</dreb>
<reb>5</reb>
<ast>6</ast>
<stl>1</stl>
<blk>0</blk>
<to>2</to>
<pf>3</pf>
<pam>-6</pam>
<pts>23</pts>
<dnp>false</dnp>
</player>
<player>
<name>Shawn Marion</name>
<pos>SF</pos>
<start>true</start>
<min>33</min>
<fgm>3</fgm>
<fga>11</fga>
<tpm>0</tpm>
<tpa>4</tpa>
<ftm>0</ftm>
<fta>0</fta>
<oreb>1</oreb>
<dreb>1</dreb>
<reb>2</reb>
<ast>3</ast>
<stl>1</stl>
<blk>2</blk>
<to>3</to>
<pf>4</pf>
<pam>-7</pam>
<pts>6</pts>
<dnp>false</dnp>
</player>
<player>
<name>Samuel Dalembert</name>
<pos>C</pos>
<start>true</start>
<min>25</min>
<fgm>6</fgm>
<fga>7</fga>
<tpm>0</tpm>
<tpa>0</tpa>
<ftm>0</ftm>
<fta>2</fta>
<oreb>3</oreb>
<dreb>4</dreb>
<reb>7</reb>
<ast>0</ast>
<stl>0</stl>
<blk>1</blk>
<to>1</to>
<pf>3</pf>
<pam>-5</pam>
<pts>12</pts>
<dnp>false</dnp>
</player>
<player>
<name>Gal Mekel</name>
<pos>PG</pos>
<start>true</start>
<min>26</min>
<fgm>3</fgm>
<fga>12</fga>
<tpm>0</tpm>
<tpa>3</tpa>
<ftm>0</ftm>
<fta>0</fta>
<oreb>1</oreb>
<dreb>1</dreb>
<reb>2</reb>
<ast>7</ast>
<stl>0</stl>
<blk>0</blk>
<to>1</to>
<pf>1</pf>
<pam>+7</pam>
<pts>6</pts>
<dnp>false</dnp>
</player>
<player>
<name>Monta Ellis</name>
<pos>SG</pos>
<start>true</start>
<min>37</min>
<fgm>9</fgm>
<fga>15</fga>
<tpm>3</tpm>
<tpa>5</tpa>
<ftm>5</ftm>
<fta>5</fta>
<oreb>2</oreb>
<dreb>4</dreb>
<reb>6</reb>
<ast>6</ast>
<stl>2</stl>
<blk>0</blk>
<to>2</to>
<pf>2</pf>
<pam>-8</pam>
<pts>26</pts>
<dnp>false</dnp>
</player>
<player>
<name>Jae Crowder</name>
<pos>SF</pos>
<start>false</start>
<min>13</min>
<fgm>2</fgm>
<fga>6</fga>
<tpm>1</tpm>
<tpa>5</tpa>
<ftm>0</ftm>
<fta>0</fta>
<oreb>1</oreb>
<dreb>0</dreb>
<reb>1</reb>
<ast>1</ast>
<stl>0</stl>
<blk>0</blk>
<to>2</to>
<pf>4</pf>
<pam>-5</pam>
<pts>5</pts>
<dnp>false</dnp>
</player>
<player>
<name>Bernard James</name>
<pos>C</pos>
<start>false</start>
<min>0</min>
<fgm>0</fgm>
<fga>0</fga>
<tpm>0</tpm>
<tpa>0</tpa>
<ftm>0</ftm>
<fta>0</fta>
<oreb>1</oreb>
<dreb>0</dreb>
<reb>1</reb>
<ast>0</ast>
<stl>0</stl>
<blk>0</blk>
<to>0</to>
<pf>0</pf>
<pam>+4</pam>
<pts>0</pts>
<dnp>false</dnp>
</player>
<player>
<name>DeJuan Blair</name>
<pos>C</pos>
<start>false</start>
<min>22</min>
<fgm>5</fgm>
<fga>8</fga>
<tpm>0</tpm>
<tpa>0</tpa>
<ftm>1</ftm>
<fta>1</fta>
<oreb>2</oreb>
<dreb>6</dreb>
<reb>8</reb>
<ast>1</ast>
<stl>2</stl>
<blk>0</blk>
<to>0</to>
<pf>5</pf>
<pam>-5</pam>
<pts>11</pts>
<dnp>false</dnp>
</player>
<player>
<name>Shane Larkin</name>
<pos>PG</pos>
<start>false</start>
<min>17</min>
<fgm>2</fgm>
<fga>6</fga>
<tpm>0</tpm>
<tpa>2</tpa>
<ftm>0</ftm>
<fta>0</fta>
<oreb>0</oreb>
<dreb>0</dreb>
<reb>0</reb>
<ast>1</ast>
<stl>2</stl>
<blk>0</blk>
<to>0</to>
<pf>1</pf>
<pam>-2</pam>
<pts>4</pts>
<dnp>false</dnp>
</player>
<player>
<name>Wayne Ellington</name>
<pos>SG</pos>
<start>false</start>
<min>3</min>
<fgm>1</fgm>
<fga>2</fga>
<tpm>1</tpm>
<tpa>1</tpa>
<ftm>0</ftm>
<fta>0</fta>
<oreb>0</oreb>
<dreb>0</dreb>
<reb>0</reb>
<ast>0</ast>
<stl>0</stl>
<blk>0</blk>
<to>0</to>
<pf>2</pf>
<pam>+3</pam>
<pts>3</pts>
<dnp>false</dnp>
</player>
<player>
<name>Vince Carter</name>
<pos>SG</pos>
<start>false</start>
<min>30</min>
<fgm>4</fgm>
<fga>12</fga>
<tpm>1</tpm>
<tpa>3</tpa>
<ftm>1</ftm>
<fta>1</fta>
<oreb>2</oreb>
<dreb>3</dreb>
<reb>5</reb>
<ast>4</ast>
<stl>1</stl>
<blk>1</blk>
<to>0</to>
<pf>1</pf>
<pam>-6</pam>
<pts>10</pts>
<dnp>false</dnp>
</player>
<home>true</home>
<win>false</win>
<fgm>45</fgm>
<fga>92</fga>
<tpm>7</tpm>
<tpa>24</tpa>
<ftm>9</ftm>
<fta>11</fta>
<oreb>13</oreb>
<dreb>24</dreb>
<reb>37</reb>
<ast>29</ast>
<stl>9</stl>
<blk>4</blk>
<to>11</to>
<pf>26</pf>
<pts>106</pts>
</team>
</game>