<game>
<id>400489283</id>
<date>7:30 PM ET, December 23, 2013</date>
<team>
<name>Indiana Pacers</name>
<player>
<name>David West</name>
<pos>PF</pos>
<start>true</start>
<min>26</min>
<fgm>6</fgm>
<fga>8</fga>
<tpm>0</tpm>
<tpa>0</tpa>
<ftm>1</ftm>
<fta>2</fta>
<oreb>0</oreb>
<dreb>4</dreb>
<reb>4</reb>
<ast>1</ast>
<stl>0</stl>
<blk>0</blk>
<to>4</to>
<pf>1</pf>
<pam>+13</pam>
<pts>13</pts>
<dnp>false</dnp>
</player>
<player>
<name>Paul George</name>
<pos>SF</pos>
<start>true</start>
<min>38</min>
<fgm>10</fgm>
<fga>19</fga>
<tpm>4</tpm>
<tpa>11</tpa>
<ftm>2</ftm>
<fta>2</fta>
<oreb>0</oreb>
<dreb>6</dreb>
<reb>6</reb>
<ast>5</ast>
<stl>2</stl>
<blk>0</blk>
<to>2</to>
<pf>1</pf>
<pam>+20</pam>
<pts>26</pts>
<dnp>false</dnp>
</player>
<player>
<name>Roy Hibbert</name>
<pos>C</pos>
<start>true</start>
<min>29</min>
<fgm>3</fgm>
<fga>6</fga>
<tpm>0</tpm>
<tpa>0</tpa>
<ftm>2</ftm>
<fta>2</fta>
<oreb>3</oreb>
<dreb>6</dreb>
<reb>9</reb>
<ast>0</ast>
<stl>0</stl>
<blk>1</blk>
<to>2</to>
<pf>4</pf>
<pam>+14</pam>
<pts>8</pts>
<dnp>false</dnp>
</player>
<player>
<name>George Hill</name>
<pos>PG</pos>
<start>true</start>
<min>24</min>
<fgm>2</fgm>
<fga>7</fga>
<tpm>0</tpm>
<tpa>2</tpa>
<ftm>6</ftm>
<fta>6</fta>
<oreb>0</oreb>
<dreb>4</dreb>
<reb>4</reb>
<ast>3</ast>
<stl>1</stl>
<blk>0</blk>
<to>0</to>
<pf>4</pf>
<pam>+20</pam>
<pts>10</pts>
<dnp>false</dnp>
</player>
<player>
<name>Lance Stephenson</name>
<pos>SG</pos>
<start>true</start>
<min>39</min>
<fgm>10</fgm>
<fga>16</fga>
<tpm>4</tpm>
<tpa>7</tpa>
<ftm>2</ftm>
<fta>2</fta>
<oreb>2</oreb>
<dreb>5</dreb>
<reb>7</reb>
<ast>5</ast>
<stl>2</stl>
<blk>0</blk>
<to>3</to>
<pf>1</pf>
<pam>+19</pam>
<pts>26</pts>
<dnp>false</dnp>
</player>
<player>
<name>Luis Scola</name>
<pos>PF</pos>
<start>false</start>
<min>19</min>
<fgm>2</fgm>
<fga>5</fga>
<tpm>0</tpm>
<tpa>0</tpa>
<ftm>1</ftm>
<fta>1</fta>
<oreb>2</oreb>
<dreb>7</dreb>
<reb>9</reb>
<ast>0</ast>
<stl>0</stl>
<blk>1</blk>
<to>2</to>
<pf>2</pf>
<pam>+6</pam>
<pts>5</pts>
<dnp>false</dnp>
</player>
<player>
<name>Chris Copeland</name>
<pos>SF</pos>
<start>false</start>
<min>2</min>
<fgm>0</fgm>
<fga>0</fga>
<tpm>0</tpm>
<tpa>0</tpa>
<ftm>0</ftm>
<fta>0</fta>
<oreb>0</oreb>
<dreb>0</dreb>
<reb>0</reb>
<ast>0</ast>
<stl>0</stl>
<blk>0</blk>
<to>0</to>
<pf>0</pf>
<pam>-2</pam>
<pts>0</pts>
<dnp>false</dnp>
</player>
<player>
<name>Danny Granger</name>
<pos>SF</pos>
<start>false</start>
<min>15</min>
<fgm>0</fgm>
<fga>7</fga>
<tpm>0</tpm>
<tpa>3</tpa>
<ftm>0</ftm>
<fta>0</fta>
<oreb>1</oreb>
<dreb>1</dreb>
<reb>2</reb>
<ast>0</ast>
<stl>0</stl>
<blk>1</blk>
<to>1</to>
<pf>2</pf>
<pam>-1</pam>
<pts>0</pts>
<dnp>false</dnp>
</player>
<player>
<name>Ian Mahinmi</name>
<pos>C</pos>
<start>false</start>
<min>19</min>
<fgm>3</fgm>
<fga>5</fga>
<tpm>0</tpm>
<tpa>0</tpa>
<ftm>1</ftm>
<fta>1</fta>
<oreb>0</oreb>
<dreb>3</dreb>
<reb>3</reb>
<ast>1</ast>
<stl>4</stl>
<blk>0</blk>
<to>0</to>
<pf>2</pf>
<pam>+3</pam>
<pts>7</pts>
<dnp>false</dnp>
</player>
<player>
<name>Donald Sloan</name>
<pos>PG</pos>
<start>false</start>
<min>2</min>
<fgm>0</fgm>
<fga>1</fga>
<tpm>0</tpm>
<tpa>0</tpa>
<ftm>0</ftm>
<fta>0</fta>
<oreb>0</oreb>
<dreb>0</dreb>
<reb>0</reb>
<ast>0</ast>
<stl>0</stl>
<blk>0</blk>
<to>1</to>
<pf>0</pf>
<pam>-2</pam>
<pts>0</pts>
<dnp>false</dnp>
</player>
<player>
<name>C.J. Watson</name>
<pos>PG</pos>
<start>false</start>
<min>23</min>
<fgm>2</fgm>
<fga>7</fga>
<tpm>1</tpm>
<tpa>5</tpa>
<ftm>3</ftm>
<fta>3</fta>
<oreb>0</oreb>
<dreb>1</dreb>
<reb>1</reb>
<ast>1</ast>
<stl>3</stl>
<blk>0</blk>
<to>2</to>
<pf>2</pf>
<pam>-3</pam>
<pts>8</pts>
<dnp>false</dnp>
</player>
<player>
<name>Orlando Johnson</name>
<pos>SG</pos>
<start>false</start>
<min>2</min>
<fgm>0</fgm>
<fga>2</fga>
<tpm>0</tpm>
<tpa>0</tpa>
<ftm>0</ftm>
<fta>0</fta>
<oreb>0</oreb>
<dreb>1</dreb>
<reb>1</reb>
<ast>0</ast>
<stl>0</stl>
<blk>0</blk>
<to>0</to>
<pf>1</pf>
<pam>-2</pam>
<pts>0</pts>
<dnp>false</dnp>
</player>
<home>false</home>
<win>true</win>
<fgm>38</fgm>
<fga>83</fga>
<tpm>9</tpm>
<tpa>28</tpa>
<ftm>18</ftm>
<fta>19</fta>
<oreb>8</oreb>
<dreb>38</dreb>
<reb>46</reb>
<ast>16</ast>
<stl>12</stl>
<blk>3</blk>
<to>17</to>
<pf>20</pf>
<pts>103</pts>
</team>
<team>
<name>Brooklyn Nets</name>
<player>
<name>Mirza Teletovic</name>
<pos>PF</pos>
<start>true</start>
<min>30</min>
<fgm>3</fgm>
<fga>10</fga>
<tpm>0</tpm>
<tpa>5</tpa>
<ftm>2</ftm>
<fta>2</fta>
<oreb>1</oreb>
<dreb>3</dreb>
<reb>4</reb>
<ast>3</ast>
<stl>0</stl>
<blk>0</blk>
<to>2</to>
<pf>4</pf>
<pam>-16</pam>
<pts>8</pts>
<dnp>false</dnp>
</player>
<player>
<name>Alan Anderson</name>
<pos>SF</pos>
<start>true</start>
<min>27</min>
<fgm>1</fgm>
<fga>3</fga>
<tpm>1</tpm>
<tpa>3</tpa>
<ftm>2</ftm>
<fta>2</fta>
<oreb>0</oreb>
<dreb>2</dreb>
<reb>2</reb>
<ast>0</ast>
<stl>1</stl>
<blk>0</blk>
<to>0</to>
<pf>1</pf>
<pam>-11</pam>
<pts>5</pts>
<dnp>false</dnp>
</player>
<player>
<name>Kevin Garnett</name>
<pos>C</pos>
<start>true</start>
<min>19</min>
<fgm>3</fgm>
<fga>10</fga>
<tpm>0</tpm>
<tpa>0</tpa>
<ftm>6</ftm>
<fta>6</fta>
<oreb>1</oreb>
<dreb>4</dreb>
<reb>5</reb>
<ast>2</ast>
<stl>2</stl>
<blk>0</blk>
<to>2</to>
<pf>3</pf>
<pam>0</pam>
<pts>12</pts>
<dnp>false</dnp>
</player>
<player>
<name>Deron Williams</name>
<pos>PG</pos>
<start>true</start>
<min>32</min>
<fgm>3</fgm>
<fga>9</fga>
<tpm>1</tpm>
<tpa>2</tpa>
<ftm>2</ftm>
<fta>2</fta>
<oreb>0</oreb>
<dreb>2</dreb>
<reb>2</reb>
<ast>8</ast>
<stl>1</stl>
<blk>0</blk>
<to>4</to>
<pf>3</pf>
<pam>-15</pam>
<pts>9</pts>
<dnp>false</dnp>
</player>
<player>
<name>Joe Johnson</name>
<pos>SG</pos>
<start>true</start>
<min>35</min>
<fgm>7</fgm>
<fga>13</fga>
<tpm>1</tpm>
<tpa>5</tpa>
<ftm>2</ftm>
<fta>2</fta>
<oreb>0</oreb>
<dreb>2</dreb>
<reb>2</reb>
<ast>3</ast>
<stl>0</stl>
<blk>0</blk>
<to>3</to>
<pf>0</pf>
<pam>-16</pam>
<pts>17</pts>
<dnp>false</dnp>
</player>
<player>
<name>Mason Plumlee</name>
<pos>PF</pos>
<start>false</start>
<min>21</min>
<fgm>3</fgm>
<fga>6</fga>
<tpm>0</tpm>
<tpa>1</tpa>
<ftm>1</ftm>
<fta>2</fta>
<oreb>1</oreb>
<dreb>5</dreb>
<reb>6</reb>
<ast>0</ast>
<stl>0</stl>
<blk>3</blk>
<to>0</to>
<pf>1</pf>
<pam>-3</pam>
<pts>7</pts>
<dnp>false</dnp>
</player>
<player>
<name>Paul Pierce</name>
<pos>SF</pos>
<start>false</start>
<min>15</min>
<fgm>0</fgm>
<fga>7</fga>
<tpm>0</tpm>
<tpa>2</tpa>
<ftm>0</ftm>
<fta>0</fta>
<oreb>1</oreb>
<dreb>1</dreb>
<reb>2</reb>
<ast>1</ast>
<stl>0</stl>
<blk>1</blk>
<to>2</to>
<pf>1</pf>
<pam>-13</pam>
<pts>0</pts>
<dnp>false</dnp>
</player>
<player>
<name>Andray Blatche</name>
<pos>C</pos>
<start>false</start>
<min>26</min>
<fgm>4</fgm>
<fga>9</fga>
<tpm>0</tpm>
<tpa>2</tpa>
<ftm>3</ftm>
<fta>4</fta>
<oreb>3</oreb>
<dreb>4</dreb>
<reb>7</reb>
<ast>2</ast>
<stl>1</stl>
<blk>0</blk>
<to>1</to>
<pf>3</pf>
<pam>-15</pam>
<pts>11</pts>
<dnp>false</dnp>
</player>
<player>
<name>Shaun Livingston</name>
<pos>PG</pos>
<start>false</start>
<min>20</min>
<fgm>1</fgm>
<fga>2</fga>
<tpm>0</tpm>
<tpa>0</tpa>
<ftm>4</ftm>
<fta>4</fta>
<oreb>2</oreb>
<dreb>2</dreb>
<reb>4</reb>
<ast>2</ast>
<stl>1</stl>
<blk>0</blk>
<to>3</to>
<pf>2</pf>
<pam>-1</pam>
<pts>6</pts>
<dnp>false</dnp>
</player>
<player>
<name>Jason Terry</name>
<pos>SG</pos>
<start>false</start>
<min>15</min>
<fgm>4</fgm>
<fga>7</fga>
<tpm>3</tpm>
<tpa>6</tpa>
<ftm>0</ftm>
<fta>1</fta>
<oreb>0</oreb>
<dreb>2</dreb>
<reb>2</reb>
<ast>0</ast>
<stl>0</stl>
<blk>0</blk>
<to>1</to>
<pf>1</pf>
<pam>+5</pam>
<pts>11</pts>
<dnp>false</dnp>
</player>
<player>
<name>Reggie Evans</name>
<pos>PF</pos>
<start>false</start>
<min>0</min>
<fgm>0</fgm>
<fga>0</fga>
<tpm>0</tpm>
<tpa>0</tpa>
<ftm>0</ftm>
<fta>0</fta>
<oreb>0</oreb>
<dreb>0</dreb>
<reb>0</reb>
<ast>0</ast>
<stl>0</stl>
<blk>0</blk>
<to>0</to>
<pf>0</pf>
<pam>0</pam>
<pts>0</pts>
<dnp>true</dnp>
</player>
<player>
<name>Tornike Shengelia</name>
<pos>SF</pos>
<start>false</start>
<min>0</min>
<fgm>0</fgm>
<fga>0</fga>
<tpm>0</tpm>
<tpa>0</tpa>
<ftm>0</ftm>
<fta>0</fta>
<oreb>0</oreb>
<dreb>0</dreb>
<reb>0</reb>
<ast>0</ast>
<stl>0</stl>
<blk>0</blk>
<to>0</to>
<pf>0</pf>
<pam>0</pam>
<pts>0</pts>
<dnp>true</dnp>
</player>
<home>true</home>
<win>false</win>
<fgm>29</fgm>
<fga>76</fga>
<tpm>6</tpm>
<tpa>26</tpa>
<ftm>22</ftm>
<fta>25</fta>
<oreb>9</oreb>
<dreb>27</dreb>
<reb>36</reb>
<ast>21</ast>
<stl>6</stl>
<blk>4</blk>
<to>18</to>
<pf>19</pf>
<pts>86</pts>
</team>
</game>