<game>
<id>400488907</id>
<date>7:30 PM ET, November 2, 2013</date>
<team>
<name>Chicago Bulls</name>
<player>
<name>Carlos Boozer</name>
<pos>PF</pos>
<start>true</start>
<min>32</min>
<fgm>9</fgm>
<fga>16</fga>
<tpm>0</tpm>
<tpa>0</tpa>
<ftm>4</ftm>
<fta>4</fta>
<oreb>3</oreb>
<dreb>7</dreb>
<reb>10</reb>
<ast>2</ast>
<stl>0</stl>
<blk>0</blk>
<to>0</to>
<pf>3</pf>
<pam>-5</pam>
<pts>22</pts>
<dnp>false</dnp>
</player>
<player>
<name>Luol Deng</name>
<pos>SF</pos>
<start>true</start>
<min>37</min>
<fgm>8</fgm>
<fga>21</fga>
<tpm>0</tpm>
<tpa>3</tpa>
<ftm>4</ftm>
<fta>5</fta>
<oreb>3</oreb>
<dreb>4</dreb>
<reb>7</reb>
<ast>4</ast>
<stl>2</stl>
<blk>0</blk>
<to>1</to>
<pf>3</pf>
<pam>-13</pam>
<pts>20</pts>
<dnp>false</dnp>
</player>
<player>
<name>Joakim Noah</name>
<pos>C</pos>
<start>true</start>
<min>32</min>
<fgm>4</fgm>
<fga>11</fga>
<tpm>0</tpm>
<tpa>0</tpa>
<ftm>2</ftm>
<fta>2</fta>
<oreb>2</oreb>
<dreb>7</dreb>
<reb>9</reb>
<ast>3</ast>
<stl>2</stl>
<blk>1</blk>
<to>1</to>
<pf>1</pf>
<pam>-11</pam>
<pts>10</pts>
<dnp>false</dnp>
</player>
<player>
<name>Derrick Rose</name>
<pos>PG</pos>
<start>true</start>
<min>32</min>
<fgm>4</fgm>
<fga>14</fga>
<tpm>1</tpm>
<tpa>3</tpa>
<ftm>4</ftm>
<fta>4</fta>
<oreb>2</oreb>
<dreb>2</dreb>
<reb>4</reb>
<ast>6</ast>
<stl>0</stl>
<blk>0</blk>
<to>8</to>
<pf>2</pf>
<pam>-11</pam>
<pts>13</pts>
<dnp>false</dnp>
</player>
<player>
<name>Jimmy Butler</name>
<pos>SG</pos>
<start>true</start>
<min>39</min>
<fgm>4</fgm>
<fga>6</fga>
<tpm>0</tpm>
<tpa>1</tpa>
<ftm>1</ftm>
<fta>2</fta>
<oreb>1</oreb>
<dreb>5</dreb>
<reb>6</reb>
<ast>4</ast>
<stl>1</stl>
<blk>2</blk>
<to>2</to>
<pf>0</pf>
<pam>-2</pam>
<pts>9</pts>
<dnp>false</dnp>
</player>
<player>
<name>Taj Gibson</name>
<pos>PF</pos>
<start>false</start>
<min>24</min>
<fgm>6</fgm>
<fga>9</fga>
<tpm>0</tpm>
<tpa>0</tpa>
<ftm>0</ftm>
<fta>0</fta>
<oreb>5</oreb>
<dreb>2</dreb>
<reb>7</reb>
<ast>0</ast>
<stl>1</stl>
<blk>1</blk>
<to>2</to>
<pf>2</pf>
<pam>+8</pam>
<pts>12</pts>
<dnp>false</dnp>
</player>
<player>
<name>Mike Dunleavy</name>
<pos>SF</pos>
<start>false</start>
<min>16</min>
<fgm>3</fgm>
<fga>7</fga>
<tpm>1</tpm>
<tpa>3</tpa>
<ftm>0</ftm>
<fta>0</fta>
<oreb>0</oreb>
<dreb>4</dreb>
<reb>4</reb>
<ast>2</ast>
<stl>0</stl>
<blk>0</blk>
<to>0</to>
<pf>2</pf>
<pam>+9</pam>
<pts>7</pts>
<dnp>false</dnp>
</player>
<player>
<name>Nazr Mohammed</name>
<pos>C</pos>
<start>false</start>
<min>8</min>
<fgm>1</fgm>
<fga>1</fga>
<tpm>0</tpm>
<tpa>0</tpa>
<ftm>0</ftm>
<fta>0</fta>
<oreb>1</oreb>
<dreb>2</dreb>
<reb>3</reb>
<ast>1</ast>
<stl>0</stl>
<blk>1</blk>
<to>1</to>
<pf>0</pf>
<pam>+2</pam>
<pts>2</pts>
<dnp>false</dnp>
</player>
<player>
<name>Kirk Hinrich</name>
<pos>SG</pos>
<start>false</start>
<min>20</min>
<fgm>3</fgm>
<fga>8</fga>
<tpm>1</tpm>
<tpa>4</tpa>
<ftm>2</ftm>
<fta>2</fta>
<oreb>0</oreb>
<dreb>1</dreb>
<reb>1</reb>
<ast>6</ast>
<stl>2</stl>
<blk>0</blk>
<to>3</to>
<pf>1</pf>
<pam>+8</pam>
<pts>9</pts>
<dnp>false</dnp>
</player>
<player>
<name>Erik Murphy</name>
<pos>PF</pos>
<start>false</start>
<min>0</min>
<fgm>0</fgm>
<fga>0</fga>
<tpm>0</tpm>
<tpa>0</tpa>
<ftm>0</ftm>
<fta>0</fta>
<oreb>0</oreb>
<dreb>0</dreb>
<reb>0</reb>
<ast>0</ast>
<stl>0</stl>
<blk>0</blk>
<to>0</to>
<pf>0</pf>
<pam>0</pam>
<pts>0</pts>
<dnp>true</dnp>
</player>
<player>
<name>Marquis Teague</name>
<pos>PG</pos>
<start>false</start>
<min>0</min>
<fgm>0</fgm>
<fga>0</fga>
<tpm>0</tpm>
<tpa>0</tpa>
<ftm>0</ftm>
<fta>0</fta>
<oreb>0</oreb>
<dreb>0</dreb>
<reb>0</reb>
<ast>0</ast>
<stl>0</stl>
<blk>0</blk>
<to>0</to>
<pf>0</pf>
<pam>0</pam>
<pts>0</pts>
<dnp>true</dnp>
</player>
<player>
<name>Mike James</name>
<pos>PG</pos>
<start>false</start>
<min>0</min>
<fgm>0</fgm>
<fga>0</fga>
<tpm>0</tpm>
<tpa>0</tpa>
<ftm>0</ftm>
<fta>0</fta>
<oreb>0</oreb>
<dreb>0</dreb>
<reb>0</reb>
<ast>0</ast>
<stl>0</stl>
<blk>0</blk>
<to>0</to>
<pf>0</pf>
<pam>0</pam>
<pts>0</pts>
<dnp>true</dnp>
</player>
<home>false</home>
<win>false</win>
<fgm>42</fgm>
<fga>93</fga>
<tpm>3</tpm>
<tpa>14</tpa>
<ftm>17</ftm>
<fta>19</fta>
<oreb>17</oreb>
<dreb>34</dreb>
<reb>51</reb>
<ast>28</ast>
<stl>8</stl>
<blk>5</blk>
<to>18</to>
<pf>14</pf>
<pts>104</pts>
</team>
<team>
<name>Philadelphia 76ers</name>
<player>
<name>Spencer Hawes</name>
<pos>PF</pos>
<start>true</start>
<min>30</min>
<fgm>8</fgm>
<fga>11</fga>
<tpm>2</tpm>
<tpa>4</tpa>
<ftm>0</ftm>
<fta>0</fta>
<oreb>3</oreb>
<dreb>8</dreb>
<reb>11</reb>
<ast>2</ast>
<stl>1</stl>
<blk>3</blk>
<to>2</to>
<pf>1</pf>
<pam>+9</pam>
<pts>18</pts>
<dnp>false</dnp>
</player>
<player>
<name>Thaddeus Young</name>
<pos>PF</pos>
<start>true</start>
<min>29</min>
<fgm>5</fgm>
<fga>9</fga>
<tpm>3</tpm>
<tpa>4</tpa>
<ftm>0</ftm>
<fta>0</fta>
<oreb>0</oreb>
<dreb>7</dreb>
<reb>7</reb>
<ast>2</ast>
<stl>1</stl>
<blk>1</blk>
<to>1</to>
<pf>2</pf>
<pam>+9</pam>
<pts>13</pts>
<dnp>false</dnp>
</player>
<player>
<name>Evan Turner</name>
<pos>SF</pos>
<start>true</start>
<min>39</min>
<fgm>7</fgm>
<fga>16</fga>
<tpm>0</tpm>
<tpa>0</tpa>
<ftm>6</ftm>
<fta>7</fta>
<oreb>2</oreb>
<dreb>1</dreb>
<reb>3</reb>
<ast>3</ast>
<stl>1</stl>
<blk>0</blk>
<to>2</to>
<pf>1</pf>
<pam>+3</pam>
<pts>20</pts>
<dnp>false</dnp>
</player>
<player>
<name>Michael Carter-Williams</name>
<pos>PG</pos>
<start>true</start>
<min>37</min>
<fgm>10</fgm>
<fga>22</fga>
<tpm>2</tpm>
<tpa>5</tpa>
<ftm>4</ftm>
<fta>5</fta>
<oreb>3</oreb>
<dreb>1</dreb>
<reb>4</reb>
<ast>10</ast>
<stl>3</stl>
<blk>0</blk>
<to>4</to>
<pf>1</pf>
<pam>+6</pam>
<pts>26</pts>
<dnp>false</dnp>
</player>
<player>
<name>James Anderson</name>
<pos>SG</pos>
<start>true</start>
<min>30</min>
<fgm>0</fgm>
<fga>4</fga>
<tpm>0</tpm>
<tpa>1</tpa>
<ftm>1</ftm>
<fta>2</fta>
<oreb>0</oreb>
<dreb>3</dreb>
<reb>3</reb>
<ast>2</ast>
<stl>0</stl>
<blk>0</blk>
<to>0</to>
<pf>1</pf>
<pam>+17</pam>
<pts>1</pts>
<dnp>false</dnp>
</player>
<player>
<name>Lavoy Allen</name>
<pos>PF</pos>
<start>false</start>
<min>18</min>
<fgm>3</fgm>
<fga>5</fga>
<tpm>0</tpm>
<tpa>0</tpa>
<ftm>0</ftm>
<fta>0</fta>
<oreb>1</oreb>
<dreb>3</dreb>
<reb>4</reb>
<ast>0</ast>
<stl>0</stl>
<blk>1</blk>
<to>2</to>
<pf>5</pf>
<pam>-13</pam>
<pts>6</pts>
<dnp>false</dnp>
</player>
<player>
<name>Brandon Davies</name>
<pos>PF</pos>
<start>false</start>
<min>2</min>
<fgm>1</fgm>
<fga>1</fga>
<tpm>0</tpm>
<tpa>0</tpa>
<ftm>0</ftm>
<fta>0</fta>
<oreb>0</oreb>
<dreb>0</dreb>
<reb>0</reb>
<ast>0</ast>
<stl>0</stl>
<blk>0</blk>
<to>0</to>
<pf>0</pf>
<pam>+7</pam>
<pts>2</pts>
<dnp>false</dnp>
</player>
<player>
<name>Daniel Orton</name>
<pos>C</pos>
<start>false</start>
<min>17</min>
<fgm>2</fgm>
<fga>2</fga>
<tpm>0</tpm>
<tpa>0</tpa>
<ftm>0</ftm>
<fta>0</fta>
<oreb>0</oreb>
<dreb>1</dreb>
<reb>1</reb>
<ast>1</ast>
<stl>0</stl>
<blk>0</blk>
<to>1</to>
<pf>2</pf>
<pam>-6</pam>
<pts>4</pts>
<dnp>false</dnp>
</player>
<player>
<name>Darius Morris</name>
<pos>PG</pos>
<start>false</start>
<min>11</min>
<fgm>2</fgm>
<fga>4</fga>
<tpm>1</tpm>
<tpa>1</tpa>
<ftm>1</ftm>
<fta>2</fta>
<oreb>0</oreb>
<dreb>0</dreb>
<reb>0</reb>
<ast>3</ast>
<stl>1</stl>
<blk>0</blk>
<to>1</to>
<pf>0</pf>
<pam>-3</pam>
<pts>6</pts>
<dnp>false</dnp>
</player>
<player>
<name>Tony Wroten</name>
<pos>SG</pos>
<start>false</start>
<min>23</min>
<fgm>4</fgm>
<fga>11</fga>
<tpm>3</tpm>
<tpa>6</tpa>
<ftm>0</ftm>
<fta>2</fta>
<oreb>0</oreb>
<dreb>5</dreb>
<reb>5</reb>
<ast>0</ast>
<stl>1</stl>
<blk>1</blk>
<to>1</to>
<pf>3</pf>
<pam>-9</pam>
<pts>11</pts>
<dnp>false</dnp>
</player>
<player>
<name>Hollis Thompson</name>
<pos>SG</pos>
<start>false</start>
<min>5</min>
<fgm>0</fgm>
<fga>1</fga>
<tpm>0</tpm>
<tpa>1</tpa>
<ftm>0</ftm>
<fta>0</fta>
<oreb>1</oreb>
<dreb>0</dreb>
<reb>1</reb>
<ast>1</ast>
<stl>0</stl>
<blk>0</blk>
<to>1</to>
<pf>2</pf>
<pam>-5</pam>
<pts>0</pts>
<dnp>false</dnp>
</player>
<home>true</home>
<win>true</win>
<fgm>42</fgm>
<fga>86</fga>
<tpm>11</tpm>
<tpa>22</tpa>
<ftm>12</ftm>
<fta>18</fta>
<oreb>10</oreb>
<dreb>29</dreb>
<reb>39</reb>
<ast>24</ast>
<stl>8</stl>
<blk>6</blk>
<to>15</to>
<pf>18</pf>
<pts>107</pts>
</team>
</game>