<game>
<id>400488891</id>
<date>8:00 PM ET, October 31, 2013</date>
<team>
<name>New York Knicks</name>
<player>
<name>Carmelo Anthony</name>
<pos>SF</pos>
<start>true</start>
<min>42</min>
<fgm>8</fgm>
<fga>24</fga>
<tpm>2</tpm>
<tpa>7</tpa>
<ftm>4</ftm>
<fta>5</fta>
<oreb>0</oreb>
<dreb>6</dreb>
<reb>6</reb>
<ast>6</ast>
<stl>6</stl>
<blk>2</blk>
<to>4</to>
<pf>0</pf>
<pam>-6</pam>
<pts>22</pts>
<dnp>false</dnp>
</player>
<player>
<name>Tyson Chandler</name>
<pos>C</pos>
<start>true</start>
<min>36</min>
<fgm>3</fgm>
<fga>8</fga>
<tpm>0</tpm>
<tpa>0</tpa>
<ftm>1</ftm>
<fta>2</fta>
<oreb>8</oreb>
<dreb>11</dreb>
<reb>19</reb>
<ast>2</ast>
<stl>1</stl>
<blk>4</blk>
<to>2</to>
<pf>2</pf>
<pam>+8</pam>
<pts>7</pts>
<dnp>false</dnp>
</player>
<player>
<name>Andrea Bargnani</name>
<pos>C</pos>
<start>true</start>
<min>25</min>
<fgm>4</fgm>
<fga>7</fga>
<tpm>1</tpm>
<tpa>2</tpa>
<ftm>0</ftm>
<fta>0</fta>
<oreb>1</oreb>
<dreb>0</dreb>
<reb>1</reb>
<ast>1</ast>
<stl>0</stl>
<blk>0</blk>
<to>3</to>
<pf>4</pf>
<pam>-9</pam>
<pts>9</pts>
<dnp>false</dnp>
</player>
<player>
<name>Raymond Felton</name>
<pos>PG</pos>
<start>true</start>
<min>37</min>
<fgm>5</fgm>
<fga>14</fga>
<tpm>1</tpm>
<tpa>3</tpa>
<ftm>2</ftm>
<fta>3</fta>
<oreb>1</oreb>
<dreb>3</dreb>
<reb>4</reb>
<ast>6</ast>
<stl>0</stl>
<blk>1</blk>
<to>2</to>
<pf>0</pf>
<pam>+6</pam>
<pts>13</pts>
<dnp>false</dnp>
</player>
<player>
<name>Iman Shumpert</name>
<pos>SG</pos>
<start>true</start>
<min>25</min>
<fgm>2</fgm>
<fga>6</fga>
<tpm>1</tpm>
<tpa>2</tpa>
<ftm>2</ftm>
<fta>2</fta>
<oreb>2</oreb>
<dreb>1</dreb>
<reb>3</reb>
<ast>1</ast>
<stl>2</stl>
<blk>0</blk>
<to>1</to>
<pf>4</pf>
<pam>+1</pam>
<pts>7</pts>
<dnp>false</dnp>
</player>
<player>
<name>Amar'e Stoudemire</name>
<pos>PF</pos>
<start>false</start>
<min>11</min>
<fgm>2</fgm>
<fga>3</fga>
<tpm>0</tpm>
<tpa>0</tpa>
<ftm>1</ftm>
<fta>2</fta>
<oreb>0</oreb>
<dreb>1</dreb>
<reb>1</reb>
<ast>1</ast>
<stl>1</stl>
<blk>0</blk>
<to>3</to>
<pf>4</pf>
<pam>-3</pam>
<pts>5</pts>
<dnp>false</dnp>
</player>
<player>
<name>Kenyon Martin</name>
<pos>PF</pos>
<start>false</start>
<min>4</min>
<fgm>0</fgm>
<fga>0</fga>
<tpm>0</tpm>
<tpa>0</tpa>
<ftm>0</ftm>
<fta>0</fta>
<oreb>0</oreb>
<dreb>0</dreb>
<reb>0</reb>
<ast>0</ast>
<stl>0</stl>
<blk>0</blk>
<to>0</to>
<pf>0</pf>
<pam>+2</pam>
<pts>0</pts>
<dnp>false</dnp>
</player>
<player>
<name>Metta World Peace</name>
<pos>SF</pos>
<start>false</start>
<min>23</min>
<fgm>3</fgm>
<fga>11</fga>
<tpm>2</tpm>
<tpa>4</tpa>
<ftm>0</ftm>
<fta>0</fta>
<oreb>1</oreb>
<dreb>1</dreb>
<reb>2</reb>
<ast>1</ast>
<stl>2</stl>
<blk>1</blk>
<to>0</to>
<pf>2</pf>
<pam>-4</pam>
<pts>8</pts>
<dnp>false</dnp>
</player>
<player>
<name>Pablo Prigioni</name>
<pos>PG</pos>
<start>false</start>
<min>11</min>
<fgm>0</fgm>
<fga>0</fga>
<tpm>0</tpm>
<tpa>0</tpa>
<ftm>0</ftm>
<fta>0</fta>
<oreb>0</oreb>
<dreb>3</dreb>
<reb>3</reb>
<ast>2</ast>
<stl>0</stl>
<blk>0</blk>
<to>0</to>
<pf>4</pf>
<pam>-7</pam>
<pts>0</pts>
<dnp>false</dnp>
</player>
<player>
<name>Tim Hardaway Jr.</name>
<pos>SG</pos>
<start>false</start>
<min>27</min>
<fgm>4</fgm>
<fga>13</fga>
<tpm>2</tpm>
<tpa>6</tpa>
<ftm>0</ftm>
<fta>0</fta>
<oreb>0</oreb>
<dreb>3</dreb>
<reb>3</reb>
<ast>0</ast>
<stl>0</stl>
<blk>0</blk>
<to>0</to>
<pf>4</pf>
<pam>+7</pam>
<pts>10</pts>
<dnp>false</dnp>
</player>
<player>
<name>Beno Udrih</name>
<pos>PG</pos>
<start>false</start>
<min>0</min>
<fgm>0</fgm>
<fga>0</fga>
<tpm>0</tpm>
<tpa>0</tpa>
<ftm>0</ftm>
<fta>0</fta>
<oreb>0</oreb>
<dreb>0</dreb>
<reb>0</reb>
<ast>0</ast>
<stl>0</stl>
<blk>0</blk>
<to>0</to>
<pf>0</pf>
<pam>0</pam>
<pts>0</pts>
<dnp>true</dnp>
</player>
<player>
<name>Toure' Murry</name>
<pos>SG</pos>
<start>false</start>
<min>0</min>
<fgm>0</fgm>
<fga>0</fga>
<tpm>0</tpm>
<tpa>0</tpa>
<ftm>0</ftm>
<fta>0</fta>
<oreb>0</oreb>
<dreb>0</dreb>
<reb>0</reb>
<ast>0</ast>
<stl>0</stl>
<blk>0</blk>
<to>0</to>
<pf>0</pf>
<pam>0</pam>
<pts>0</pts>
<dnp>true</dnp>
</player>
<home>false</home>
<win>false</win>
<fgm>31</fgm>
<fga>86</fga>
<tpm>9</tpm>
<tpa>24</tpa>
<ftm>10</ftm>
<fta>14</fta>
<oreb>13</oreb>
<dreb>29</dreb>
<reb>42</reb>
<ast>20</ast>
<stl>12</stl>
<blk>8</blk>
<to>15</to>
<pf>24</pf>
<pts>81</pts>
</team>
<team>
<name>Chicago Bulls</name>
<player>
<name>Carlos Boozer</name>
<pos>PF</pos>
<start>true</start>
<min>33</min>
<fgm>5</fgm>
<fga>7</fga>
<tpm>0</tpm>
<tpa>0</tpa>
<ftm>4</ftm>
<fta>4</fta>
<oreb>1</oreb>
<dreb>6</dreb>
<reb>7</reb>
<ast>3</ast>
<stl>0</stl>
<blk>0</blk>
<to>3</to>
<pf>2</pf>
<pam>+9</pam>
<pts>14</pts>
<dnp>false</dnp>
</player>
<player>
<name>Luol Deng</name>
<pos>SF</pos>
<start>true</start>
<min>40</min>
<fgm>8</fgm>
<fga>15</fga>
<tpm>1</tpm>
<tpa>4</tpa>
<ftm>0</ftm>
<fta>0</fta>
<oreb>1</oreb>
<dreb>2</dreb>
<reb>3</reb>
<ast>6</ast>
<stl>0</stl>
<blk>0</blk>
<to>0</to>
<pf>1</pf>
<pam>+5</pam>
<pts>17</pts>
<dnp>false</dnp>
</player>
<player>
<name>Joakim Noah</name>
<pos>C</pos>
<start>true</start>
<min>36</min>
<fgm>2</fgm>
<fga>7</fga>
<tpm>0</tpm>
<tpa>0</tpa>
<ftm>2</ftm>
<fta>2</fta>
<oreb>4</oreb>
<dreb>11</dreb>
<reb>15</reb>
<ast>5</ast>
<stl>1</stl>
<blk>1</blk>
<to>1</to>
<pf>4</pf>
<pam>-5</pam>
<pts>6</pts>
<dnp>false</dnp>
</player>
<player>
<name>Derrick Rose</name>
<pos>PG</pos>
<start>true</start>
<min>34</min>
<fgm>7</fgm>
<fga>23</fga>
<tpm>2</tpm>
<tpa>5</tpa>
<ftm>2</ftm>
<fta>2</fta>
<oreb>3</oreb>
<dreb>3</dreb>
<reb>6</reb>
<ast>3</ast>
<stl>0</stl>
<blk>0</blk>
<to>4</to>
<pf>2</pf>
<pam>-1</pam>
<pts>18</pts>
<dnp>false</dnp>
</player>
<player>
<name>Jimmy Butler</name>
<pos>SG</pos>
<start>true</start>
<min>41</min>
<fgm>3</fgm>
<fga>11</fga>
<tpm>0</tpm>
<tpa>4</tpa>
<ftm>5</ftm>
<fta>6</fta>
<oreb>3</oreb>
<dreb>7</dreb>
<reb>10</reb>
<ast>1</ast>
<stl>3</stl>
<blk>1</blk>
<to>1</to>
<pf>0</pf>
<pam>-4</pam>
<pts>11</pts>
<dnp>false</dnp>
</player>
<player>
<name>Taj Gibson</name>
<pos>PF</pos>
<start>false</start>
<min>21</min>
<fgm>3</fgm>
<fga>5</fga>
<tpm>0</tpm>
<tpa>0</tpa>
<ftm>1</ftm>
<fta>2</fta>
<oreb>1</oreb>
<dreb>3</dreb>
<reb>4</reb>
<ast>0</ast>
<stl>0</stl>
<blk>1</blk>
<to>2</to>
<pf>2</pf>
<pam>-1</pam>
<pts>7</pts>
<dnp>false</dnp>
</player>
<player>
<name>Mike Dunleavy</name>
<pos>SF</pos>
<start>false</start>
<min>15</min>
<fgm>0</fgm>
<fga>2</fga>
<tpm>0</tpm>
<tpa>2</tpa>
<ftm>0</ftm>
<fta>0</fta>
<oreb>0</oreb>
<dreb>2</dreb>
<reb>2</reb>
<ast>1</ast>
<stl>0</stl>
<blk>0</blk>
<to>0</to>
<pf>2</pf>
<pam>+1</pam>
<pts>0</pts>
<dnp>false</dnp>
</player>
<player>
<name>Nazr Mohammed</name>
<pos>C</pos>
<start>false</start>
<min>4</min>
<fgm>0</fgm>
<fga>0</fga>
<tpm>0</tpm>
<tpa>0</tpa>
<ftm>0</ftm>
<fta>0</fta>
<oreb>0</oreb>
<dreb>0</dreb>
<reb>0</reb>
<ast>0</ast>
<stl>0</stl>
<blk>0</blk>
<to>2</to>
<pf>0</pf>
<pam>0</pam>
<pts>0</pts>
<dnp>false</dnp>
</player>
<player>
<name>Kirk Hinrich</name>
<pos>SG</pos>
<start>false</start>
<min>17</min>
<fgm>3</fgm>
<fga>6</fga>
<tpm>0</tpm>
<tpa>1</tpa>
<ftm>3</ftm>
<fta>3</fta>
<oreb>0</oreb>
<dreb>1</dreb>
<reb>1</reb>
<ast>1</ast>
<stl>1</stl>
<blk>0</blk>
<to>5</to>
<pf>3</pf>
<pam>+1</pam>
<pts>9</pts>
<dnp>false</dnp>
</player>
<player>
<name>Erik Murphy</name>
<pos>PF</pos>
<start>false</start>
<min>0</min>
<fgm>0</fgm>
<fga>0</fga>
<tpm>0</tpm>
<tpa>0</tpa>
<ftm>0</ftm>
<fta>0</fta>
<oreb>0</oreb>
<dreb>0</dreb>
<reb>0</reb>
<ast>0</ast>
<stl>0</stl>
<blk>0</blk>
<to>0</to>
<pf>0</pf>
<pam>0</pam>
<pts>0</pts>
<dnp>true</dnp>
</player>
<player>
<name>Marquis Teague</name>
<pos>PG</pos>
<start>false</start>
<min>0</min>
<fgm>0</fgm>
<fga>0</fga>
<tpm>0</tpm>
<tpa>0</tpa>
<ftm>0</ftm>
<fta>0</fta>
<oreb>0</oreb>
<dreb>0</dreb>
<reb>0</reb>
<ast>0</ast>
<stl>0</stl>
<blk>0</blk>
<to>0</to>
<pf>0</pf>
<pam>0</pam>
<pts>0</pts>
<dnp>true</dnp>
</player>
<player>
<name>Mike James</name>
<pos>PG</pos>
<start>false</start>
<min>0</min>
<fgm>0</fgm>
<fga>0</fga>
<tpm>0</tpm>
<tpa>0</tpa>
<ftm>0</ftm>
<fta>0</fta>
<oreb>0</oreb>
<dreb>0</dreb>
<reb>0</reb>
<ast>0</ast>
<stl>0</stl>
<blk>0</blk>
<to>0</to>
<pf>0</pf>
<pam>0</pam>
<pts>0</pts>
<dnp>true</dnp>
</player>
<home>true</home>
<win>true</win>
<fgm>31</fgm>
<fga>76</fga>
<tpm>3</tpm>
<tpa>16</tpa>
<ftm>17</ftm>
<fta>19</fta>
<oreb>13</oreb>
<dreb>35</dreb>
<reb>48</reb>
<ast>20</ast>
<stl>5</stl>
<blk>3</blk>
<to>18</to>
<pf>16</pf>
<pts>82</pts>
</team>
</game>