<game>
<id>400489061</id>
<date>7:00 PM ET, November 23, 2013</date>
<team>
<name>Philadelphia 76ers</name>
<player>
<name>Lavoy Allen</name>
<pos>PF</pos>
<start>true</start>
<min>26</min>
<fgm>1</fgm>
<fga>4</fga>
<tpm>0</tpm>
<tpa>0</tpa>
<ftm>2</ftm>
<fta>2</fta>
<oreb>6</oreb>
<dreb>3</dreb>
<reb>9</reb>
<ast>2</ast>
<stl>1</stl>
<blk>2</blk>
<to>2</to>
<pf>5</pf>
<pam>+3</pam>
<pts>4</pts>
<dnp>false</dnp>
</player>
<player>
<name>Evan Turner</name>
<pos>SF</pos>
<start>true</start>
<min>39</min>
<fgm>8</fgm>
<fga>26</fga>
<tpm>0</tpm>
<tpa>4</tpa>
<ftm>5</ftm>
<fta>7</fta>
<oreb>2</oreb>
<dreb>9</dreb>
<reb>11</reb>
<ast>2</ast>
<stl>1</stl>
<blk>0</blk>
<to>6</to>
<pf>5</pf>
<pam>-6</pam>
<pts>21</pts>
<dnp>false</dnp>
</player>
<player>
<name>Daniel Orton</name>
<pos>C</pos>
<start>true</start>
<min>36</min>
<fgm>3</fgm>
<fga>11</fga>
<tpm>0</tpm>
<tpa>0</tpa>
<ftm>4</ftm>
<fta>5</fta>
<oreb>4</oreb>
<dreb>6</dreb>
<reb>10</reb>
<ast>1</ast>
<stl>0</stl>
<blk>2</blk>
<to>0</to>
<pf>3</pf>
<pam>-21</pam>
<pts>10</pts>
<dnp>false</dnp>
</player>
<player>
<name>Michael Carter-Williams</name>
<pos>PG</pos>
<start>true</start>
<min>38</min>
<fgm>11</fgm>
<fga>21</fga>
<tpm>1</tpm>
<tpa>5</tpa>
<ftm>6</ftm>
<fta>11</fta>
<oreb>3</oreb>
<dreb>3</dreb>
<reb>6</reb>
<ast>3</ast>
<stl>7</stl>
<blk>1</blk>
<to>2</to>
<pf>4</pf>
<pam>-6</pam>
<pts>29</pts>
<dnp>false</dnp>
</player>
<player>
<name>James Anderson</name>
<pos>SG</pos>
<start>true</start>
<min>37</min>
<fgm>4</fgm>
<fga>18</fga>
<tpm>1</tpm>
<tpa>10</tpa>
<ftm>4</ftm>
<fta>4</fta>
<oreb>1</oreb>
<dreb>4</dreb>
<reb>5</reb>
<ast>1</ast>
<stl>3</stl>
<blk>1</blk>
<to>1</to>
<pf>1</pf>
<pam>0</pam>
<pts>13</pts>
<dnp>false</dnp>
</player>
<player>
<name>Brandon Davies</name>
<pos>PF</pos>
<start>false</start>
<min>7</min>
<fgm>1</fgm>
<fga>2</fga>
<tpm>0</tpm>
<tpa>0</tpa>
<ftm>0</ftm>
<fta>0</fta>
<oreb>2</oreb>
<dreb>0</dreb>
<reb>2</reb>
<ast>2</ast>
<stl>0</stl>
<blk>0</blk>
<to>1</to>
<pf>4</pf>
<pam>0</pam>
<pts>2</pts>
<dnp>false</dnp>
</player>
<player>
<name>Lorenzo Brown</name>
<pos>PG</pos>
<start>false</start>
<min>10</min>
<fgm>2</fgm>
<fga>6</fga>
<tpm>0</tpm>
<tpa>0</tpa>
<ftm>0</ftm>
<fta>0</fta>
<oreb>2</oreb>
<dreb>1</dreb>
<reb>3</reb>
<ast>0</ast>
<stl>1</stl>
<blk>0</blk>
<to>0</to>
<pf>1</pf>
<pam>-2</pam>
<pts>4</pts>
<dnp>false</dnp>
</player>
<player>
<name>Hollis Thompson</name>
<pos>SG</pos>
<start>false</start>
<min>31</min>
<fgm>3</fgm>
<fga>7</fga>
<tpm>1</tpm>
<tpa>2</tpa>
<ftm>3</ftm>
<fta>3</fta>
<oreb>2</oreb>
<dreb>2</dreb>
<reb>4</reb>
<ast>0</ast>
<stl>2</stl>
<blk>0</blk>
<to>1</to>
<pf>1</pf>
<pam>-2</pam>
<pts>10</pts>
<dnp>false</dnp>
</player>
<player>
<name>Elliot Williams</name>
<pos>SG</pos>
<start>false</start>
<min>17</min>
<fgm>2</fgm>
<fga>7</fga>
<tpm>1</tpm>
<tpa>4</tpa>
<ftm>0</ftm>
<fta>0</fta>
<oreb>1</oreb>
<dreb>3</dreb>
<reb>4</reb>
<ast>0</ast>
<stl>0</stl>
<blk>0</blk>
<to>1</to>
<pf>3</pf>
<pam>-6</pam>
<pts>5</pts>
<dnp>false</dnp>
</player>
<player>
<name>Spencer Hawes</name>
<pos>PF</pos>
<start>false</start>
<min>0</min>
<fgm>0</fgm>
<fga>0</fga>
<tpm>0</tpm>
<tpa>0</tpa>
<ftm>0</ftm>
<fta>0</fta>
<oreb>0</oreb>
<dreb>0</dreb>
<reb>0</reb>
<ast>0</ast>
<stl>0</stl>
<blk>0</blk>
<to>0</to>
<pf>0</pf>
<pam>0</pam>
<pts>0</pts>
<dnp>true</dnp>
</player>
<player>
<name>Thaddeus Young</name>
<pos>PF</pos>
<start>false</start>
<min>0</min>
<fgm>0</fgm>
<fga>0</fga>
<tpm>0</tpm>
<tpa>0</tpa>
<ftm>0</ftm>
<fta>0</fta>
<oreb>0</oreb>
<dreb>0</dreb>
<reb>0</reb>
<ast>0</ast>
<stl>0</stl>
<blk>0</blk>
<to>0</to>
<pf>0</pf>
<pam>0</pam>
<pts>0</pts>
<dnp>true</dnp>
</player>
<home>false</home>
<win>false</win>
<fgm>35</fgm>
<fga>102</fga>
<tpm>4</tpm>
<tpa>25</tpa>
<ftm>24</ftm>
<fta>32</fta>
<oreb>23</oreb>
<dreb>31</dreb>
<reb>54</reb>
<ast>11</ast>
<stl>15</stl>
<blk>6</blk>
<to>14</to>
<pf>27</pf>
<pts>98</pts>
</team>
<team>
<name>Indiana Pacers</name>
<player>
<name>David West</name>
<pos>PF</pos>
<start>true</start>
<min>31</min>
<fgm>6</fgm>
<fga>11</fga>
<tpm>0</tpm>
<tpa>0</tpa>
<ftm>5</ftm>
<fta>5</fta>
<oreb>0</oreb>
<dreb>11</dreb>
<reb>11</reb>
<ast>6</ast>
<stl>0</stl>
<blk>2</blk>
<to>2</to>
<pf>3</pf>
<pam>+24</pam>
<pts>17</pts>
<dnp>false</dnp>
</player>
<player>
<name>Paul George</name>
<pos>SF</pos>
<start>true</start>
<min>37</min>
<fgm>6</fgm>
<fga>13</fga>
<tpm>2</tpm>
<tpa>4</tpa>
<ftm>5</ftm>
<fta>7</fta>
<oreb>0</oreb>
<dreb>3</dreb>
<reb>3</reb>
<ast>3</ast>
<stl>3</stl>
<blk>0</blk>
<to>2</to>
<pf>3</pf>
<pam>+21</pam>
<pts>19</pts>
<dnp>false</dnp>
</player>
<player>
<name>Roy Hibbert</name>
<pos>C</pos>
<start>true</start>
<min>33</min>
<fgm>7</fgm>
<fga>12</fga>
<tpm>0</tpm>
<tpa>0</tpa>
<ftm>13</ftm>
<fta>16</fta>
<oreb>3</oreb>
<dreb>10</dreb>
<reb>13</reb>
<ast>1</ast>
<stl>0</stl>
<blk>6</blk>
<to>2</to>
<pf>3</pf>
<pam>+19</pam>
<pts>27</pts>
<dnp>false</dnp>
</player>
<player>
<name>George Hill</name>
<pos>PG</pos>
<start>true</start>
<min>36</min>
<fgm>4</fgm>
<fga>10</fga>
<tpm>1</tpm>
<tpa>4</tpa>
<ftm>2</ftm>
<fta>2</fta>
<oreb>1</oreb>
<dreb>5</dreb>
<reb>6</reb>
<ast>5</ast>
<stl>1</stl>
<blk>1</blk>
<to>3</to>
<pf>3</pf>
<pam>+17</pam>
<pts>11</pts>
<dnp>false</dnp>
</player>
<player>
<name>Lance Stephenson</name>
<pos>SG</pos>
<start>true</start>
<min>37</min>
<fgm>8</fgm>
<fga>11</fga>
<tpm>0</tpm>
<tpa>1</tpa>
<ftm>2</ftm>
<fta>3</fta>
<oreb>2</oreb>
<dreb>3</dreb>
<reb>5</reb>
<ast>3</ast>
<stl>0</stl>
<blk>1</blk>
<to>6</to>
<pf>2</pf>
<pam>-1</pam>
<pts>18</pts>
<dnp>false</dnp>
</player>
<player>
<name>Luis Scola</name>
<pos>PF</pos>
<start>false</start>
<min>21</min>
<fgm>0</fgm>
<fga>4</fga>
<tpm>0</tpm>
<tpa>0</tpa>
<ftm>3</ftm>
<fta>4</fta>
<oreb>0</oreb>
<dreb>5</dreb>
<reb>5</reb>
<ast>1</ast>
<stl>0</stl>
<blk>0</blk>
<to>2</to>
<pf>2</pf>
<pam>-11</pam>
<pts>3</pts>
<dnp>false</dnp>
</player>
<player>
<name>Chris Copeland</name>
<pos>SF</pos>
<start>false</start>
<min>11</min>
<fgm>1</fgm>
<fga>3</fga>
<tpm>1</tpm>
<tpa>3</tpa>
<ftm>0</ftm>
<fta>0</fta>
<oreb>0</oreb>
<dreb>1</dreb>
<reb>1</reb>
<ast>0</ast>
<stl>0</stl>
<blk>1</blk>
<to>0</to>
<pf>4</pf>
<pam>-16</pam>
<pts>3</pts>
<dnp>false</dnp>
</player>
<player>
<name>Solomon Hill</name>
<pos>SF</pos>
<start>false</start>
<min>7</min>
<fgm>0</fgm>
<fga>1</fga>
<tpm>0</tpm>
<tpa>1</tpa>
<ftm>1</ftm>
<fta>1</fta>
<oreb>0</oreb>
<dreb>1</dreb>
<reb>1</reb>
<ast>0</ast>
<stl>0</stl>
<blk>0</blk>
<to>0</to>
<pf>0</pf>
<pam>+4</pam>
<pts>1</pts>
<dnp>false</dnp>
</player>
<player>
<name>C.J. Watson</name>
<pos>PG</pos>
<start>false</start>
<min>12</min>
<fgm>2</fgm>
<fga>5</fga>
<tpm>0</tpm>
<tpa>2</tpa>
<ftm>0</ftm>
<fta>0</fta>
<oreb>0</oreb>
<dreb>2</dreb>
<reb>2</reb>
<ast>0</ast>
<stl>1</stl>
<blk>0</blk>
<to>2</to>
<pf>1</pf>
<pam>-9</pam>
<pts>4</pts>
<dnp>false</dnp>
</player>
<player>
<name>Orlando Johnson</name>
<pos>SG</pos>
<start>false</start>
<min>15</min>
<fgm>1</fgm>
<fga>6</fga>
<tpm>1</tpm>
<tpa>3</tpa>
<ftm>0</ftm>
<fta>0</fta>
<oreb>2</oreb>
<dreb>1</dreb>
<reb>3</reb>
<ast>1</ast>
<stl>0</stl>
<blk>0</blk>
<to>0</to>
<pf>0</pf>
<pam>-8</pam>
<pts>3</pts>
<dnp>false</dnp>
</player>
<player>
<name>Ian Mahinmi</name>
<pos>C</pos>
<start>false</start>
<min>0</min>
<fgm>0</fgm>
<fga>0</fga>
<tpm>0</tpm>
<tpa>0</tpa>
<ftm>0</ftm>
<fta>0</fta>
<oreb>0</oreb>
<dreb>0</dreb>
<reb>0</reb>
<ast>0</ast>
<stl>0</stl>
<blk>0</blk>
<to>0</to>
<pf>0</pf>
<pam>0</pam>
<pts>0</pts>
<dnp>true</dnp>
</player>
<player>
<name>Donald Sloan</name>
<pos>PG</pos>
<start>false</start>
<min>0</min>
<fgm>0</fgm>
<fga>0</fga>
<tpm>0</tpm>
<tpa>0</tpa>
<ftm>0</ftm>
<fta>0</fta>
<oreb>0</oreb>
<dreb>0</dreb>
<reb>0</reb>
<ast>0</ast>
<stl>0</stl>
<blk>0</blk>
<to>0</to>
<pf>0</pf>
<pam>0</pam>
<pts>0</pts>
<dnp>true</dnp>
</player>
<home>true</home>
<win>true</win>
<fgm>35</fgm>
<fga>76</fga>
<tpm>5</tpm>
<tpa>18</tpa>
<ftm>31</ftm>
<fta>38</fta>
<oreb>8</oreb>
<dreb>42</dreb>
<reb>50</reb>
<ast>20</ast>
<stl>5</stl>
<blk>11</blk>
<to>19</to>
<pf>21</pf>
<pts>106</pts>
</team>
</game>