<game>
<id>400488993</id>
<date>10:00 PM ET, November 13, 2013</date>
<team>
<name>Phoenix Suns</name>
<player>
<name>Channing Frye</name>
<pos>PF</pos>
<start>true</start>
<min>26</min>
<fgm>1</fgm>
<fga>6</fga>
<tpm>0</tpm>
<tpa>3</tpa>
<ftm>0</ftm>
<fta>0</fta>
<oreb>1</oreb>
<dreb>4</dreb>
<reb>5</reb>
<ast>0</ast>
<stl>0</stl>
<blk>0</blk>
<to>1</to>
<pf>4</pf>
<pam>-5</pam>
<pts>2</pts>
<dnp>false</dnp>
</player>
<player>
<name>P.J. Tucker</name>
<pos>SF</pos>
<start>true</start>
<min>33</min>
<fgm>3</fgm>
<fga>6</fga>
<tpm>0</tpm>
<tpa>0</tpa>
<ftm>2</ftm>
<fta>4</fta>
<oreb>2</oreb>
<dreb>4</dreb>
<reb>6</reb>
<ast>1</ast>
<stl>4</stl>
<blk>0</blk>
<to>2</to>
<pf>3</pf>
<pam>-3</pam>
<pts>8</pts>
<dnp>false</dnp>
</player>
<player>
<name>Miles Plumlee</name>
<pos>C</pos>
<start>true</start>
<min>32</min>
<fgm>5</fgm>
<fga>8</fga>
<tpm>0</tpm>
<tpa>0</tpa>
<ftm>0</ftm>
<fta>0</fta>
<oreb>0</oreb>
<dreb>10</dreb>
<reb>10</reb>
<ast>1</ast>
<stl>1</stl>
<blk>1</blk>
<to>1</to>
<pf>4</pf>
<pam>0</pam>
<pts>10</pts>
<dnp>false</dnp>
</player>
<player>
<name>Eric Bledsoe</name>
<pos>PG</pos>
<start>true</start>
<min>36</min>
<fgm>10</fgm>
<fga>21</fga>
<tpm>0</tpm>
<tpa>1</tpa>
<ftm>3</ftm>
<fta>3</fta>
<oreb>0</oreb>
<dreb>3</dreb>
<reb>3</reb>
<ast>6</ast>
<stl>1</stl>
<blk>0</blk>
<to>3</to>
<pf>0</pf>
<pam>-8</pam>
<pts>23</pts>
<dnp>false</dnp>
</player>
<player>
<name>Goran Dragic</name>
<pos>SG</pos>
<start>true</start>
<min>25</min>
<fgm>5</fgm>
<fga>12</fga>
<tpm>2</tpm>
<tpa>3</tpa>
<ftm>2</ftm>
<fta>2</fta>
<oreb>1</oreb>
<dreb>0</dreb>
<reb>1</reb>
<ast>1</ast>
<stl>0</stl>
<blk>0</blk>
<to>2</to>
<pf>2</pf>
<pam>+6</pam>
<pts>14</pts>
<dnp>false</dnp>
</player>
<player>
<name>Markieff Morris</name>
<pos>PF</pos>
<start>false</start>
<min>26</min>
<fgm>3</fgm>
<fga>8</fga>
<tpm>0</tpm>
<tpa>0</tpa>
<ftm>2</ftm>
<fta>2</fta>
<oreb>2</oreb>
<dreb>2</dreb>
<reb>4</reb>
<ast>4</ast>
<stl>3</stl>
<blk>0</blk>
<to>2</to>
<pf>2</pf>
<pam>+3</pam>
<pts>8</pts>
<dnp>false</dnp>
</player>
<player>
<name>Marcus Morris</name>
<pos>PF</pos>
<start>false</start>
<min>25</min>
<fgm>2</fgm>
<fga>7</fga>
<tpm>1</tpm>
<tpa>4</tpa>
<ftm>0</ftm>
<fta>0</fta>
<oreb>2</oreb>
<dreb>6</dreb>
<reb>8</reb>
<ast>2</ast>
<stl>1</stl>
<blk>0</blk>
<to>1</to>
<pf>2</pf>
<pam>-1</pam>
<pts>5</pts>
<dnp>false</dnp>
</player>
<player>
<name>Archie Goodwin</name>
<pos>SG</pos>
<start>false</start>
<min>8</min>
<fgm>1</fgm>
<fga>4</fga>
<tpm>0</tpm>
<tpa>0</tpa>
<ftm>0</ftm>
<fta>0</fta>
<oreb>0</oreb>
<dreb>2</dreb>
<reb>2</reb>
<ast>1</ast>
<stl>1</stl>
<blk>0</blk>
<to>1</to>
<pf>0</pf>
<pam>+6</pam>
<pts>2</pts>
<dnp>false</dnp>
</player>
<player>
<name>Dionte Christmas</name>
<pos>SG</pos>
<start>false</start>
<min>3</min>
<fgm>0</fgm>
<fga>1</fga>
<tpm>0</tpm>
<tpa>0</tpa>
<ftm>0</ftm>
<fta>0</fta>
<oreb>0</oreb>
<dreb>0</dreb>
<reb>0</reb>
<ast>0</ast>
<stl>0</stl>
<blk>0</blk>
<to>0</to>
<pf>1</pf>
<pam>-2</pam>
<pts>0</pts>
<dnp>false</dnp>
</player>
<player>
<name>Gerald Green</name>
<pos>SG</pos>
<start>false</start>
<min>26</min>
<fgm>7</fgm>
<fga>13</fga>
<tpm>2</tpm>
<tpa>4</tpa>
<ftm>1</ftm>
<fta>2</fta>
<oreb>2</oreb>
<dreb>0</dreb>
<reb>2</reb>
<ast>0</ast>
<stl>0</stl>
<blk>0</blk>
<to>1</to>
<pf>3</pf>
<pam>-1</pam>
<pts>17</pts>
<dnp>false</dnp>
</player>
<player>
<name>Slava Kravtsov</name>
<pos>C</pos>
<start>false</start>
<min>0</min>
<fgm>0</fgm>
<fga>0</fga>
<tpm>0</tpm>
<tpa>0</tpa>
<ftm>0</ftm>
<fta>0</fta>
<oreb>0</oreb>
<dreb>0</dreb>
<reb>0</reb>
<ast>0</ast>
<stl>0</stl>
<blk>0</blk>
<to>0</to>
<pf>0</pf>
<pam>0</pam>
<pts>0</pts>
<dnp>true</dnp>
</player>
<player>
<name>Alex Len</name>
<pos>C</pos>
<start>false</start>
<min>0</min>
<fgm>0</fgm>
<fga>0</fga>
<tpm>0</tpm>
<tpa>0</tpa>
<ftm>0</ftm>
<fta>0</fta>
<oreb>0</oreb>
<dreb>0</dreb>
<reb>0</reb>
<ast>0</ast>
<stl>0</stl>
<blk>0</blk>
<to>0</to>
<pf>0</pf>
<pam>0</pam>
<pts>0</pts>
<dnp>true</dnp>
</player>
<home>false</home>
<win>false</win>
<fgm>37</fgm>
<fga>86</fga>
<tpm>5</tpm>
<tpa>15</tpa>
<ftm>10</ftm>
<fta>13</fta>
<oreb>10</oreb>
<dreb>31</dreb>
<reb>41</reb>
<ast>16</ast>
<stl>11</stl>
<blk>1</blk>
<to>14</to>
<pf>21</pf>
<pts>89</pts>
</team>
<team>
<name>Portland Trail Blazers</name>
<player>
<name>LaMarcus Aldridge</name>
<pos>PF</pos>
<start>true</start>
<min>38</min>
<fgm>5</fgm>
<fga>19</fga>
<tpm>0</tpm>
<tpa>0</tpa>
<ftm>2</ftm>
<fta>2</fta>
<oreb>3</oreb>
<dreb>9</dreb>
<reb>12</reb>
<ast>1</ast>
<stl>1</stl>
<blk>1</blk>
<to>4</to>
<pf>2</pf>
<pam>+1</pam>
<pts>12</pts>
<dnp>false</dnp>
</player>
<player>
<name>Nicolas Batum</name>
<pos>SF</pos>
<start>true</start>
<min>30</min>
<fgm>3</fgm>
<fga>10</fga>
<tpm>1</tpm>
<tpa>5</tpa>
<ftm>2</ftm>
<fta>2</fta>
<oreb>1</oreb>
<dreb>2</dreb>
<reb>3</reb>
<ast>0</ast>
<stl>0</stl>
<blk>0</blk>
<to>3</to>
<pf>1</pf>
<pam>-2</pam>
<pts>9</pts>
<dnp>false</dnp>
</player>
<player>
<name>Robin Lopez</name>
<pos>C</pos>
<start>true</start>
<min>28</min>
<fgm>5</fgm>
<fga>11</fga>
<tpm>0</tpm>
<tpa>0</tpa>
<ftm>3</ftm>
<fta>4</fta>
<oreb>5</oreb>
<dreb>10</dreb>
<reb>15</reb>
<ast>0</ast>
<stl>0</stl>
<blk>1</blk>
<to>2</to>
<pf>0</pf>
<pam>-2</pam>
<pts>13</pts>
<dnp>false</dnp>
</player>
<player>
<name>Damian Lillard</name>
<pos>PG</pos>
<start>true</start>
<min>35</min>
<fgm>4</fgm>
<fga>13</fga>
<tpm>0</tpm>
<tpa>2</tpa>
<ftm>3</ftm>
<fta>4</fta>
<oreb>0</oreb>
<dreb>3</dreb>
<reb>3</reb>
<ast>8</ast>
<stl>2</stl>
<blk>0</blk>
<to>2</to>
<pf>1</pf>
<pam>+8</pam>
<pts>11</pts>
<dnp>false</dnp>
</player>
<player>
<name>Wesley Matthews</name>
<pos>SG</pos>
<start>true</start>
<min>37</min>
<fgm>4</fgm>
<fga>9</fga>
<tpm>2</tpm>
<tpa>4</tpa>
<ftm>1</ftm>
<fta>2</fta>
<oreb>0</oreb>
<dreb>2</dreb>
<reb>2</reb>
<ast>0</ast>
<stl>0</stl>
<blk>0</blk>
<to>0</to>
<pf>2</pf>
<pam>+6</pam>
<pts>11</pts>
<dnp>false</dnp>
</player>
<player>
<name>Thomas Robinson</name>
<pos>PF</pos>
<start>false</start>
<min>17</min>
<fgm>6</fgm>
<fga>9</fga>
<tpm>0</tpm>
<tpa>0</tpa>
<ftm>3</ftm>
<fta>9</fta>
<oreb>4</oreb>
<dreb>4</dreb>
<reb>8</reb>
<ast>0</ast>
<stl>1</stl>
<blk>1</blk>
<to>1</to>
<pf>2</pf>
<pam>+7</pam>
<pts>15</pts>
<dnp>false</dnp>
</player>
<player>
<name>Dorell Wright</name>
<pos>SF</pos>
<start>false</start>
<min>12</min>
<fgm>2</fgm>
<fga>2</fga>
<tpm>1</tpm>
<tpa>1</tpa>
<ftm>0</ftm>
<fta>0</fta>
<oreb>0</oreb>
<dreb>3</dreb>
<reb>3</reb>
<ast>1</ast>
<stl>0</stl>
<blk>0</blk>
<to>1</to>
<pf>0</pf>
<pam>-7</pam>
<pts>5</pts>
<dnp>false</dnp>
</player>
<player>
<name>Joel Freeland</name>
<pos>C</pos>
<start>false</start>
<min>13</min>
<fgm>1</fgm>
<fga>1</fga>
<tpm>0</tpm>
<tpa>0</tpa>
<ftm>0</ftm>
<fta>0</fta>
<oreb>1</oreb>
<dreb>2</dreb>
<reb>3</reb>
<ast>2</ast>
<stl>0</stl>
<blk>0</blk>
<to>1</to>
<pf>2</pf>
<pam>-6</pam>
<pts>2</pts>
<dnp>false</dnp>
</player>
<player>
<name>Mo Williams</name>
<pos>PG</pos>
<start>false</start>
<min>30</min>
<fgm>5</fgm>
<fga>10</fga>
<tpm>2</tpm>
<tpa>3</tpa>
<ftm>0</ftm>
<fta>0</fta>
<oreb>0</oreb>
<dreb>2</dreb>
<reb>2</reb>
<ast>3</ast>
<stl>1</stl>
<blk>0</blk>
<to>2</to>
<pf>3</pf>
<pam>0</pam>
<pts>12</pts>
<dnp>false</dnp>
</player>
<player>
<name>Victor Claver</name>
<pos>PF</pos>
<start>false</start>
<min>0</min>
<fgm>0</fgm>
<fga>0</fga>
<tpm>0</tpm>
<tpa>0</tpa>
<ftm>0</ftm>
<fta>0</fta>
<oreb>0</oreb>
<dreb>0</dreb>
<reb>0</reb>
<ast>0</ast>
<stl>0</stl>
<blk>0</blk>
<to>0</to>
<pf>0</pf>
<pam>0</pam>
<pts>0</pts>
<dnp>true</dnp>
</player>
<player>
<name>Earl Watson</name>
<pos>PG</pos>
<start>false</start>
<min>0</min>
<fgm>0</fgm>
<fga>0</fga>
<tpm>0</tpm>
<tpa>0</tpa>
<ftm>0</ftm>
<fta>0</fta>
<oreb>0</oreb>
<dreb>0</dreb>
<reb>0</reb>
<ast>0</ast>
<stl>0</stl>
<blk>0</blk>
<to>0</to>
<pf>0</pf>
<pam>0</pam>
<pts>0</pts>
<dnp>true</dnp>
</player>
<player>
<name>Allen Crabbe</name>
<pos>SG</pos>
<start>false</start>
<min>0</min>
<fgm>0</fgm>
<fga>0</fga>
<tpm>0</tpm>
<tpa>0</tpa>
<ftm>0</ftm>
<fta>0</fta>
<oreb>0</oreb>
<dreb>0</dreb>
<reb>0</reb>
<ast>0</ast>
<stl>0</stl>
<blk>0</blk>
<to>0</to>
<pf>0</pf>
<pam>0</pam>
<pts>0</pts>
<dnp>true</dnp>
</player>
<home>true</home>
<win>true</win>
<fgm>35</fgm>
<fga>84</fga>
<tpm>6</tpm>
<tpa>15</tpa>
<ftm>14</ftm>
<fta>23</fta>
<oreb>14</oreb>
<dreb>37</dreb>
<reb>51</reb>
<ast>15</ast>
<stl>5</stl>
<blk>3</blk>
<to>16</to>
<pf>13</pf>
<pts>90</pts>
</team>
</game>