<game>
<id>400489336</id>
<date>8:00 PM ET, December 31, 2013</date>
<team>
<name>Toronto Raptors</name>
<player>
<name>Amir Johnson</name>
<pos>PF</pos>
<start>true</start>
<min>28</min>
<fgm>1</fgm>
<fga>4</fga>
<tpm>0</tpm>
<tpa>0</tpa>
<ftm>7</ftm>
<fta>8</fta>
<oreb>2</oreb>
<dreb>4</dreb>
<reb>6</reb>
<ast>0</ast>
<stl>0</stl>
<blk>1</blk>
<to>3</to>
<pf>3</pf>
<pam>-4</pam>
<pts>9</pts>
<dnp>false</dnp>
</player>
<player>
<name>Terrence Ross</name>
<pos>SF</pos>
<start>true</start>
<min>29</min>
<fgm>3</fgm>
<fga>6</fga>
<tpm>0</tpm>
<tpa>2</tpa>
<ftm>0</ftm>
<fta>0</fta>
<oreb>0</oreb>
<dreb>6</dreb>
<reb>6</reb>
<ast>1</ast>
<stl>0</stl>
<blk>0</blk>
<to>2</to>
<pf>4</pf>
<pam>+6</pam>
<pts>6</pts>
<dnp>false</dnp>
</player>
<player>
<name>Jonas Valanciunas</name>
<pos>C</pos>
<start>true</start>
<min>38</min>
<fgm>5</fgm>
<fga>10</fga>
<tpm>0</tpm>
<tpa>0</tpa>
<ftm>5</ftm>
<fta>6</fta>
<oreb>2</oreb>
<dreb>8</dreb>
<reb>10</reb>
<ast>1</ast>
<stl>2</stl>
<blk>2</blk>
<to>2</to>
<pf>5</pf>
<pam>+8</pam>
<pts>15</pts>
<dnp>false</dnp>
</player>
<player>
<name>Kyle Lowry</name>
<pos>PG</pos>
<start>true</start>
<min>32</min>
<fgm>4</fgm>
<fga>10</fga>
<tpm>3</tpm>
<tpa>8</tpa>
<ftm>2</ftm>
<fta>4</fta>
<oreb>1</oreb>
<dreb>3</dreb>
<reb>4</reb>
<ast>6</ast>
<stl>2</stl>
<blk>0</blk>
<to>1</to>
<pf>2</pf>
<pam>-10</pam>
<pts>13</pts>
<dnp>false</dnp>
</player>
<player>
<name>DeMar DeRozan</name>
<pos>SG</pos>
<start>true</start>
<min>36</min>
<fgm>3</fgm>
<fga>12</fga>
<tpm>0</tpm>
<tpa>1</tpa>
<ftm>5</ftm>
<fta>7</fta>
<oreb>1</oreb>
<dreb>7</dreb>
<reb>8</reb>
<ast>1</ast>
<stl>0</stl>
<blk>0</blk>
<to>4</to>
<pf>1</pf>
<pam>+4</pam>
<pts>11</pts>
<dnp>false</dnp>
</player>
<player>
<name>Tyler Hansbrough</name>
<pos>PF</pos>
<start>false</start>
<min>7</min>
<fgm>1</fgm>
<fga>3</fga>
<tpm>0</tpm>
<tpa>0</tpa>
<ftm>2</ftm>
<fta>2</fta>
<oreb>0</oreb>
<dreb>1</dreb>
<reb>1</reb>
<ast>0</ast>
<stl>1</stl>
<blk>0</blk>
<to>0</to>
<pf>0</pf>
<pam>-6</pam>
<pts>4</pts>
<dnp>false</dnp>
</player>
<player>
<name>Patrick Patterson</name>
<pos>PF</pos>
<start>false</start>
<min>23</min>
<fgm>4</fgm>
<fga>7</fga>
<tpm>0</tpm>
<tpa>1</tpa>
<ftm>2</ftm>
<fta>2</fta>
<oreb>1</oreb>
<dreb>4</dreb>
<reb>5</reb>
<ast>1</ast>
<stl>0</stl>
<blk>1</blk>
<to>1</to>
<pf>4</pf>
<pam>+14</pam>
<pts>10</pts>
<dnp>false</dnp>
</player>
<player>
<name>John Salmons</name>
<pos>SF</pos>
<start>false</start>
<min>31</min>
<fgm>4</fgm>
<fga>8</fga>
<tpm>0</tpm>
<tpa>0</tpa>
<ftm>0</ftm>
<fta>2</fta>
<oreb>0</oreb>
<dreb>1</dreb>
<reb>1</reb>
<ast>3</ast>
<stl>0</stl>
<blk>1</blk>
<to>1</to>
<pf>3</pf>
<pam>+2</pam>
<pts>8</pts>
<dnp>false</dnp>
</player>
<player>
<name>Greivis Vasquez</name>
<pos>PG</pos>
<start>false</start>
<min>16</min>
<fgm>4</fgm>
<fga>9</fga>
<tpm>1</tpm>
<tpa>2</tpa>
<ftm>0</ftm>
<fta>0</fta>
<oreb>0</oreb>
<dreb>3</dreb>
<reb>3</reb>
<ast>3</ast>
<stl>0</stl>
<blk>1</blk>
<to>1</to>
<pf>0</pf>
<pam>+16</pam>
<pts>9</pts>
<dnp>false</dnp>
</player>
<player>
<name>Chuck Hayes</name>
<pos>PF</pos>
<start>false</start>
<min>0</min>
<fgm>0</fgm>
<fga>0</fga>
<tpm>0</tpm>
<tpa>0</tpa>
<ftm>0</ftm>
<fta>0</fta>
<oreb>0</oreb>
<dreb>0</dreb>
<reb>0</reb>
<ast>0</ast>
<stl>0</stl>
<blk>0</blk>
<to>0</to>
<pf>0</pf>
<pam>0</pam>
<pts>0</pts>
<dnp>true</dnp>
</player>
<player>
<name>Landry Fields</name>
<pos>SF</pos>
<start>false</start>
<min>0</min>
<fgm>0</fgm>
<fga>0</fga>
<tpm>0</tpm>
<tpa>0</tpa>
<ftm>0</ftm>
<fta>0</fta>
<oreb>0</oreb>
<dreb>0</dreb>
<reb>0</reb>
<ast>0</ast>
<stl>0</stl>
<blk>0</blk>
<to>0</to>
<pf>0</pf>
<pam>0</pam>
<pts>0</pts>
<dnp>true</dnp>
</player>
<player>
<name>Steve Novak</name>
<pos>SF</pos>
<start>false</start>
<min>0</min>
<fgm>0</fgm>
<fga>0</fga>
<tpm>0</tpm>
<tpa>0</tpa>
<ftm>0</ftm>
<fta>0</fta>
<oreb>0</oreb>
<dreb>0</dreb>
<reb>0</reb>
<ast>0</ast>
<stl>0</stl>
<blk>0</blk>
<to>0</to>
<pf>0</pf>
<pam>0</pam>
<pts>0</pts>
<dnp>true</dnp>
</player>
<home>false</home>
<win>true</win>
<fgm>29</fgm>
<fga>69</fga>
<tpm>4</tpm>
<tpa>14</tpa>
<ftm>23</ftm>
<fta>31</fta>
<oreb>7</oreb>
<dreb>37</dreb>
<reb>44</reb>
<ast>16</ast>
<stl>5</stl>
<blk>6</blk>
<to>15</to>
<pf>22</pf>
<pts>85</pts>
</team>
<team>
<name>Chicago Bulls</name>
<player>
<name>Carlos Boozer</name>
<pos>PF</pos>
<start>true</start>
<min>24</min>
<fgm>1</fgm>
<fga>8</fga>
<tpm>0</tpm>
<tpa>0</tpa>
<ftm>2</ftm>
<fta>2</fta>
<oreb>0</oreb>
<dreb>5</dreb>
<reb>5</reb>
<ast>0</ast>
<stl>0</stl>
<blk>0</blk>
<to>3</to>
<pf>2</pf>
<pam>-10</pam>
<pts>4</pts>
<dnp>false</dnp>
</player>
<player>
<name>Luol Deng</name>
<pos>SF</pos>
<start>true</start>
<min>34</min>
<fgm>6</fgm>
<fga>15</fga>
<tpm>0</tpm>
<tpa>2</tpa>
<ftm>4</ftm>
<fta>5</fta>
<oreb>0</oreb>
<dreb>4</dreb>
<reb>4</reb>
<ast>0</ast>
<stl>1</stl>
<blk>0</blk>
<to>4</to>
<pf>2</pf>
<pam>-2</pam>
<pts>16</pts>
<dnp>false</dnp>
</player>
<player>
<name>Joakim Noah</name>
<pos>C</pos>
<start>true</start>
<min>34</min>
<fgm>2</fgm>
<fga>10</fga>
<tpm>0</tpm>
<tpa>0</tpa>
<ftm>3</ftm>
<fta>4</fta>
<oreb>6</oreb>
<dreb>10</dreb>
<reb>16</reb>
<ast>6</ast>
<stl>1</stl>
<blk>1</blk>
<to>1</to>
<pf>4</pf>
<pam>-9</pam>
<pts>7</pts>
<dnp>false</dnp>
</player>
<player>
<name>Kirk Hinrich</name>
<pos>SG</pos>
<start>true</start>
<min>28</min>
<fgm>1</fgm>
<fga>9</fga>
<tpm>0</tpm>
<tpa>4</tpa>
<ftm>2</ftm>
<fta>2</fta>
<oreb>0</oreb>
<dreb>3</dreb>
<reb>3</reb>
<ast>3</ast>
<stl>0</stl>
<blk>1</blk>
<to>1</to>
<pf>2</pf>
<pam>-5</pam>
<pts>4</pts>
<dnp>false</dnp>
</player>
<player>
<name>Jimmy Butler</name>
<pos>SG</pos>
<start>true</start>
<min>38</min>
<fgm>5</fgm>
<fga>13</fga>
<tpm>1</tpm>
<tpa>2</tpa>
<ftm>4</ftm>
<fta>6</fta>
<oreb>0</oreb>
<dreb>7</dreb>
<reb>7</reb>
<ast>1</ast>
<stl>2</stl>
<blk>1</blk>
<to>2</to>
<pf>3</pf>
<pam>-4</pam>
<pts>15</pts>
<dnp>false</dnp>
</player>
<player>
<name>Taj Gibson</name>
<pos>PF</pos>
<start>false</start>
<min>30</min>
<fgm>6</fgm>
<fga>13</fga>
<tpm>0</tpm>
<tpa>0</tpa>
<ftm>0</ftm>
<fta>0</fta>
<oreb>2</oreb>
<dreb>3</dreb>
<reb>5</reb>
<ast>1</ast>
<stl>0</stl>
<blk>1</blk>
<to>1</to>
<pf>3</pf>
<pam>-1</pam>
<pts>12</pts>
<dnp>false</dnp>
</player>
<player>
<name>Mike Dunleavy</name>
<pos>SF</pos>
<start>false</start>
<min>25</min>
<fgm>5</fgm>
<fga>8</fga>
<tpm>1</tpm>
<tpa>1</tpa>
<ftm>2</ftm>
<fta>2</fta>
<oreb>0</oreb>
<dreb>1</dreb>
<reb>1</reb>
<ast>3</ast>
<stl>1</stl>
<blk>0</blk>
<to>2</to>
<pf>1</pf>
<pam>-6</pam>
<pts>13</pts>
<dnp>false</dnp>
</player>
<player>
<name>Nazr Mohammed</name>
<pos>C</pos>
<start>false</start>
<min>8</min>
<fgm>1</fgm>
<fga>2</fga>
<tpm>0</tpm>
<tpa>0</tpa>
<ftm>0</ftm>
<fta>0</fta>
<oreb>1</oreb>
<dreb>2</dreb>
<reb>3</reb>
<ast>0</ast>
<stl>0</stl>
<blk>0</blk>
<to>1</to>
<pf>2</pf>
<pam>+8</pam>
<pts>2</pts>
<dnp>false</dnp>
</player>
<player>
<name>D.J. Augustin</name>
<pos>PG</pos>
<start>false</start>
<min>20</min>
<fgm>3</fgm>
<fga>4</fga>
<tpm>0</tpm>
<tpa>0</tpa>
<ftm>0</ftm>
<fta>0</fta>
<oreb>0</oreb>
<dreb>1</dreb>
<reb>1</reb>
<ast>3</ast>
<stl>0</stl>
<blk>0</blk>
<to>0</to>
<pf>2</pf>
<pam>-1</pam>
<pts>6</pts>
<dnp>false</dnp>
</player>
<player>
<name>Erik Murphy</name>
<pos>PF</pos>
<start>false</start>
<min>0</min>
<fgm>0</fgm>
<fga>0</fga>
<tpm>0</tpm>
<tpa>0</tpa>
<ftm>0</ftm>
<fta>0</fta>
<oreb>0</oreb>
<dreb>0</dreb>
<reb>0</reb>
<ast>0</ast>
<stl>0</stl>
<blk>0</blk>
<to>0</to>
<pf>0</pf>
<pam>0</pam>
<pts>0</pts>
<dnp>true</dnp>
</player>
<home>true</home>
<win>false</win>
<fgm>30</fgm>
<fga>82</fga>
<tpm>2</tpm>
<tpa>9</tpa>
<ftm>17</ftm>
<fta>21</fta>
<oreb>9</oreb>
<dreb>36</dreb>
<reb>45</reb>
<ast>17</ast>
<stl>5</stl>
<blk>4</blk>
<to>15</to>
<pf>21</pf>
<pts>79</pts>
</team>
</game>