<game>
<id>400488979</id>
<date>10:30 PM ET, November 11, 2013</date>
<team>
<name>Minnesota Timberwolves</name>
<player>
<name>Kevin Love</name>
<pos>PF</pos>
<start>true</start>
<min>39</min>
<fgm>8</fgm>
<fga>19</fga>
<tpm>4</tpm>
<tpa>8</tpa>
<ftm>3</ftm>
<fta>4</fta>
<oreb>5</oreb>
<dreb>14</dreb>
<reb>19</reb>
<ast>7</ast>
<stl>0</stl>
<blk>0</blk>
<to>3</to>
<pf>3</pf>
<pam>+4</pam>
<pts>23</pts>
<dnp>false</dnp>
</player>
<player>
<name>Corey Brewer</name>
<pos>SF</pos>
<start>true</start>
<min>36</min>
<fgm>4</fgm>
<fga>10</fga>
<tpm>1</tpm>
<tpa>5</tpa>
<ftm>0</ftm>
<fta>0</fta>
<oreb>1</oreb>
<dreb>2</dreb>
<reb>3</reb>
<ast>2</ast>
<stl>1</stl>
<blk>0</blk>
<to>4</to>
<pf>4</pf>
<pam>+8</pam>
<pts>9</pts>
<dnp>false</dnp>
</player>
<player>
<name>Nikola Pekovic</name>
<pos>C</pos>
<start>true</start>
<min>36</min>
<fgm>10</fgm>
<fga>14</fga>
<tpm>0</tpm>
<tpa>0</tpa>
<ftm>3</ftm>
<fta>4</fta>
<oreb>4</oreb>
<dreb>6</dreb>
<reb>10</reb>
<ast>1</ast>
<stl>2</stl>
<blk>0</blk>
<to>0</to>
<pf>4</pf>
<pam>+7</pam>
<pts>23</pts>
<dnp>false</dnp>
</player>
<player>
<name>Ricky Rubio</name>
<pos>PG</pos>
<start>true</start>
<min>34</min>
<fgm>2</fgm>
<fga>6</fga>
<tpm>1</tpm>
<tpa>1</tpa>
<ftm>0</ftm>
<fta>0</fta>
<oreb>0</oreb>
<dreb>1</dreb>
<reb>1</reb>
<ast>10</ast>
<stl>2</stl>
<blk>0</blk>
<to>3</to>
<pf>5</pf>
<pam>+12</pam>
<pts>5</pts>
<dnp>false</dnp>
</player>
<player>
<name>Kevin Martin</name>
<pos>SG</pos>
<start>true</start>
<min>35</min>
<fgm>9</fgm>
<fga>22</fga>
<tpm>4</tpm>
<tpa>8</tpa>
<ftm>8</ftm>
<fta>8</fta>
<oreb>0</oreb>
<dreb>1</dreb>
<reb>1</reb>
<ast>3</ast>
<stl>1</stl>
<blk>0</blk>
<to>1</to>
<pf>3</pf>
<pam>+1</pam>
<pts>30</pts>
<dnp>false</dnp>
</player>
<player>
<name>Derrick Williams</name>
<pos>PF</pos>
<start>false</start>
<min>11</min>
<fgm>2</fgm>
<fga>5</fga>
<tpm>0</tpm>
<tpa>3</tpa>
<ftm>2</ftm>
<fta>2</fta>
<oreb>0</oreb>
<dreb>0</dreb>
<reb>0</reb>
<ast>0</ast>
<stl>0</stl>
<blk>0</blk>
<to>0</to>
<pf>1</pf>
<pam>-9</pam>
<pts>6</pts>
<dnp>false</dnp>
</player>
<player>
<name>Dante Cunningham</name>
<pos>PF</pos>
<start>false</start>
<min>17</min>
<fgm>2</fgm>
<fga>7</fga>
<tpm>0</tpm>
<tpa>0</tpa>
<ftm>0</ftm>
<fta>0</fta>
<oreb>4</oreb>
<dreb>3</dreb>
<reb>7</reb>
<ast>0</ast>
<stl>1</stl>
<blk>1</blk>
<to>0</to>
<pf>1</pf>
<pam>-8</pam>
<pts>4</pts>
<dnp>false</dnp>
</player>
<player>
<name>Gorgui Dieng</name>
<pos>C</pos>
<start>false</start>
<min>5</min>
<fgm>2</fgm>
<fga>2</fga>
<tpm>0</tpm>
<tpa>0</tpa>
<ftm>0</ftm>
<fta>0</fta>
<oreb>1</oreb>
<dreb>0</dreb>
<reb>1</reb>
<ast>0</ast>
<stl>0</stl>
<blk>1</blk>
<to>0</to>
<pf>1</pf>
<pam>-7</pam>
<pts>4</pts>
<dnp>false</dnp>
</player>
<player>
<name>J.J. Barea</name>
<pos>PG</pos>
<start>false</start>
<min>17</min>
<fgm>1</fgm>
<fga>8</fga>
<tpm>1</tpm>
<tpa>2</tpa>
<ftm>0</ftm>
<fta>0</fta>
<oreb>1</oreb>
<dreb>1</dreb>
<reb>2</reb>
<ast>4</ast>
<stl>0</stl>
<blk>0</blk>
<to>1</to>
<pf>1</pf>
<pam>-12</pam>
<pts>3</pts>
<dnp>false</dnp>
</player>
<player>
<name>Alexey Shved</name>
<pos>PG</pos>
<start>false</start>
<min>11</min>
<fgm>0</fgm>
<fga>3</fga>
<tpm>0</tpm>
<tpa>2</tpa>
<ftm>0</ftm>
<fta>0</fta>
<oreb>0</oreb>
<dreb>1</dreb>
<reb>1</reb>
<ast>0</ast>
<stl>0</stl>
<blk>0</blk>
<to>0</to>
<pf>2</pf>
<pam>-6</pam>
<pts>0</pts>
<dnp>false</dnp>
</player>
<player>
<name>Robbie Hummel</name>
<pos>SF</pos>
<start>false</start>
<min>0</min>
<fgm>0</fgm>
<fga>0</fga>
<tpm>0</tpm>
<tpa>0</tpa>
<ftm>0</ftm>
<fta>0</fta>
<oreb>0</oreb>
<dreb>0</dreb>
<reb>0</reb>
<ast>0</ast>
<stl>0</stl>
<blk>0</blk>
<to>0</to>
<pf>0</pf>
<pam>0</pam>
<pts>0</pts>
<dnp>true</dnp>
</player>
<player>
<name>Shabazz Muhammad</name>
<pos>SF</pos>
<start>false</start>
<min>0</min>
<fgm>0</fgm>
<fga>0</fga>
<tpm>0</tpm>
<tpa>0</tpa>
<ftm>0</ftm>
<fta>0</fta>
<oreb>0</oreb>
<dreb>0</dreb>
<reb>0</reb>
<ast>0</ast>
<stl>0</stl>
<blk>0</blk>
<to>0</to>
<pf>0</pf>
<pam>0</pam>
<pts>0</pts>
<dnp>true</dnp>
</player>
<home>false</home>
<win>false</win>
<fgm>40</fgm>
<fga>96</fga>
<tpm>11</tpm>
<tpa>29</tpa>
<ftm>16</ftm>
<fta>18</fta>
<oreb>16</oreb>
<dreb>29</dreb>
<reb>45</reb>
<ast>27</ast>
<stl>7</stl>
<blk>2</blk>
<to>12</to>
<pf>25</pf>
<pts>107</pts>
</team>
<team>
<name>Los Angeles Clippers</name>
<player>
<name>Blake Griffin</name>
<pos>PF</pos>
<start>true</start>
<min>39</min>
<fgm>11</fgm>
<fga>22</fga>
<tpm>0</tpm>
<tpa>0</tpa>
<ftm>3</ftm>
<fta>4</fta>
<oreb>1</oreb>
<dreb>9</dreb>
<reb>10</reb>
<ast>5</ast>
<stl>0</stl>
<blk>0</blk>
<to>0</to>
<pf>3</pf>
<pam>0</pam>
<pts>25</pts>
<dnp>false</dnp>
</player>
<player>
<name>Jared Dudley</name>
<pos>SF</pos>
<start>true</start>
<min>18</min>
<fgm>1</fgm>
<fga>1</fga>
<tpm>0</tpm>
<tpa>0</tpa>
<ftm>0</ftm>
<fta>0</fta>
<oreb>0</oreb>
<dreb>1</dreb>
<reb>1</reb>
<ast>2</ast>
<stl>1</stl>
<blk>0</blk>
<to>0</to>
<pf>1</pf>
<pam>-10</pam>
<pts>2</pts>
<dnp>false</dnp>
</player>
<player>
<name>DeAndre Jordan</name>
<pos>C</pos>
<start>true</start>
<min>36</min>
<fgm>7</fgm>
<fga>8</fga>
<tpm>0</tpm>
<tpa>0</tpa>
<ftm>0</ftm>
<fta>6</fta>
<oreb>3</oreb>
<dreb>8</dreb>
<reb>11</reb>
<ast>0</ast>
<stl>1</stl>
<blk>0</blk>
<to>0</to>
<pf>4</pf>
<pam>0</pam>
<pts>14</pts>
<dnp>false</dnp>
</player>
<player>
<name>Chris Paul</name>
<pos>PG</pos>
<start>true</start>
<min>35</min>
<fgm>7</fgm>
<fga>14</fga>
<tpm>0</tpm>
<tpa>2</tpa>
<ftm>7</ftm>
<fta>8</fta>
<oreb>1</oreb>
<dreb>3</dreb>
<reb>4</reb>
<ast>11</ast>
<stl>4</stl>
<blk>0</blk>
<to>6</to>
<pf>0</pf>
<pam>-6</pam>
<pts>21</pts>
<dnp>false</dnp>
</player>
<player>
<name>J.J. Redick</name>
<pos>SG</pos>
<start>true</start>
<min>24</min>
<fgm>3</fgm>
<fga>7</fga>
<tpm>1</tpm>
<tpa>4</tpa>
<ftm>0</ftm>
<fta>0</fta>
<oreb>0</oreb>
<dreb>1</dreb>
<reb>1</reb>
<ast>3</ast>
<stl>0</stl>
<blk>0</blk>
<to>1</to>
<pf>3</pf>
<pam>-8</pam>
<pts>7</pts>
<dnp>false</dnp>
</player>
<player>
<name>Matt Barnes</name>
<pos>SF</pos>
<start>false</start>
<min>22</min>
<fgm>3</fgm>
<fga>5</fga>
<tpm>0</tpm>
<tpa>2</tpa>
<ftm>3</ftm>
<fta>4</fta>
<oreb>0</oreb>
<dreb>8</dreb>
<reb>8</reb>
<ast>2</ast>
<stl>3</stl>
<blk>1</blk>
<to>2</to>
<pf>4</pf>
<pam>+11</pam>
<pts>9</pts>
<dnp>false</dnp>
</player>
<player>
<name>Byron Mullens</name>
<pos>C</pos>
<start>false</start>
<min>9</min>
<fgm>1</fgm>
<fga>3</fga>
<tpm>0</tpm>
<tpa>1</tpa>
<ftm>0</ftm>
<fta>0</fta>
<oreb>1</oreb>
<dreb>0</dreb>
<reb>1</reb>
<ast>0</ast>
<stl>0</stl>
<blk>1</blk>
<to>0</to>
<pf>0</pf>
<pam>+2</pam>
<pts>2</pts>
<dnp>false</dnp>
</player>
<player>
<name>Ryan Hollins</name>
<pos>C</pos>
<start>false</start>
<min>12</min>
<fgm>2</fgm>
<fga>4</fga>
<tpm>0</tpm>
<tpa>0</tpa>
<ftm>3</ftm>
<fta>5</fta>
<oreb>0</oreb>
<dreb>2</dreb>
<reb>2</reb>
<ast>1</ast>
<stl>0</stl>
<blk>0</blk>
<to>1</to>
<pf>0</pf>
<pam>+2</pam>
<pts>7</pts>
<dnp>false</dnp>
</player>
<player>
<name>Darren Collison</name>
<pos>PG</pos>
<start>false</start>
<min>14</min>
<fgm>2</fgm>
<fga>5</fga>
<tpm>0</tpm>
<tpa>1</tpa>
<ftm>0</ftm>
<fta>0</fta>
<oreb>0</oreb>
<dreb>3</dreb>
<reb>3</reb>
<ast>0</ast>
<stl>0</stl>
<blk>0</blk>
<to>1</to>
<pf>1</pf>
<pam>+6</pam>
<pts>4</pts>
<dnp>false</dnp>
</player>
<player>
<name>Jamal Crawford</name>
<pos>SG</pos>
<start>false</start>
<min>31</min>
<fgm>7</fgm>
<fga>11</fga>
<tpm>3</tpm>
<tpa>6</tpa>
<ftm>1</ftm>
<fta>1</fta>
<oreb>0</oreb>
<dreb>2</dreb>
<reb>2</reb>
<ast>6</ast>
<stl>0</stl>
<blk>0</blk>
<to>3</to>
<pf>1</pf>
<pam>+13</pam>
<pts>18</pts>
<dnp>false</dnp>
</player>
<player>
<name>Antawn Jamison</name>
<pos>PF</pos>
<start>false</start>
<min>0</min>
<fgm>0</fgm>
<fga>0</fga>
<tpm>0</tpm>
<tpa>0</tpa>
<ftm>0</ftm>
<fta>0</fta>
<oreb>0</oreb>
<dreb>0</dreb>
<reb>0</reb>
<ast>0</ast>
<stl>0</stl>
<blk>0</blk>
<to>0</to>
<pf>0</pf>
<pam>0</pam>
<pts>0</pts>
<dnp>true</dnp>
</player>
<player>
<name>Reggie Bullock</name>
<pos>SG</pos>
<start>false</start>
<min>0</min>
<fgm>0</fgm>
<fga>0</fga>
<tpm>0</tpm>
<tpa>0</tpa>
<ftm>0</ftm>
<fta>0</fta>
<oreb>0</oreb>
<dreb>0</dreb>
<reb>0</reb>
<ast>0</ast>
<stl>0</stl>
<blk>0</blk>
<to>0</to>
<pf>0</pf>
<pam>0</pam>
<pts>0</pts>
<dnp>true</dnp>
</player>
<home>true</home>
<win>true</win>
<fgm>44</fgm>
<fga>80</fga>
<tpm>4</tpm>
<tpa>16</tpa>
<ftm>17</ftm>
<fta>28</fta>
<oreb>6</oreb>
<dreb>37</dreb>
<reb>43</reb>
<ast>30</ast>
<stl>9</stl>
<blk>2</blk>
<to>14</to>
<pf>17</pf>
<pts>109</pts>
</team>
</game>