<game>
<id>400488928</id>
<date>8:00 PM ET, November 5, 2013</date>
<team>
<name>Phoenix Suns</name>
<player>
<name>Channing Frye</name>
<pos>PF</pos>
<start>true</start>
<min>19</min>
<fgm>2</fgm>
<fga>6</fga>
<tpm>0</tpm>
<tpa>2</tpa>
<ftm>0</ftm>
<fta>0</fta>
<oreb>0</oreb>
<dreb>3</dreb>
<reb>3</reb>
<ast>0</ast>
<stl>1</stl>
<blk>0</blk>
<to>1</to>
<pf>3</pf>
<pam>+4</pam>
<pts>4</pts>
<dnp>false</dnp>
</player>
<player>
<name>P.J. Tucker</name>
<pos>SF</pos>
<start>true</start>
<min>35</min>
<fgm>3</fgm>
<fga>6</fga>
<tpm>1</tpm>
<tpa>2</tpa>
<ftm>0</ftm>
<fta>0</fta>
<oreb>0</oreb>
<dreb>6</dreb>
<reb>6</reb>
<ast>3</ast>
<stl>1</stl>
<blk>0</blk>
<to>1</to>
<pf>2</pf>
<pam>0</pam>
<pts>7</pts>
<dnp>false</dnp>
</player>
<player>
<name>Miles Plumlee</name>
<pos>C</pos>
<start>true</start>
<min>29</min>
<fgm>4</fgm>
<fga>10</fga>
<tpm>0</tpm>
<tpa>0</tpa>
<ftm>2</ftm>
<fta>6</fta>
<oreb>1</oreb>
<dreb>4</dreb>
<reb>5</reb>
<ast>0</ast>
<stl>1</stl>
<blk>0</blk>
<to>1</to>
<pf>2</pf>
<pam>-4</pam>
<pts>10</pts>
<dnp>false</dnp>
</player>
<player>
<name>Eric Bledsoe</name>
<pos>PG</pos>
<start>true</start>
<min>32</min>
<fgm>10</fgm>
<fga>12</fga>
<tpm>1</tpm>
<tpa>2</tpa>
<ftm>4</ftm>
<fta>4</fta>
<oreb>0</oreb>
<dreb>4</dreb>
<reb>4</reb>
<ast>5</ast>
<stl>3</stl>
<blk>0</blk>
<to>5</to>
<pf>2</pf>
<pam>0</pam>
<pts>25</pts>
<dnp>false</dnp>
</player>
<player>
<name>Gerald Green</name>
<pos>SG</pos>
<start>true</start>
<min>31</min>
<fgm>6</fgm>
<fga>12</fga>
<tpm>6</tpm>
<tpa>10</tpa>
<ftm>0</ftm>
<fta>0</fta>
<oreb>0</oreb>
<dreb>3</dreb>
<reb>3</reb>
<ast>3</ast>
<stl>0</stl>
<blk>3</blk>
<to>2</to>
<pf>2</pf>
<pam>+14</pam>
<pts>18</pts>
<dnp>false</dnp>
</player>
<player>
<name>Markieff Morris</name>
<pos>PF</pos>
<start>false</start>
<min>29</min>
<fgm>7</fgm>
<fga>15</fga>
<tpm>1</tpm>
<tpa>2</tpa>
<ftm>2</ftm>
<fta>4</fta>
<oreb>1</oreb>
<dreb>4</dreb>
<reb>5</reb>
<ast>4</ast>
<stl>2</stl>
<blk>0</blk>
<to>0</to>
<pf>2</pf>
<pam>+14</pam>
<pts>17</pts>
<dnp>false</dnp>
</player>
<player>
<name>Marcus Morris</name>
<pos>PF</pos>
<start>false</start>
<min>26</min>
<fgm>4</fgm>
<fga>8</fga>
<tpm>2</tpm>
<tpa>3</tpa>
<ftm>6</ftm>
<fta>8</fta>
<oreb>4</oreb>
<dreb>5</dreb>
<reb>9</reb>
<ast>1</ast>
<stl>1</stl>
<blk>0</blk>
<to>1</to>
<pf>4</pf>
<pam>+7</pam>
<pts>16</pts>
<dnp>false</dnp>
</player>
<player>
<name>Slava Kravtsov</name>
<pos>C</pos>
<start>false</start>
<min>5</min>
<fgm>1</fgm>
<fga>1</fga>
<tpm>0</tpm>
<tpa>0</tpa>
<ftm>0</ftm>
<fta>0</fta>
<oreb>1</oreb>
<dreb>1</dreb>
<reb>2</reb>
<ast>0</ast>
<stl>0</stl>
<blk>0</blk>
<to>2</to>
<pf>1</pf>
<pam>-3</pam>
<pts>2</pts>
<dnp>false</dnp>
</player>
<player>
<name>Ish Smith</name>
<pos>PG</pos>
<start>false</start>
<min>16</min>
<fgm>1</fgm>
<fga>4</fga>
<tpm>0</tpm>
<tpa>1</tpa>
<ftm>0</ftm>
<fta>0</fta>
<oreb>0</oreb>
<dreb>2</dreb>
<reb>2</reb>
<ast>8</ast>
<stl>0</stl>
<blk>1</blk>
<to>1</to>
<pf>0</pf>
<pam>+6</pam>
<pts>2</pts>
<dnp>false</dnp>
</player>
<player>
<name>Archie Goodwin</name>
<pos>SG</pos>
<start>false</start>
<min>17</min>
<fgm>1</fgm>
<fga>4</fga>
<tpm>1</tpm>
<tpa>3</tpa>
<ftm>0</ftm>
<fta>0</fta>
<oreb>0</oreb>
<dreb>2</dreb>
<reb>2</reb>
<ast>1</ast>
<stl>1</stl>
<blk>0</blk>
<to>1</to>
<pf>2</pf>
<pam>-8</pam>
<pts>3</pts>
<dnp>false</dnp>
</player>
<player>
<name>Alex Len</name>
<pos>C</pos>
<start>false</start>
<min>0</min>
<fgm>0</fgm>
<fga>0</fga>
<tpm>0</tpm>
<tpa>0</tpa>
<ftm>0</ftm>
<fta>0</fta>
<oreb>0</oreb>
<dreb>0</dreb>
<reb>0</reb>
<ast>0</ast>
<stl>0</stl>
<blk>0</blk>
<to>0</to>
<pf>0</pf>
<pam>0</pam>
<pts>0</pts>
<dnp>true</dnp>
</player>
<player>
<name>Goran Dragic</name>
<pos>SG</pos>
<start>false</start>
<min>0</min>
<fgm>0</fgm>
<fga>0</fga>
<tpm>0</tpm>
<tpa>0</tpa>
<ftm>0</ftm>
<fta>0</fta>
<oreb>0</oreb>
<dreb>0</dreb>
<reb>0</reb>
<ast>0</ast>
<stl>0</stl>
<blk>0</blk>
<to>0</to>
<pf>0</pf>
<pam>0</pam>
<pts>0</pts>
<dnp>true</dnp>
</player>
<home>false</home>
<win>true</win>
<fgm>39</fgm>
<fga>78</fga>
<tpm>12</tpm>
<tpa>25</tpa>
<ftm>14</ftm>
<fta>22</fta>
<oreb>7</oreb>
<dreb>34</dreb>
<reb>41</reb>
<ast>25</ast>
<stl>10</stl>
<blk>4</blk>
<to>15</to>
<pf>20</pf>
<pts>104</pts>
</team>
<team>
<name>New Orleans Pelicans</name>
<player>
<name>Anthony Davis</name>
<pos>PF</pos>
<start>true</start>
<min>40</min>
<fgm>5</fgm>
<fga>14</fga>
<tpm>0</tpm>
<tpa>0</tpa>
<ftm>7</ftm>
<fta>8</fta>
<oreb>1</oreb>
<dreb>10</dreb>
<reb>11</reb>
<ast>0</ast>
<stl>0</stl>
<blk>5</blk>
<to>1</to>
<pf>4</pf>
<pam>-3</pam>
<pts>17</pts>
<dnp>false</dnp>
</player>
<player>
<name>Al-Farouq Aminu</name>
<pos>SF</pos>
<start>true</start>
<min>27</min>
<fgm>4</fgm>
<fga>6</fga>
<tpm>0</tpm>
<tpa>0</tpa>
<ftm>0</ftm>
<fta>0</fta>
<oreb>2</oreb>
<dreb>4</dreb>
<reb>6</reb>
<ast>2</ast>
<stl>2</stl>
<blk>1</blk>
<to>0</to>
<pf>1</pf>
<pam>0</pam>
<pts>8</pts>
<dnp>false</dnp>
</player>
<player>
<name>Jason Smith</name>
<pos>C</pos>
<start>true</start>
<min>26</min>
<fgm>5</fgm>
<fga>7</fga>
<tpm>0</tpm>
<tpa>0</tpa>
<ftm>3</ftm>
<fta>4</fta>
<oreb>1</oreb>
<dreb>4</dreb>
<reb>5</reb>
<ast>3</ast>
<stl>0</stl>
<blk>1</blk>
<to>1</to>
<pf>2</pf>
<pam>+2</pam>
<pts>13</pts>
<dnp>false</dnp>
</player>
<player>
<name>Jrue Holiday</name>
<pos>PG</pos>
<start>true</start>
<min>25</min>
<fgm>1</fgm>
<fga>7</fga>
<tpm>1</tpm>
<tpa>2</tpa>
<ftm>0</ftm>
<fta>0</fta>
<oreb>1</oreb>
<dreb>4</dreb>
<reb>5</reb>
<ast>9</ast>
<stl>2</stl>
<blk>2</blk>
<to>6</to>
<pf>2</pf>
<pam>-6</pam>
<pts>3</pts>
<dnp>false</dnp>
</player>
<player>
<name>Eric Gordon</name>
<pos>SG</pos>
<start>true</start>
<min>34</min>
<fgm>7</fgm>
<fga>17</fga>
<tpm>3</tpm>
<tpa>5</tpa>
<ftm>3</ftm>
<fta>3</fta>
<oreb>1</oreb>
<dreb>2</dreb>
<reb>3</reb>
<ast>5</ast>
<stl>3</stl>
<blk>0</blk>
<to>2</to>
<pf>3</pf>
<pam>-4</pam>
<pts>20</pts>
<dnp>false</dnp>
</player>
<player>
<name>Tyreke Evans</name>
<pos>SF</pos>
<start>false</start>
<min>21</min>
<fgm>4</fgm>
<fga>10</fga>
<tpm>1</tpm>
<tpa>1</tpa>
<ftm>0</ftm>
<fta>2</fta>
<oreb>1</oreb>
<dreb>3</dreb>
<reb>4</reb>
<ast>2</ast>
<stl>1</stl>
<blk>1</blk>
<to>3</to>
<pf>3</pf>
<pam>-11</pam>
<pts>9</pts>
<dnp>false</dnp>
</player>
<player>
<name>Greg Stiemsma</name>
<pos>C</pos>
<start>false</start>
<min>16</min>
<fgm>0</fgm>
<fga>1</fga>
<tpm>0</tpm>
<tpa>0</tpa>
<ftm>1</ftm>
<fta>2</fta>
<oreb>0</oreb>
<dreb>3</dreb>
<reb>3</reb>
<ast>0</ast>
<stl>0</stl>
<blk>1</blk>
<to>0</to>
<pf>1</pf>
<pam>-7</pam>
<pts>1</pts>
<dnp>false</dnp>
</player>
<player>
<name>Brian Roberts</name>
<pos>PG</pos>
<start>false</start>
<min>30</min>
<fgm>7</fgm>
<fga>14</fga>
<tpm>3</tpm>
<tpa>6</tpa>
<ftm>0</ftm>
<fta>0</fta>
<oreb>0</oreb>
<dreb>1</dreb>
<reb>1</reb>
<ast>5</ast>
<stl>3</stl>
<blk>0</blk>
<to>0</to>
<pf>4</pf>
<pam>-1</pam>
<pts>17</pts>
<dnp>false</dnp>
</player>
<player>
<name>Anthony Morrow</name>
<pos>SG</pos>
<start>false</start>
<min>21</min>
<fgm>4</fgm>
<fga>9</fga>
<tpm>2</tpm>
<tpa>4</tpa>
<ftm>0</ftm>
<fta>0</fta>
<oreb>1</oreb>
<dreb>1</dreb>
<reb>2</reb>
<ast>0</ast>
<stl>1</stl>
<blk>0</blk>
<to>0</to>
<pf>0</pf>
<pam>0</pam>
<pts>10</pts>
<dnp>false</dnp>
</player>
<player>
<name>Arinze Onuaku</name>
<pos>PF</pos>
<start>false</start>
<min>0</min>
<fgm>0</fgm>
<fga>0</fga>
<tpm>0</tpm>
<tpa>0</tpa>
<ftm>0</ftm>
<fta>0</fta>
<oreb>0</oreb>
<dreb>0</dreb>
<reb>0</reb>
<ast>0</ast>
<stl>0</stl>
<blk>0</blk>
<to>0</to>
<pf>0</pf>
<pam>0</pam>
<pts>0</pts>
<dnp>true</dnp>
</player>
<player>
<name>Lance Thomas</name>
<pos>SF</pos>
<start>false</start>
<min>0</min>
<fgm>0</fgm>
<fga>0</fga>
<tpm>0</tpm>
<tpa>0</tpa>
<ftm>0</ftm>
<fta>0</fta>
<oreb>0</oreb>
<dreb>0</dreb>
<reb>0</reb>
<ast>0</ast>
<stl>0</stl>
<blk>0</blk>
<to>0</to>
<pf>0</pf>
<pam>0</pam>
<pts>0</pts>
<dnp>true</dnp>
</player>
<player>
<name>Jeff Withey</name>
<pos>C</pos>
<start>false</start>
<min>0</min>
<fgm>0</fgm>
<fga>0</fga>
<tpm>0</tpm>
<tpa>0</tpa>
<ftm>0</ftm>
<fta>0</fta>
<oreb>0</oreb>
<dreb>0</dreb>
<reb>0</reb>
<ast>0</ast>
<stl>0</stl>
<blk>0</blk>
<to>0</to>
<pf>0</pf>
<pam>0</pam>
<pts>0</pts>
<dnp>true</dnp>
</player>
<home>true</home>
<win>false</win>
<fgm>37</fgm>
<fga>85</fga>
<tpm>10</tpm>
<tpa>18</tpa>
<ftm>14</ftm>
<fta>19</fta>
<oreb>8</oreb>
<dreb>32</dreb>
<reb>40</reb>
<ast>26</ast>
<stl>12</stl>
<blk>11</blk>
<to>13</to>
<pf>20</pf>
<pts>98</pts>
</team>
</game>