<game>
<id>400488902</id>
<date>9:00 PM ET, November 1, 2013</date>
<team>
<name>Portland Trail Blazers</name>
<player>
<name>LaMarcus Aldridge</name>
<pos>PF</pos>
<start>true</start>
<min>36</min>
<fgm>12</fgm>
<fga>26</fga>
<tpm>0</tpm>
<tpa>0</tpa>
<ftm>1</ftm>
<fta>4</fta>
<oreb>2</oreb>
<dreb>7</dreb>
<reb>9</reb>
<ast>4</ast>
<stl>1</stl>
<blk>1</blk>
<to>1</to>
<pf>2</pf>
<pam>+20</pam>
<pts>25</pts>
<dnp>false</dnp>
</player>
<player>
<name>Nicolas Batum</name>
<pos>SF</pos>
<start>true</start>
<min>35</min>
<fgm>8</fgm>
<fga>14</fga>
<tpm>5</tpm>
<tpa>8</tpa>
<ftm>0</ftm>
<fta>0</fta>
<oreb>0</oreb>
<dreb>5</dreb>
<reb>5</reb>
<ast>3</ast>
<stl>0</stl>
<blk>1</blk>
<to>2</to>
<pf>2</pf>
<pam>+15</pam>
<pts>21</pts>
<dnp>false</dnp>
</player>
<player>
<name>Robin Lopez</name>
<pos>C</pos>
<start>true</start>
<min>23</min>
<fgm>1</fgm>
<fga>5</fga>
<tpm>0</tpm>
<tpa>0</tpa>
<ftm>0</ftm>
<fta>0</fta>
<oreb>3</oreb>
<dreb>2</dreb>
<reb>5</reb>
<ast>0</ast>
<stl>0</stl>
<blk>2</blk>
<to>0</to>
<pf>5</pf>
<pam>+5</pam>
<pts>2</pts>
<dnp>false</dnp>
</player>
<player>
<name>Damian Lillard</name>
<pos>PG</pos>
<start>true</start>
<min>34</min>
<fgm>6</fgm>
<fga>13</fga>
<tpm>3</tpm>
<tpa>4</tpa>
<ftm>3</ftm>
<fta>3</fta>
<oreb>0</oreb>
<dreb>4</dreb>
<reb>4</reb>
<ast>7</ast>
<stl>0</stl>
<blk>0</blk>
<to>1</to>
<pf>4</pf>
<pam>+18</pam>
<pts>18</pts>
<dnp>false</dnp>
</player>
<player>
<name>Wesley Matthews</name>
<pos>SG</pos>
<start>true</start>
<min>36</min>
<fgm>7</fgm>
<fga>13</fga>
<tpm>4</tpm>
<tpa>4</tpa>
<ftm>3</ftm>
<fta>3</fta>
<oreb>1</oreb>
<dreb>11</dreb>
<reb>12</reb>
<ast>3</ast>
<stl>1</stl>
<blk>0</blk>
<to>1</to>
<pf>2</pf>
<pam>+18</pam>
<pts>21</pts>
<dnp>false</dnp>
</player>
<player>
<name>Thomas Robinson</name>
<pos>PF</pos>
<start>false</start>
<min>12</min>
<fgm>1</fgm>
<fga>6</fga>
<tpm>0</tpm>
<tpa>0</tpa>
<ftm>0</ftm>
<fta>0</fta>
<oreb>3</oreb>
<dreb>2</dreb>
<reb>5</reb>
<ast>1</ast>
<stl>0</stl>
<blk>0</blk>
<to>0</to>
<pf>4</pf>
<pam>-7</pam>
<pts>2</pts>
<dnp>false</dnp>
</player>
<player>
<name>Victor Claver</name>
<pos>PF</pos>
<start>false</start>
<min>1</min>
<fgm>0</fgm>
<fga>0</fga>
<tpm>0</tpm>
<tpa>0</tpa>
<ftm>0</ftm>
<fta>0</fta>
<oreb>0</oreb>
<dreb>0</dreb>
<reb>0</reb>
<ast>0</ast>
<stl>0</stl>
<blk>0</blk>
<to>0</to>
<pf>0</pf>
<pam>0</pam>
<pts>0</pts>
<dnp>false</dnp>
</player>
<player>
<name>Dorell Wright</name>
<pos>SF</pos>
<start>false</start>
<min>11</min>
<fgm>3</fgm>
<fga>4</fga>
<tpm>2</tpm>
<tpa>3</tpa>
<ftm>0</ftm>
<fta>0</fta>
<oreb>2</oreb>
<dreb>3</dreb>
<reb>5</reb>
<ast>1</ast>
<stl>1</stl>
<blk>0</blk>
<to>0</to>
<pf>1</pf>
<pam>-7</pam>
<pts>8</pts>
<dnp>false</dnp>
</player>
<player>
<name>Meyers Leonard</name>
<pos>C</pos>
<start>false</start>
<min>1</min>
<fgm>0</fgm>
<fga>0</fga>
<tpm>0</tpm>
<tpa>0</tpa>
<ftm>0</ftm>
<fta>0</fta>
<oreb>0</oreb>
<dreb>2</dreb>
<reb>2</reb>
<ast>0</ast>
<stl>0</stl>
<blk>0</blk>
<to>0</to>
<pf>0</pf>
<pam>0</pam>
<pts>0</pts>
<dnp>false</dnp>
</player>
<player>
<name>Joel Freeland</name>
<pos>C</pos>
<start>false</start>
<min>22</min>
<fgm>1</fgm>
<fga>7</fga>
<tpm>0</tpm>
<tpa>0</tpa>
<ftm>3</ftm>
<fta>4</fta>
<oreb>4</oreb>
<dreb>3</dreb>
<reb>7</reb>
<ast>3</ast>
<stl>0</stl>
<blk>1</blk>
<to>1</to>
<pf>3</pf>
<pam>+12</pam>
<pts>5</pts>
<dnp>false</dnp>
</player>
<player>
<name>Mo Williams</name>
<pos>PG</pos>
<start>false</start>
<min>26</min>
<fgm>5</fgm>
<fga>13</fga>
<tpm>0</tpm>
<tpa>3</tpa>
<ftm>1</ftm>
<fta>1</fta>
<oreb>1</oreb>
<dreb>0</dreb>
<reb>1</reb>
<ast>3</ast>
<stl>0</stl>
<blk>0</blk>
<to>1</to>
<pf>2</pf>
<pam>+1</pam>
<pts>11</pts>
<dnp>false</dnp>
</player>
<player>
<name>Allen Crabbe</name>
<pos>SG</pos>
<start>false</start>
<min>1</min>
<fgm>0</fgm>
<fga>1</fga>
<tpm>0</tpm>
<tpa>0</tpa>
<ftm>0</ftm>
<fta>0</fta>
<oreb>0</oreb>
<dreb>0</dreb>
<reb>0</reb>
<ast>0</ast>
<stl>0</stl>
<blk>0</blk>
<to>0</to>
<pf>0</pf>
<pam>0</pam>
<pts>0</pts>
<dnp>false</dnp>
</player>
<home>false</home>
<win>true</win>
<fgm>44</fgm>
<fga>103</fga>
<tpm>14</tpm>
<tpa>22</tpa>
<ftm>11</ftm>
<fta>15</fta>
<oreb>16</oreb>
<dreb>39</dreb>
<reb>55</reb>
<ast>25</ast>
<stl>3</stl>
<blk>5</blk>
<to>7</to>
<pf>25</pf>
<pts>113</pts>
</team>
<team>
<name>Denver Nuggets</name>
<player>
<name>Anthony Randolph</name>
<pos>PF</pos>
<start>true</start>
<min>15</min>
<fgm>2</fgm>
<fga>6</fga>
<tpm>0</tpm>
<tpa>0</tpa>
<ftm>1</ftm>
<fta>2</fta>
<oreb>2</oreb>
<dreb>1</dreb>
<reb>3</reb>
<ast>0</ast>
<stl>0</stl>
<blk>0</blk>
<to>0</to>
<pf>2</pf>
<pam>-5</pam>
<pts>5</pts>
<dnp>false</dnp>
</player>
<player>
<name>J.J. Hickson</name>
<pos>C</pos>
<start>true</start>
<min>22</min>
<fgm>2</fgm>
<fga>13</fga>
<tpm>0</tpm>
<tpa>0</tpa>
<ftm>1</ftm>
<fta>2</fta>
<oreb>4</oreb>
<dreb>5</dreb>
<reb>9</reb>
<ast>2</ast>
<stl>0</stl>
<blk>0</blk>
<to>0</to>
<pf>2</pf>
<pam>-11</pam>
<pts>5</pts>
<dnp>false</dnp>
</player>
<player>
<name>JaVale McGee</name>
<pos>C</pos>
<start>true</start>
<min>13</min>
<fgm>3</fgm>
<fga>6</fga>
<tpm>0</tpm>
<tpa>0</tpa>
<ftm>0</ftm>
<fta>0</fta>
<oreb>2</oreb>
<dreb>1</dreb>
<reb>3</reb>
<ast>1</ast>
<stl>0</stl>
<blk>1</blk>
<to>0</to>
<pf>1</pf>
<pam>-11</pam>
<pts>6</pts>
<dnp>false</dnp>
</player>
<player>
<name>Ty Lawson</name>
<pos>PG</pos>
<start>true</start>
<min>36</min>
<fgm>7</fgm>
<fga>16</fga>
<tpm>2</tpm>
<tpa>5</tpa>
<ftm>5</ftm>
<fta>8</fta>
<oreb>1</oreb>
<dreb>4</dreb>
<reb>5</reb>
<ast>6</ast>
<stl>1</stl>
<blk>0</blk>
<to>0</to>
<pf>3</pf>
<pam>-11</pam>
<pts>21</pts>
<dnp>false</dnp>
</player>
<player>
<name>Randy Foye</name>
<pos>SG</pos>
<start>true</start>
<min>33</min>
<fgm>2</fgm>
<fga>10</fga>
<tpm>0</tpm>
<tpa>3</tpa>
<ftm>2</ftm>
<fta>3</fta>
<oreb>0</oreb>
<dreb>4</dreb>
<reb>4</reb>
<ast>3</ast>
<stl>3</stl>
<blk>0</blk>
<to>1</to>
<pf>1</pf>
<pam>-21</pam>
<pts>6</pts>
<dnp>false</dnp>
</player>
<player>
<name>Darrell Arthur</name>
<pos>PF</pos>
<start>false</start>
<min>16</min>
<fgm>1</fgm>
<fga>6</fga>
<tpm>0</tpm>
<tpa>0</tpa>
<ftm>0</ftm>
<fta>0</fta>
<oreb>3</oreb>
<dreb>2</dreb>
<reb>5</reb>
<ast>0</ast>
<stl>0</stl>
<blk>2</blk>
<to>0</to>
<pf>1</pf>
<pam>-13</pam>
<pts>2</pts>
<dnp>false</dnp>
</player>
<player>
<name>Kenneth Faried</name>
<pos>PF</pos>
<start>false</start>
<min>24</min>
<fgm>3</fgm>
<fga>7</fga>
<tpm>0</tpm>
<tpa>0</tpa>
<ftm>5</ftm>
<fta>8</fta>
<oreb>6</oreb>
<dreb>5</dreb>
<reb>11</reb>
<ast>0</ast>
<stl>0</stl>
<blk>1</blk>
<to>0</to>
<pf>1</pf>
<pam>-7</pam>
<pts>11</pts>
<dnp>false</dnp>
</player>
<player>
<name>Timofey Mozgov</name>
<pos>C</pos>
<start>false</start>
<min>21</min>
<fgm>4</fgm>
<fga>8</fga>
<tpm>0</tpm>
<tpa>1</tpa>
<ftm>0</ftm>
<fta>2</fta>
<oreb>1</oreb>
<dreb>2</dreb>
<reb>3</reb>
<ast>1</ast>
<stl>0</stl>
<blk>1</blk>
<to>0</to>
<pf>3</pf>
<pam>+12</pam>
<pts>8</pts>
<dnp>false</dnp>
</player>
<player>
<name>Andre Miller</name>
<pos>PG</pos>
<start>false</start>
<min>17</min>
<fgm>4</fgm>
<fga>4</fga>
<tpm>0</tpm>
<tpa>0</tpa>
<ftm>2</ftm>
<fta>5</fta>
<oreb>0</oreb>
<dreb>4</dreb>
<reb>4</reb>
<ast>0</ast>
<stl>1</stl>
<blk>0</blk>
<to>0</to>
<pf>0</pf>
<pam>-4</pam>
<pts>10</pts>
<dnp>false</dnp>
</player>
<player>
<name>Nate Robinson</name>
<pos>PG</pos>
<start>false</start>
<min>29</min>
<fgm>8</fgm>
<fga>17</fga>
<tpm>4</tpm>
<tpa>6</tpa>
<ftm>4</ftm>
<fta>4</fta>
<oreb>1</oreb>
<dreb>6</dreb>
<reb>7</reb>
<ast>1</ast>
<stl>0</stl>
<blk>0</blk>
<to>3</to>
<pf>3</pf>
<pam>0</pam>
<pts>24</pts>
<dnp>false</dnp>
</player>
<player>
<name>Evan Fournier</name>
<pos>SG</pos>
<start>false</start>
<min>15</min>
<fgm>0</fgm>
<fga>6</fga>
<tpm>0</tpm>
<tpa>3</tpa>
<ftm>0</ftm>
<fta>0</fta>
<oreb>0</oreb>
<dreb>1</dreb>
<reb>1</reb>
<ast>0</ast>
<stl>1</stl>
<blk>0</blk>
<to>0</to>
<pf>2</pf>
<pam>-4</pam>
<pts>0</pts>
<dnp>false</dnp>
</player>
<player>
<name>Jordan Hamilton</name>
<pos>SF</pos>
<start>false</start>
<min>0</min>
<fgm>0</fgm>
<fga>0</fga>
<tpm>0</tpm>
<tpa>0</tpa>
<ftm>0</ftm>
<fta>0</fta>
<oreb>0</oreb>
<dreb>0</dreb>
<reb>0</reb>
<ast>0</ast>
<stl>0</stl>
<blk>0</blk>
<to>0</to>
<pf>0</pf>
<pam>0</pam>
<pts>0</pts>
<dnp>true</dnp>
</player>
<home>true</home>
<win>false</win>
<fgm>36</fgm>
<fga>99</fga>
<tpm>6</tpm>
<tpa>18</tpa>
<ftm>20</ftm>
<fta>34</fta>
<oreb>20</oreb>
<dreb>35</dreb>
<reb>55</reb>
<ast>14</ast>
<stl>6</stl>
<blk>5</blk>
<to>4</to>
<pf>19</pf>
<pts>98</pts>
</team>
</game>