<game>
<id>400488874</id>
<date>7:00 PM ET, October 29, 2013</date>
<team>
<name>Orlando Magic</name>
<player>
<name>Jason Maxiell</name>
<pos>PF</pos>
<start>true</start>
<min>26</min>
<fgm>0</fgm>
<fga>5</fga>
<tpm>0</tpm>
<tpa>0</tpa>
<ftm>0</ftm>
<fta>0</fta>
<oreb>1</oreb>
<dreb>4</dreb>
<reb>5</reb>
<ast>0</ast>
<stl>1</stl>
<blk>2</blk>
<to>2</to>
<pf>2</pf>
<pam>-15</pam>
<pts>0</pts>
<dnp>false</dnp>
</player>
<player>
<name>Maurice Harkless</name>
<pos>SF</pos>
<start>true</start>
<min>24</min>
<fgm>6</fgm>
<fga>13</fga>
<tpm>2</tpm>
<tpa>2</tpa>
<ftm>0</ftm>
<fta>1</fta>
<oreb>1</oreb>
<dreb>0</dreb>
<reb>1</reb>
<ast>0</ast>
<stl>1</stl>
<blk>0</blk>
<to>0</to>
<pf>4</pf>
<pam>-3</pam>
<pts>14</pts>
<dnp>false</dnp>
</player>
<player>
<name>Nikola Vucevic</name>
<pos>C</pos>
<start>true</start>
<min>31</min>
<fgm>4</fgm>
<fga>11</fga>
<tpm>0</tpm>
<tpa>0</tpa>
<ftm>0</ftm>
<fta>0</fta>
<oreb>5</oreb>
<dreb>5</dreb>
<reb>10</reb>
<ast>3</ast>
<stl>2</stl>
<blk>1</blk>
<to>5</to>
<pf>4</pf>
<pam>-22</pam>
<pts>8</pts>
<dnp>false</dnp>
</player>
<player>
<name>Jameer Nelson</name>
<pos>PG</pos>
<start>true</start>
<min>31</min>
<fgm>4</fgm>
<fga>13</fga>
<tpm>3</tpm>
<tpa>7</tpa>
<ftm>1</ftm>
<fta>1</fta>
<oreb>1</oreb>
<dreb>4</dreb>
<reb>5</reb>
<ast>7</ast>
<stl>2</stl>
<blk>0</blk>
<to>2</to>
<pf>1</pf>
<pam>-11</pam>
<pts>12</pts>
<dnp>false</dnp>
</player>
<player>
<name>Arron Afflalo</name>
<pos>SG</pos>
<start>true</start>
<min>33</min>
<fgm>3</fgm>
<fga>14</fga>
<tpm>1</tpm>
<tpa>5</tpa>
<ftm>2</ftm>
<fta>3</fta>
<oreb>1</oreb>
<dreb>2</dreb>
<reb>3</reb>
<ast>1</ast>
<stl>0</stl>
<blk>0</blk>
<to>1</to>
<pf>1</pf>
<pam>-14</pam>
<pts>9</pts>
<dnp>false</dnp>
</player>
<player>
<name>Andrew Nicholson</name>
<pos>PF</pos>
<start>false</start>
<min>19</min>
<fgm>8</fgm>
<fga>10</fga>
<tpm>2</tpm>
<tpa>2</tpa>
<ftm>0</ftm>
<fta>0</fta>
<oreb>1</oreb>
<dreb>3</dreb>
<reb>4</reb>
<ast>0</ast>
<stl>1</stl>
<blk>0</blk>
<to>1</to>
<pf>4</pf>
<pam>0</pam>
<pts>18</pts>
<dnp>false</dnp>
</player>
<player>
<name>Kyle O'Quinn</name>
<pos>PF</pos>
<start>false</start>
<min>14</min>
<fgm>3</fgm>
<fga>7</fga>
<tpm>0</tpm>
<tpa>0</tpa>
<ftm>0</ftm>
<fta>0</fta>
<oreb>0</oreb>
<dreb>4</dreb>
<reb>4</reb>
<ast>0</ast>
<stl>0</stl>
<blk>3</blk>
<to>1</to>
<pf>2</pf>
<pam>+10</pam>
<pts>6</pts>
<dnp>false</dnp>
</player>
<player>
<name>Solomon Jones</name>
<pos>PF</pos>
<start>false</start>
<min>5</min>
<fgm>0</fgm>
<fga>1</fga>
<tpm>0</tpm>
<tpa>0</tpa>
<ftm>0</ftm>
<fta>0</fta>
<oreb>1</oreb>
<dreb>1</dreb>
<reb>2</reb>
<ast>0</ast>
<stl>0</stl>
<blk>0</blk>
<to>0</to>
<pf>2</pf>
<pam>+7</pam>
<pts>0</pts>
<dnp>false</dnp>
</player>
<player>
<name>E'Twaun Moore</name>
<pos>PG</pos>
<start>false</start>
<min>26</min>
<fgm>3</fgm>
<fga>6</fga>
<tpm>0</tpm>
<tpa>1</tpa>
<ftm>0</ftm>
<fta>0</fta>
<oreb>1</oreb>
<dreb>0</dreb>
<reb>1</reb>
<ast>1</ast>
<stl>2</stl>
<blk>0</blk>
<to>2</to>
<pf>2</pf>
<pam>+3</pam>
<pts>6</pts>
<dnp>false</dnp>
</player>
<player>
<name>Ronnie Price</name>
<pos>PG</pos>
<start>false</start>
<min>9</min>
<fgm>1</fgm>
<fga>2</fga>
<tpm>0</tpm>
<tpa>0</tpa>
<ftm>0</ftm>
<fta>0</fta>
<oreb>0</oreb>
<dreb>1</dreb>
<reb>1</reb>
<ast>3</ast>
<stl>0</stl>
<blk>0</blk>
<to>0</to>
<pf>2</pf>
<pam>+6</pam>
<pts>2</pts>
<dnp>false</dnp>
</player>
<player>
<name>Victor Oladipo</name>
<pos>SG</pos>
<start>false</start>
<min>23</min>
<fgm>4</fgm>
<fga>11</fga>
<tpm>1</tpm>
<tpa>2</tpa>
<ftm>3</ftm>
<fta>5</fta>
<oreb>1</oreb>
<dreb>2</dreb>
<reb>3</reb>
<ast>2</ast>
<stl>1</stl>
<blk>0</blk>
<to>3</to>
<pf>2</pf>
<pam>-11</pam>
<pts>12</pts>
<dnp>false</dnp>
</player>
<player>
<name>Tobias Harris</name>
<pos>SF</pos>
<start>false</start>
<min>0</min>
<fgm>0</fgm>
<fga>0</fga>
<tpm>0</tpm>
<tpa>0</tpa>
<ftm>0</ftm>
<fta>0</fta>
<oreb>0</oreb>
<dreb>0</dreb>
<reb>0</reb>
<ast>0</ast>
<stl>0</stl>
<blk>0</blk>
<to>0</to>
<pf>0</pf>
<pam>0</pam>
<pts>0</pts>
<dnp>true</dnp>
</player>
<home>false</home>
<win>false</win>
<fgm>36</fgm>
<fga>93</fga>
<tpm>9</tpm>
<tpa>19</tpa>
<ftm>6</ftm>
<fta>10</fta>
<oreb>13</oreb>
<dreb>26</dreb>
<reb>39</reb>
<ast>17</ast>
<stl>10</stl>
<blk>6</blk>
<to>17</to>
<pf>26</pf>
<pts>87</pts>
</team>
<team>
<name>Indiana Pacers</name>
<player>
<name>David West</name>
<pos>PF</pos>
<start>true</start>
<min>31</min>
<fgm>4</fgm>
<fga>11</fga>
<tpm>0</tpm>
<tpa>0</tpa>
<ftm>5</ftm>
<fta>5</fta>
<oreb>0</oreb>
<dreb>5</dreb>
<reb>5</reb>
<ast>3</ast>
<stl>2</stl>
<blk>5</blk>
<to>5</to>
<pf>2</pf>
<pam>+11</pam>
<pts>13</pts>
<dnp>false</dnp>
</player>
<player>
<name>Paul George</name>
<pos>SF</pos>
<start>true</start>
<min>36</min>
<fgm>8</fgm>
<fga>16</fga>
<tpm>3</tpm>
<tpa>6</tpa>
<ftm>5</ftm>
<fta>7</fta>
<oreb>1</oreb>
<dreb>5</dreb>
<reb>6</reb>
<ast>5</ast>
<stl>1</stl>
<blk>3</blk>
<to>4</to>
<pf>0</pf>
<pam>+11</pam>
<pts>24</pts>
<dnp>false</dnp>
</player>
<player>
<name>Roy Hibbert</name>
<pos>C</pos>
<start>true</start>
<min>27</min>
<fgm>3</fgm>
<fga>6</fga>
<tpm>0</tpm>
<tpa>0</tpa>
<ftm>2</ftm>
<fta>4</fta>
<oreb>6</oreb>
<dreb>10</dreb>
<reb>16</reb>
<ast>0</ast>
<stl>1</stl>
<blk>7</blk>
<to>3</to>
<pf>0</pf>
<pam>+15</pam>
<pts>8</pts>
<dnp>false</dnp>
</player>
<player>
<name>George Hill</name>
<pos>PG</pos>
<start>true</start>
<min>29</min>
<fgm>2</fgm>
<fga>8</fga>
<tpm>0</tpm>
<tpa>2</tpa>
<ftm>3</ftm>
<fta>4</fta>
<oreb>0</oreb>
<dreb>2</dreb>
<reb>2</reb>
<ast>0</ast>
<stl>0</stl>
<blk>0</blk>
<to>1</to>
<pf>0</pf>
<pam>+5</pam>
<pts>7</pts>
<dnp>false</dnp>
</player>
<player>
<name>Lance Stephenson</name>
<pos>SG</pos>
<start>true</start>
<min>36</min>
<fgm>8</fgm>
<fga>12</fga>
<tpm>2</tpm>
<tpa>3</tpa>
<ftm>1</ftm>
<fta>2</fta>
<oreb>2</oreb>
<dreb>5</dreb>
<reb>7</reb>
<ast>5</ast>
<stl>0</stl>
<blk>1</blk>
<to>1</to>
<pf>2</pf>
<pam>+11</pam>
<pts>19</pts>
<dnp>false</dnp>
</player>
<player>
<name>Luis Scola</name>
<pos>PF</pos>
<start>false</start>
<min>21</min>
<fgm>4</fgm>
<fga>7</fga>
<tpm>0</tpm>
<tpa>0</tpa>
<ftm>0</ftm>
<fta>0</fta>
<oreb>0</oreb>
<dreb>1</dreb>
<reb>1</reb>
<ast>1</ast>
<stl>0</stl>
<blk>0</blk>
<to>1</to>
<pf>2</pf>
<pam>-2</pam>
<pts>8</pts>
<dnp>false</dnp>
</player>
<player>
<name>Solomon Hill</name>
<pos>SF</pos>
<start>false</start>
<min>8</min>
<fgm>0</fgm>
<fga>1</fga>
<tpm>0</tpm>
<tpa>0</tpa>
<ftm>0</ftm>
<fta>0</fta>
<oreb>0</oreb>
<dreb>1</dreb>
<reb>1</reb>
<ast>0</ast>
<stl>0</stl>
<blk>0</blk>
<to>1</to>
<pf>1</pf>
<pam>-10</pam>
<pts>0</pts>
<dnp>false</dnp>
</player>
<player>
<name>Ian Mahinmi</name>
<pos>C</pos>
<start>false</start>
<min>17</min>
<fgm>0</fgm>
<fga>1</fga>
<tpm>0</tpm>
<tpa>0</tpa>
<ftm>4</ftm>
<fta>6</fta>
<oreb>1</oreb>
<dreb>2</dreb>
<reb>3</reb>
<ast>0</ast>
<stl>0</stl>
<blk>2</blk>
<to>2</to>
<pf>5</pf>
<pam>-1</pam>
<pts>4</pts>
<dnp>false</dnp>
</player>
<player>
<name>C.J. Watson</name>
<pos>PG</pos>
<start>false</start>
<min>20</min>
<fgm>2</fgm>
<fga>5</fga>
<tpm>1</tpm>
<tpa>4</tpa>
<ftm>0</ftm>
<fta>2</fta>
<oreb>0</oreb>
<dreb>2</dreb>
<reb>2</reb>
<ast>3</ast>
<stl>0</stl>
<blk>0</blk>
<to>1</to>
<pf>0</pf>
<pam>+2</pam>
<pts>5</pts>
<dnp>false</dnp>
</player>
<player>
<name>Rasual Butler</name>
<pos>SG</pos>
<start>false</start>
<min>1</min>
<fgm>0</fgm>
<fga>0</fga>
<tpm>0</tpm>
<tpa>0</tpa>
<ftm>0</ftm>
<fta>0</fta>
<oreb>0</oreb>
<dreb>0</dreb>
<reb>0</reb>
<ast>0</ast>
<stl>0</stl>
<blk>0</blk>
<to>0</to>
<pf>0</pf>
<pam>-3</pam>
<pts>0</pts>
<dnp>false</dnp>
</player>
<player>
<name>Orlando Johnson</name>
<pos>SG</pos>
<start>false</start>
<min>15</min>
<fgm>3</fgm>
<fga>4</fga>
<tpm>1</tpm>
<tpa>2</tpa>
<ftm>2</ftm>
<fta>2</fta>
<oreb>0</oreb>
<dreb>1</dreb>
<reb>1</reb>
<ast>0</ast>
<stl>0</stl>
<blk>0</blk>
<to>1</to>
<pf>1</pf>
<pam>+11</pam>
<pts>9</pts>
<dnp>false</dnp>
</player>
<player>
<name>Chris Copeland</name>
<pos>SF</pos>
<start>false</start>
<min>0</min>
<fgm>0</fgm>
<fga>0</fga>
<tpm>0</tpm>
<tpa>0</tpa>
<ftm>0</ftm>
<fta>0</fta>
<oreb>0</oreb>
<dreb>0</dreb>
<reb>0</reb>
<ast>0</ast>
<stl>0</stl>
<blk>0</blk>
<to>0</to>
<pf>0</pf>
<pam>0</pam>
<pts>0</pts>
<dnp>true</dnp>
</player>
<home>true</home>
<win>true</win>
<fgm>34</fgm>
<fga>71</fga>
<tpm>7</tpm>
<tpa>17</tpa>
<ftm>22</ftm>
<fta>32</fta>
<oreb>10</oreb>
<dreb>34</dreb>
<reb>44</reb>
<ast>17</ast>
<stl>4</stl>
<blk>18</blk>
<to>20</to>
<pf>13</pf>
<pts>97</pts>
</team>
</game>