<game>
<id>400488915</id>
<date>6:00 PM ET, November 3, 2013</date>
<team>
<name>Washington Wizards</name>
<player>
<name>Trevor Booker</name>
<pos>PF</pos>
<start>true</start>
<min>22</min>
<fgm>4</fgm>
<fga>6</fga>
<tpm>0</tpm>
<tpa>0</tpa>
<ftm>0</ftm>
<fta>1</fta>
<oreb>3</oreb>
<dreb>3</dreb>
<reb>6</reb>
<ast>0</ast>
<stl>2</stl>
<blk>0</blk>
<to>2</to>
<pf>3</pf>
<pam>-10</pam>
<pts>8</pts>
<dnp>false</dnp>
</player>
<player>
<name>Marcin Gortat</name>
<pos>C</pos>
<start>true</start>
<min>32</min>
<fgm>7</fgm>
<fga>14</fga>
<tpm>1</tpm>
<tpa>1</tpa>
<ftm>0</ftm>
<fta>0</fta>
<oreb>5</oreb>
<dreb>6</dreb>
<reb>11</reb>
<ast>1</ast>
<stl>0</stl>
<blk>0</blk>
<to>3</to>
<pf>2</pf>
<pam>-11</pam>
<pts>15</pts>
<dnp>false</dnp>
</player>
<player>
<name>John Wall</name>
<pos>PG</pos>
<start>true</start>
<min>39</min>
<fgm>4</fgm>
<fga>12</fga>
<tpm>1</tpm>
<tpa>4</tpa>
<ftm>2</ftm>
<fta>2</fta>
<oreb>2</oreb>
<dreb>2</dreb>
<reb>4</reb>
<ast>9</ast>
<stl>1</stl>
<blk>0</blk>
<to>5</to>
<pf>5</pf>
<pam>-12</pam>
<pts>11</pts>
<dnp>false</dnp>
</player>
<player>
<name>Trevor Ariza</name>
<pos>SG</pos>
<start>true</start>
<min>30</min>
<fgm>4</fgm>
<fga>16</fga>
<tpm>3</tpm>
<tpa>9</tpa>
<ftm>2</ftm>
<fta>2</fta>
<oreb>4</oreb>
<dreb>3</dreb>
<reb>7</reb>
<ast>0</ast>
<stl>2</stl>
<blk>0</blk>
<to>3</to>
<pf>4</pf>
<pam>0</pam>
<pts>13</pts>
<dnp>false</dnp>
</player>
<player>
<name>Bradley Beal</name>
<pos>SG</pos>
<start>true</start>
<min>41</min>
<fgm>6</fgm>
<fga>14</fga>
<tpm>4</tpm>
<tpa>8</tpa>
<ftm>3</ftm>
<fta>6</fta>
<oreb>1</oreb>
<dreb>2</dreb>
<reb>3</reb>
<ast>3</ast>
<stl>0</stl>
<blk>0</blk>
<to>5</to>
<pf>4</pf>
<pam>-16</pam>
<pts>19</pts>
<dnp>false</dnp>
</player>
<player>
<name>Al Harrington</name>
<pos>PF</pos>
<start>false</start>
<min>12</min>
<fgm>0</fgm>
<fga>6</fga>
<tpm>0</tpm>
<tpa>3</tpa>
<ftm>0</ftm>
<fta>0</fta>
<oreb>0</oreb>
<dreb>0</dreb>
<reb>0</reb>
<ast>1</ast>
<stl>0</stl>
<blk>0</blk>
<to>0</to>
<pf>2</pf>
<pam>-11</pam>
<pts>0</pts>
<dnp>false</dnp>
</player>
<player>
<name>Martell Webster</name>
<pos>SF</pos>
<start>false</start>
<min>34</min>
<fgm>4</fgm>
<fga>7</fga>
<tpm>2</tpm>
<tpa>4</tpa>
<ftm>3</ftm>
<fta>4</fta>
<oreb>1</oreb>
<dreb>6</dreb>
<reb>7</reb>
<ast>4</ast>
<stl>2</stl>
<blk>0</blk>
<to>0</to>
<pf>2</pf>
<pam>-3</pam>
<pts>13</pts>
<dnp>false</dnp>
</player>
<player>
<name>Kevin Seraphin</name>
<pos>C</pos>
<start>false</start>
<min>15</min>
<fgm>4</fgm>
<fga>5</fga>
<tpm>0</tpm>
<tpa>0</tpa>
<ftm>1</ftm>
<fta>1</fta>
<oreb>0</oreb>
<dreb>1</dreb>
<reb>1</reb>
<ast>0</ast>
<stl>0</stl>
<blk>2</blk>
<to>2</to>
<pf>4</pf>
<pam>+4</pam>
<pts>9</pts>
<dnp>false</dnp>
</player>
<player>
<name>Eric Maynor</name>
<pos>PG</pos>
<start>false</start>
<min>14</min>
<fgm>2</fgm>
<fga>2</fga>
<tpm>1</tpm>
<tpa>1</tpa>
<ftm>0</ftm>
<fta>0</fta>
<oreb>1</oreb>
<dreb>1</dreb>
<reb>2</reb>
<ast>4</ast>
<stl>1</stl>
<blk>0</blk>
<to>0</to>
<pf>0</pf>
<pam>+8</pam>
<pts>5</pts>
<dnp>false</dnp>
</player>
<player>
<name>Garrett Temple</name>
<pos>SG</pos>
<start>false</start>
<min>0</min>
<fgm>0</fgm>
<fga>0</fga>
<tpm>0</tpm>
<tpa>0</tpa>
<ftm>0</ftm>
<fta>0</fta>
<oreb>0</oreb>
<dreb>0</dreb>
<reb>0</reb>
<ast>0</ast>
<stl>0</stl>
<blk>0</blk>
<to>0</to>
<pf>0</pf>
<pam>+1</pam>
<pts>0</pts>
<dnp>false</dnp>
</player>
<player>
<name>Nene Hilario</name>
<pos>PF</pos>
<start>false</start>
<min>0</min>
<fgm>0</fgm>
<fga>0</fga>
<tpm>0</tpm>
<tpa>0</tpa>
<ftm>0</ftm>
<fta>0</fta>
<oreb>0</oreb>
<dreb>0</dreb>
<reb>0</reb>
<ast>0</ast>
<stl>0</stl>
<blk>0</blk>
<to>0</to>
<pf>0</pf>
<pam>0</pam>
<pts>0</pts>
<dnp>true</dnp>
</player>
<player>
<name>Jan Vesely</name>
<pos>PF</pos>
<start>false</start>
<min>0</min>
<fgm>0</fgm>
<fga>0</fga>
<tpm>0</tpm>
<tpa>0</tpa>
<ftm>0</ftm>
<fta>0</fta>
<oreb>0</oreb>
<dreb>0</dreb>
<reb>0</reb>
<ast>0</ast>
<stl>0</stl>
<blk>0</blk>
<to>0</to>
<pf>0</pf>
<pam>0</pam>
<pts>0</pts>
<dnp>true</dnp>
</player>
<home>false</home>
<win>false</win>
<fgm>35</fgm>
<fga>82</fga>
<tpm>12</tpm>
<tpa>30</tpa>
<ftm>11</ftm>
<fta>16</fta>
<oreb>17</oreb>
<dreb>24</dreb>
<reb>41</reb>
<ast>22</ast>
<stl>8</stl>
<blk>2</blk>
<to>20</to>
<pf>26</pf>
<pts>93</pts>
</team>
<team>
<name>Miami Heat</name>
<player>
<name>Udonis Haslem</name>
<pos>PF</pos>
<start>true</start>
<min>17</min>
<fgm>2</fgm>
<fga>4</fga>
<tpm>0</tpm>
<tpa>0</tpa>
<ftm>0</ftm>
<fta>0</fta>
<oreb>0</oreb>
<dreb>4</dreb>
<reb>4</reb>
<ast>1</ast>
<stl>0</stl>
<blk>1</blk>
<to>0</to>
<pf>1</pf>
<pam>+6</pam>
<pts>4</pts>
<dnp>false</dnp>
</player>
<player>
<name>LeBron James</name>
<pos>SF</pos>
<start>true</start>
<min>35</min>
<fgm>9</fgm>
<fga>14</fga>
<tpm>3</tpm>
<tpa>5</tpa>
<ftm>4</ftm>
<fta>5</fta>
<oreb>0</oreb>
<dreb>3</dreb>
<reb>3</reb>
<ast>5</ast>
<stl>1</stl>
<blk>0</blk>
<to>6</to>
<pf>2</pf>
<pam>+16</pam>
<pts>25</pts>
<dnp>false</dnp>
</player>
<player>
<name>Chris Bosh</name>
<pos>C</pos>
<start>true</start>
<min>31</min>
<fgm>8</fgm>
<fga>12</fga>
<tpm>2</tpm>
<tpa>3</tpa>
<ftm>6</ftm>
<fta>8</fta>
<oreb>3</oreb>
<dreb>4</dreb>
<reb>7</reb>
<ast>2</ast>
<stl>0</stl>
<blk>2</blk>
<to>2</to>
<pf>1</pf>
<pam>+11</pam>
<pts>24</pts>
<dnp>false</dnp>
</player>
<player>
<name>Mario Chalmers</name>
<pos>PG</pos>
<start>true</start>
<min>28</min>
<fgm>2</fgm>
<fga>4</fga>
<tpm>2</tpm>
<tpa>4</tpa>
<ftm>0</ftm>
<fta>0</fta>
<oreb>0</oreb>
<dreb>2</dreb>
<reb>2</reb>
<ast>8</ast>
<stl>3</stl>
<blk>0</blk>
<to>2</to>
<pf>3</pf>
<pam>+7</pam>
<pts>6</pts>
<dnp>false</dnp>
</player>
<player>
<name>Dwyane Wade</name>
<pos>SG</pos>
<start>true</start>
<min>35</min>
<fgm>8</fgm>
<fga>15</fga>
<tpm>0</tpm>
<tpa>2</tpa>
<ftm>4</ftm>
<fta>8</fta>
<oreb>1</oreb>
<dreb>4</dreb>
<reb>5</reb>
<ast>5</ast>
<stl>2</stl>
<blk>2</blk>
<to>5</to>
<pf>1</pf>
<pam>-1</pam>
<pts>20</pts>
<dnp>false</dnp>
</player>
<player>
<name>Rashard Lewis</name>
<pos>PF</pos>
<start>false</start>
<min>5</min>
<fgm>1</fgm>
<fga>3</fga>
<tpm>1</tpm>
<tpa>3</tpa>
<ftm>0</ftm>
<fta>0</fta>
<oreb>0</oreb>
<dreb>1</dreb>
<reb>1</reb>
<ast>1</ast>
<stl>1</stl>
<blk>0</blk>
<to>0</to>
<pf>1</pf>
<pam>+6</pam>
<pts>3</pts>
<dnp>false</dnp>
</player>
<player>
<name>Chris Andersen</name>
<pos>PF</pos>
<start>false</start>
<min>17</min>
<fgm>2</fgm>
<fga>3</fga>
<tpm>0</tpm>
<tpa>0</tpa>
<ftm>4</ftm>
<fta>6</fta>
<oreb>3</oreb>
<dreb>2</dreb>
<reb>5</reb>
<ast>0</ast>
<stl>0</stl>
<blk>1</blk>
<to>1</to>
<pf>2</pf>
<pam>-1</pam>
<pts>8</pts>
<dnp>false</dnp>
</player>
<player>
<name>Shane Battier</name>
<pos>SF</pos>
<start>false</start>
<min>20</min>
<fgm>0</fgm>
<fga>4</fga>
<tpm>0</tpm>
<tpa>4</tpa>
<ftm>0</ftm>
<fta>0</fta>
<oreb>0</oreb>
<dreb>1</dreb>
<reb>1</reb>
<ast>2</ast>
<stl>0</stl>
<blk>0</blk>
<to>0</to>
<pf>3</pf>
<pam>0</pam>
<pts>0</pts>
<dnp>false</dnp>
</player>
<player>
<name>Norris Cole</name>
<pos>PG</pos>
<start>false</start>
<min>22</min>
<fgm>3</fgm>
<fga>6</fga>
<tpm>3</tpm>
<tpa>4</tpa>
<ftm>0</ftm>
<fta>0</fta>
<oreb>0</oreb>
<dreb>1</dreb>
<reb>1</reb>
<ast>2</ast>
<stl>2</stl>
<blk>0</blk>
<to>0</to>
<pf>2</pf>
<pam>+3</pam>
<pts>9</pts>
<dnp>false</dnp>
</player>
<player>
<name>Ray Allen</name>
<pos>SG</pos>
<start>false</start>
<min>31</min>
<fgm>2</fgm>
<fga>5</fga>
<tpm>0</tpm>
<tpa>2</tpa>
<ftm>0</ftm>
<fta>0</fta>
<oreb>1</oreb>
<dreb>2</dreb>
<reb>3</reb>
<ast>6</ast>
<stl>0</stl>
<blk>0</blk>
<to>0</to>
<pf>2</pf>
<pam>+3</pam>
<pts>4</pts>
<dnp>false</dnp>
</player>
<player>
<name>Michael Beasley</name>
<pos>SF</pos>
<start>false</start>
<min>0</min>
<fgm>0</fgm>
<fga>0</fga>
<tpm>0</tpm>
<tpa>0</tpa>
<ftm>0</ftm>
<fta>0</fta>
<oreb>0</oreb>
<dreb>0</dreb>
<reb>0</reb>
<ast>0</ast>
<stl>0</stl>
<blk>0</blk>
<to>0</to>
<pf>0</pf>
<pam>0</pam>
<pts>0</pts>
<dnp>true</dnp>
</player>
<player>
<name>James Jones</name>
<pos>SF</pos>
<start>false</start>
<min>0</min>
<fgm>0</fgm>
<fga>0</fga>
<tpm>0</tpm>
<tpa>0</tpa>
<ftm>0</ftm>
<fta>0</fta>
<oreb>0</oreb>
<dreb>0</dreb>
<reb>0</reb>
<ast>0</ast>
<stl>0</stl>
<blk>0</blk>
<to>0</to>
<pf>0</pf>
<pam>0</pam>
<pts>0</pts>
<dnp>true</dnp>
</player>
<home>true</home>
<win>true</win>
<fgm>37</fgm>
<fga>70</fga>
<tpm>11</tpm>
<tpa>27</tpa>
<ftm>18</ftm>
<fta>27</fta>
<oreb>8</oreb>
<dreb>24</dreb>
<reb>32</reb>
<ast>32</ast>
<stl>9</stl>
<blk>6</blk>
<to>16</to>
<pf>18</pf>
<pts>103</pts>
</team>
</game>