<game>
<id>400489311</id>
<date>7:00 PM ET, December 28, 2013</date>
<team>
<name>New York Knicks</name>
<player>
<name>Tyson Chandler</name>
<pos>C</pos>
<start>true</start>
<min>27</min>
<fgm>6</fgm>
<fga>7</fga>
<tpm>0</tpm>
<tpa>0</tpa>
<ftm>4</ftm>
<fta>5</fta>
<oreb>0</oreb>
<dreb>2</dreb>
<reb>2</reb>
<ast>3</ast>
<stl>1</stl>
<blk>1</blk>
<to>2</to>
<pf>1</pf>
<pam>-18</pam>
<pts>16</pts>
<dnp>false</dnp>
</player>
<player>
<name>Andrea Bargnani</name>
<pos>C</pos>
<start>true</start>
<min>18</min>
<fgm>5</fgm>
<fga>11</fga>
<tpm>0</tpm>
<tpa>1</tpa>
<ftm>2</ftm>
<fta>2</fta>
<oreb>1</oreb>
<dreb>2</dreb>
<reb>3</reb>
<ast>0</ast>
<stl>1</stl>
<blk>0</blk>
<to>0</to>
<pf>4</pf>
<pam>-13</pam>
<pts>12</pts>
<dnp>false</dnp>
</player>
<player>
<name>Beno Udrih</name>
<pos>PG</pos>
<start>true</start>
<min>21</min>
<fgm>2</fgm>
<fga>3</fga>
<tpm>1</tpm>
<tpa>1</tpa>
<ftm>0</ftm>
<fta>0</fta>
<oreb>0</oreb>
<dreb>0</dreb>
<reb>0</reb>
<ast>3</ast>
<stl>1</stl>
<blk>0</blk>
<to>4</to>
<pf>2</pf>
<pam>-19</pam>
<pts>5</pts>
<dnp>false</dnp>
</player>
<player>
<name>J.R. Smith</name>
<pos>SG</pos>
<start>true</start>
<min>39</min>
<fgm>5</fgm>
<fga>16</fga>
<tpm>3</tpm>
<tpa>8</tpa>
<ftm>0</ftm>
<fta>0</fta>
<oreb>0</oreb>
<dreb>7</dreb>
<reb>7</reb>
<ast>6</ast>
<stl>2</stl>
<blk>0</blk>
<to>1</to>
<pf>5</pf>
<pam>-22</pam>
<pts>13</pts>
<dnp>false</dnp>
</player>
<player>
<name>Iman Shumpert</name>
<pos>SG</pos>
<start>true</start>
<min>29</min>
<fgm>2</fgm>
<fga>5</fga>
<tpm>1</tpm>
<tpa>4</tpa>
<ftm>1</ftm>
<fta>2</fta>
<oreb>2</oreb>
<dreb>6</dreb>
<reb>8</reb>
<ast>2</ast>
<stl>1</stl>
<blk>1</blk>
<to>1</to>
<pf>2</pf>
<pam>+3</pam>
<pts>6</pts>
<dnp>false</dnp>
</player>
<player>
<name>Amar'e Stoudemire</name>
<pos>PF</pos>
<start>false</start>
<min>30</min>
<fgm>9</fgm>
<fga>12</fga>
<tpm>0</tpm>
<tpa>0</tpa>
<ftm>5</ftm>
<fta>6</fta>
<oreb>3</oreb>
<dreb>6</dreb>
<reb>9</reb>
<ast>1</ast>
<stl>1</stl>
<blk>2</blk>
<to>2</to>
<pf>3</pf>
<pam>-1</pam>
<pts>23</pts>
<dnp>false</dnp>
</player>
<player>
<name>Kenyon Martin</name>
<pos>PF</pos>
<start>false</start>
<min>20</min>
<fgm>1</fgm>
<fga>4</fga>
<tpm>0</tpm>
<tpa>0</tpa>
<ftm>0</ftm>
<fta>0</fta>
<oreb>1</oreb>
<dreb>3</dreb>
<reb>4</reb>
<ast>2</ast>
<stl>1</stl>
<blk>0</blk>
<to>1</to>
<pf>2</pf>
<pam>+4</pam>
<pts>2</pts>
<dnp>false</dnp>
</player>
<player>
<name>Cole Aldrich</name>
<pos>C</pos>
<start>false</start>
<min>1</min>
<fgm>0</fgm>
<fga>0</fga>
<tpm>0</tpm>
<tpa>0</tpa>
<ftm>0</ftm>
<fta>0</fta>
<oreb>0</oreb>
<dreb>0</dreb>
<reb>0</reb>
<ast>0</ast>
<stl>0</stl>
<blk>0</blk>
<to>0</to>
<pf>0</pf>
<pam>-1</pam>
<pts>0</pts>
<dnp>false</dnp>
</player>
<player>
<name>Chris Smith</name>
<pos>PG</pos>
<start>false</start>
<min>1</min>
<fgm>0</fgm>
<fga>0</fga>
<tpm>0</tpm>
<tpa>0</tpa>
<ftm>0</ftm>
<fta>0</fta>
<oreb>0</oreb>
<dreb>0</dreb>
<reb>0</reb>
<ast>0</ast>
<stl>0</stl>
<blk>0</blk>
<to>0</to>
<pf>0</pf>
<pam>-1</pam>
<pts>0</pts>
<dnp>false</dnp>
</player>
<player>
<name>Toure' Murry</name>
<pos>SG</pos>
<start>false</start>
<min>27</min>
<fgm>5</fgm>
<fga>11</fga>
<tpm>0</tpm>
<tpa>2</tpa>
<ftm>1</ftm>
<fta>2</fta>
<oreb>0</oreb>
<dreb>3</dreb>
<reb>3</reb>
<ast>6</ast>
<stl>3</stl>
<blk>0</blk>
<to>2</to>
<pf>4</pf>
<pam>+4</pam>
<pts>11</pts>
<dnp>false</dnp>
</player>
<player>
<name>Tim Hardaway Jr.</name>
<pos>SG</pos>
<start>false</start>
<min>28</min>
<fgm>4</fgm>
<fga>11</fga>
<tpm>2</tpm>
<tpa>5</tpa>
<ftm>2</ftm>
<fta>3</fta>
<oreb>0</oreb>
<dreb>1</dreb>
<reb>1</reb>
<ast>0</ast>
<stl>0</stl>
<blk>0</blk>
<to>1</to>
<pf>3</pf>
<pam>-11</pam>
<pts>12</pts>
<dnp>false</dnp>
</player>
<player>
<name>Carmelo Anthony</name>
<pos>SF</pos>
<start>false</start>
<min>0</min>
<fgm>0</fgm>
<fga>0</fga>
<tpm>0</tpm>
<tpa>0</tpa>
<ftm>0</ftm>
<fta>0</fta>
<oreb>0</oreb>
<dreb>0</dreb>
<reb>0</reb>
<ast>0</ast>
<stl>0</stl>
<blk>0</blk>
<to>0</to>
<pf>0</pf>
<pam>0</pam>
<pts>0</pts>
<dnp>true</dnp>
</player>
<home>false</home>
<win>false</win>
<fgm>39</fgm>
<fga>80</fga>
<tpm>7</tpm>
<tpa>21</tpa>
<ftm>15</ftm>
<fta>20</fta>
<oreb>7</oreb>
<dreb>30</dreb>
<reb>37</reb>
<ast>23</ast>
<stl>11</stl>
<blk>4</blk>
<to>14</to>
<pf>26</pf>
<pts>100</pts>
</team>
<team>
<name>Toronto Raptors</name>
<player>
<name>Amir Johnson</name>
<pos>PF</pos>
<start>true</start>
<min>33</min>
<fgm>3</fgm>
<fga>6</fga>
<tpm>0</tpm>
<tpa>2</tpa>
<ftm>2</ftm>
<fta>3</fta>
<oreb>6</oreb>
<dreb>2</dreb>
<reb>8</reb>
<ast>1</ast>
<stl>0</stl>
<blk>4</blk>
<to>3</to>
<pf>3</pf>
<pam>+23</pam>
<pts>8</pts>
<dnp>false</dnp>
</player>
<player>
<name>Terrence Ross</name>
<pos>SF</pos>
<start>true</start>
<min>32</min>
<fgm>8</fgm>
<fga>16</fga>
<tpm>7</tpm>
<tpa>11</tpa>
<ftm>0</ftm>
<fta>0</fta>
<oreb>0</oreb>
<dreb>4</dreb>
<reb>4</reb>
<ast>1</ast>
<stl>2</stl>
<blk>0</blk>
<to>0</to>
<pf>1</pf>
<pam>+9</pam>
<pts>23</pts>
<dnp>false</dnp>
</player>
<player>
<name>Jonas Valanciunas</name>
<pos>C</pos>
<start>true</start>
<min>27</min>
<fgm>1</fgm>
<fga>4</fga>
<tpm>0</tpm>
<tpa>0</tpa>
<ftm>7</ftm>
<fta>8</fta>
<oreb>4</oreb>
<dreb>6</dreb>
<reb>10</reb>
<ast>1</ast>
<stl>0</stl>
<blk>0</blk>
<to>3</to>
<pf>5</pf>
<pam>+18</pam>
<pts>9</pts>
<dnp>false</dnp>
</player>
<player>
<name>Kyle Lowry</name>
<pos>PG</pos>
<start>true</start>
<min>38</min>
<fgm>10</fgm>
<fga>17</fga>
<tpm>4</tpm>
<tpa>7</tpa>
<ftm>8</ftm>
<fta>10</fta>
<oreb>1</oreb>
<dreb>7</dreb>
<reb>8</reb>
<ast>11</ast>
<stl>1</stl>
<blk>0</blk>
<to>1</to>
<pf>3</pf>
<pam>+19</pam>
<pts>32</pts>
<dnp>false</dnp>
</player>
<player>
<name>DeMar DeRozan</name>
<pos>SG</pos>
<start>true</start>
<min>36</min>
<fgm>7</fgm>
<fga>18</fga>
<tpm>0</tpm>
<tpa>3</tpa>
<ftm>6</ftm>
<fta>7</fta>
<oreb>0</oreb>
<dreb>4</dreb>
<reb>4</reb>
<ast>4</ast>
<stl>3</stl>
<blk>0</blk>
<to>3</to>
<pf>3</pf>
<pam>+19</pam>
<pts>20</pts>
<dnp>false</dnp>
</player>
<player>
<name>Tyler Hansbrough</name>
<pos>PF</pos>
<start>false</start>
<min>15</min>
<fgm>0</fgm>
<fga>0</fga>
<tpm>0</tpm>
<tpa>0</tpa>
<ftm>1</ftm>
<fta>2</fta>
<oreb>0</oreb>
<dreb>3</dreb>
<reb>3</reb>
<ast>0</ast>
<stl>0</stl>
<blk>0</blk>
<to>0</to>
<pf>3</pf>
<pam>-8</pam>
<pts>1</pts>
<dnp>false</dnp>
</player>
<player>
<name>Patrick Patterson</name>
<pos>PF</pos>
<start>false</start>
<min>21</min>
<fgm>4</fgm>
<fga>7</fga>
<tpm>1</tpm>
<tpa>1</tpa>
<ftm>0</ftm>
<fta>0</fta>
<oreb>2</oreb>
<dreb>4</dreb>
<reb>6</reb>
<ast>0</ast>
<stl>1</stl>
<blk>0</blk>
<to>0</to>
<pf>3</pf>
<pam>-3</pam>
<pts>9</pts>
<dnp>false</dnp>
</player>
<player>
<name>John Salmons</name>
<pos>SF</pos>
<start>false</start>
<min>23</min>
<fgm>0</fgm>
<fga>4</fga>
<tpm>0</tpm>
<tpa>2</tpa>
<ftm>2</ftm>
<fta>2</fta>
<oreb>0</oreb>
<dreb>2</dreb>
<reb>2</reb>
<ast>4</ast>
<stl>1</stl>
<blk>0</blk>
<to>0</to>
<pf>0</pf>
<pam>+7</pam>
<pts>2</pts>
<dnp>false</dnp>
</player>
<player>
<name>Greivis Vasquez</name>
<pos>PG</pos>
<start>false</start>
<min>15</min>
<fgm>3</fgm>
<fga>8</fga>
<tpm>3</tpm>
<tpa>6</tpa>
<ftm>2</ftm>
<fta>2</fta>
<oreb>0</oreb>
<dreb>0</dreb>
<reb>0</reb>
<ast>1</ast>
<stl>0</stl>
<blk>0</blk>
<to>4</to>
<pf>1</pf>
<pam>-9</pam>
<pts>11</pts>
<dnp>false</dnp>
</player>
<player>
<name>Chuck Hayes</name>
<pos>PF</pos>
<start>false</start>
<min>0</min>
<fgm>0</fgm>
<fga>0</fga>
<tpm>0</tpm>
<tpa>0</tpa>
<ftm>0</ftm>
<fta>0</fta>
<oreb>0</oreb>
<dreb>0</dreb>
<reb>0</reb>
<ast>0</ast>
<stl>0</stl>
<blk>0</blk>
<to>0</to>
<pf>0</pf>
<pam>0</pam>
<pts>0</pts>
<dnp>true</dnp>
</player>
<player>
<name>Landry Fields</name>
<pos>SF</pos>
<start>false</start>
<min>0</min>
<fgm>0</fgm>
<fga>0</fga>
<tpm>0</tpm>
<tpa>0</tpa>
<ftm>0</ftm>
<fta>0</fta>
<oreb>0</oreb>
<dreb>0</dreb>
<reb>0</reb>
<ast>0</ast>
<stl>0</stl>
<blk>0</blk>
<to>0</to>
<pf>0</pf>
<pam>0</pam>
<pts>0</pts>
<dnp>true</dnp>
</player>
<player>
<name>Steve Novak</name>
<pos>SF</pos>
<start>false</start>
<min>0</min>
<fgm>0</fgm>
<fga>0</fga>
<tpm>0</tpm>
<tpa>0</tpa>
<ftm>0</ftm>
<fta>0</fta>
<oreb>0</oreb>
<dreb>0</dreb>
<reb>0</reb>
<ast>0</ast>
<stl>0</stl>
<blk>0</blk>
<to>0</to>
<pf>0</pf>
<pam>0</pam>
<pts>0</pts>
<dnp>true</dnp>
</player>
<home>true</home>
<win>true</win>
<fgm>36</fgm>
<fga>80</fga>
<tpm>15</tpm>
<tpa>32</tpa>
<ftm>28</ftm>
<fta>34</fta>
<oreb>13</oreb>
<dreb>32</dreb>
<reb>45</reb>
<ast>23</ast>
<stl>8</stl>
<blk>4</blk>
<to>14</to>
<pf>22</pf>
<pts>115</pts>
</team>
</game>