<game>
<id>400489081</id>
<date>8:30 PM ET, November 25, 2013</date>
<team>
<name>New Orleans Pelicans</name>
<player>
<name>Anthony Davis</name>
<pos>PF</pos>
<start>true</start>
<min>33</min>
<fgm>3</fgm>
<fga>8</fga>
<tpm>0</tpm>
<tpa>0</tpa>
<ftm>4</ftm>
<fta>4</fta>
<oreb>1</oreb>
<dreb>5</dreb>
<reb>6</reb>
<ast>1</ast>
<stl>1</stl>
<blk>4</blk>
<to>2</to>
<pf>4</pf>
<pam>-20</pam>
<pts>10</pts>
<dnp>false</dnp>
</player>
<player>
<name>Al-Farouq Aminu</name>
<pos>SF</pos>
<start>true</start>
<min>11</min>
<fgm>1</fgm>
<fga>1</fga>
<tpm>0</tpm>
<tpa>0</tpa>
<ftm>0</ftm>
<fta>2</fta>
<oreb>0</oreb>
<dreb>1</dreb>
<reb>1</reb>
<ast>2</ast>
<stl>4</stl>
<blk>0</blk>
<to>1</to>
<pf>0</pf>
<pam>-11</pam>
<pts>2</pts>
<dnp>false</dnp>
</player>
<player>
<name>Jason Smith</name>
<pos>C</pos>
<start>true</start>
<min>22</min>
<fgm>4</fgm>
<fga>9</fga>
<tpm>0</tpm>
<tpa>0</tpa>
<ftm>0</ftm>
<fta>0</fta>
<oreb>1</oreb>
<dreb>6</dreb>
<reb>7</reb>
<ast>2</ast>
<stl>0</stl>
<blk>0</blk>
<to>1</to>
<pf>4</pf>
<pam>-16</pam>
<pts>8</pts>
<dnp>false</dnp>
</player>
<player>
<name>Jrue Holiday</name>
<pos>PG</pos>
<start>true</start>
<min>33</min>
<fgm>6</fgm>
<fga>17</fga>
<tpm>0</tpm>
<tpa>2</tpa>
<ftm>0</ftm>
<fta>0</fta>
<oreb>4</oreb>
<dreb>5</dreb>
<reb>9</reb>
<ast>7</ast>
<stl>3</stl>
<blk>2</blk>
<to>3</to>
<pf>1</pf>
<pam>-21</pam>
<pts>12</pts>
<dnp>false</dnp>
</player>
<player>
<name>Eric Gordon</name>
<pos>SG</pos>
<start>true</start>
<min>19</min>
<fgm>2</fgm>
<fga>9</fga>
<tpm>0</tpm>
<tpa>2</tpa>
<ftm>0</ftm>
<fta>0</fta>
<oreb>0</oreb>
<dreb>0</dreb>
<reb>0</reb>
<ast>2</ast>
<stl>0</stl>
<blk>0</blk>
<to>4</to>
<pf>1</pf>
<pam>-22</pam>
<pts>4</pts>
<dnp>false</dnp>
</player>
<player>
<name>Ryan Anderson</name>
<pos>PF</pos>
<start>false</start>
<min>29</min>
<fgm>6</fgm>
<fga>15</fga>
<tpm>1</tpm>
<tpa>5</tpa>
<ftm>4</ftm>
<fta>4</fta>
<oreb>2</oreb>
<dreb>1</dreb>
<reb>3</reb>
<ast>0</ast>
<stl>0</stl>
<blk>0</blk>
<to>0</to>
<pf>2</pf>
<pam>-20</pam>
<pts>17</pts>
<dnp>false</dnp>
</player>
<player>
<name>Lou Amundson</name>
<pos>PF</pos>
<start>false</start>
<min>8</min>
<fgm>0</fgm>
<fga>3</fga>
<tpm>0</tpm>
<tpa>0</tpa>
<ftm>1</ftm>
<fta>2</fta>
<oreb>3</oreb>
<dreb>2</dreb>
<reb>5</reb>
<ast>0</ast>
<stl>0</stl>
<blk>0</blk>
<to>0</to>
<pf>2</pf>
<pam>+10</pam>
<pts>1</pts>
<dnp>false</dnp>
</player>
<player>
<name>Tyreke Evans</name>
<pos>SF</pos>
<start>false</start>
<min>25</min>
<fgm>5</fgm>
<fga>14</fga>
<tpm>0</tpm>
<tpa>1</tpa>
<ftm>2</ftm>
<fta>2</fta>
<oreb>4</oreb>
<dreb>5</dreb>
<reb>9</reb>
<ast>3</ast>
<stl>1</stl>
<blk>0</blk>
<to>2</to>
<pf>3</pf>
<pam>-14</pam>
<pts>12</pts>
<dnp>false</dnp>
</player>
<player>
<name>Josh Childress</name>
<pos>SF</pos>
<start>false</start>
<min>5</min>
<fgm>0</fgm>
<fga>0</fga>
<tpm>0</tpm>
<tpa>0</tpa>
<ftm>0</ftm>
<fta>0</fta>
<oreb>0</oreb>
<dreb>0</dreb>
<reb>0</reb>
<ast>0</ast>
<stl>1</stl>
<blk>0</blk>
<to>0</to>
<pf>0</pf>
<pam>+8</pam>
<pts>0</pts>
<dnp>false</dnp>
</player>
<player>
<name>Jeff Withey</name>
<pos>C</pos>
<start>false</start>
<min>4</min>
<fgm>1</fgm>
<fga>1</fga>
<tpm>0</tpm>
<tpa>0</tpa>
<ftm>0</ftm>
<fta>0</fta>
<oreb>0</oreb>
<dreb>2</dreb>
<reb>2</reb>
<ast>1</ast>
<stl>1</stl>
<blk>0</blk>
<to>0</to>
<pf>0</pf>
<pam>+8</pam>
<pts>2</pts>
<dnp>false</dnp>
</player>
<player>
<name>Brian Roberts</name>
<pos>PG</pos>
<start>false</start>
<min>9</min>
<fgm>2</fgm>
<fga>5</fga>
<tpm>0</tpm>
<tpa>1</tpa>
<ftm>2</ftm>
<fta>2</fta>
<oreb>0</oreb>
<dreb>1</dreb>
<reb>1</reb>
<ast>0</ast>
<stl>0</stl>
<blk>0</blk>
<to>1</to>
<pf>0</pf>
<pam>+10</pam>
<pts>6</pts>
<dnp>false</dnp>
</player>
<player>
<name>Anthony Morrow</name>
<pos>SG</pos>
<start>false</start>
<min>26</min>
<fgm>4</fgm>
<fga>10</fga>
<tpm>1</tpm>
<tpa>4</tpa>
<ftm>0</ftm>
<fta>0</fta>
<oreb>1</oreb>
<dreb>3</dreb>
<reb>4</reb>
<ast>1</ast>
<stl>0</stl>
<blk>0</blk>
<to>0</to>
<pf>1</pf>
<pam>-9</pam>
<pts>9</pts>
<dnp>false</dnp>
</player>
<home>false</home>
<win>false</win>
<fgm>37</fgm>
<fga>97</fga>
<tpm>2</tpm>
<tpa>15</tpa>
<ftm>17</ftm>
<fta>20</fta>
<oreb>17</oreb>
<dreb>31</dreb>
<reb>48</reb>
<ast>21</ast>
<stl>11</stl>
<blk>6</blk>
<to>15</to>
<pf>18</pf>
<pts>93</pts>
</team>
<team>
<name>San Antonio Spurs</name>
<player>
<name>Tim Duncan</name>
<pos>PF</pos>
<start>true</start>
<min>25</min>
<fgm>4</fgm>
<fga>8</fga>
<tpm>0</tpm>
<tpa>0</tpa>
<ftm>2</ftm>
<fta>4</fta>
<oreb>1</oreb>
<dreb>4</dreb>
<reb>5</reb>
<ast>3</ast>
<stl>1</stl>
<blk>3</blk>
<to>3</to>
<pf>0</pf>
<pam>+17</pam>
<pts>10</pts>
<dnp>false</dnp>
</player>
<player>
<name>Kawhi Leonard</name>
<pos>SF</pos>
<start>true</start>
<min>21</min>
<fgm>3</fgm>
<fga>8</fga>
<tpm>0</tpm>
<tpa>1</tpa>
<ftm>1</ftm>
<fta>1</fta>
<oreb>2</oreb>
<dreb>9</dreb>
<reb>11</reb>
<ast>1</ast>
<stl>2</stl>
<blk>0</blk>
<to>1</to>
<pf>1</pf>
<pam>+12</pam>
<pts>7</pts>
<dnp>false</dnp>
</player>
<player>
<name>Tiago Splitter</name>
<pos>C</pos>
<start>true</start>
<min>13</min>
<fgm>5</fgm>
<fga>6</fga>
<tpm>0</tpm>
<tpa>0</tpa>
<ftm>1</ftm>
<fta>1</fta>
<oreb>3</oreb>
<dreb>3</dreb>
<reb>6</reb>
<ast>1</ast>
<stl>0</stl>
<blk>1</blk>
<to>1</to>
<pf>1</pf>
<pam>+5</pam>
<pts>11</pts>
<dnp>false</dnp>
</player>
<player>
<name>Tony Parker</name>
<pos>PG</pos>
<start>true</start>
<min>25</min>
<fgm>5</fgm>
<fga>8</fga>
<tpm>0</tpm>
<tpa>0</tpa>
<ftm>4</ftm>
<fta>4</fta>
<oreb>0</oreb>
<dreb>2</dreb>
<reb>2</reb>
<ast>7</ast>
<stl>1</stl>
<blk>0</blk>
<to>2</to>
<pf>1</pf>
<pam>+17</pam>
<pts>14</pts>
<dnp>false</dnp>
</player>
<player>
<name>Danny Green</name>
<pos>SG</pos>
<start>true</start>
<min>20</min>
<fgm>2</fgm>
<fga>6</fga>
<tpm>1</tpm>
<tpa>3</tpa>
<ftm>0</ftm>
<fta>0</fta>
<oreb>0</oreb>
<dreb>0</dreb>
<reb>0</reb>
<ast>2</ast>
<stl>5</stl>
<blk>1</blk>
<to>2</to>
<pf>0</pf>
<pam>+12</pam>
<pts>5</pts>
<dnp>false</dnp>
</player>
<player>
<name>Matt Bonner</name>
<pos>PF</pos>
<start>false</start>
<min>13</min>
<fgm>1</fgm>
<fga>3</fga>
<tpm>0</tpm>
<tpa>1</tpa>
<ftm>0</ftm>
<fta>0</fta>
<oreb>0</oreb>
<dreb>1</dreb>
<reb>1</reb>
<ast>1</ast>
<stl>0</stl>
<blk>0</blk>
<to>0</to>
<pf>2</pf>
<pam>-4</pam>
<pts>2</pts>
<dnp>false</dnp>
</player>
<player>
<name>Boris Diaw</name>
<pos>PF</pos>
<start>false</start>
<min>31</min>
<fgm>5</fgm>
<fga>11</fga>
<tpm>0</tpm>
<tpa>2</tpa>
<ftm>3</ftm>
<fta>4</fta>
<oreb>0</oreb>
<dreb>5</dreb>
<reb>5</reb>
<ast>2</ast>
<stl>1</stl>
<blk>0</blk>
<to>1</to>
<pf>3</pf>
<pam>+8</pam>
<pts>13</pts>
<dnp>false</dnp>
</player>
<player>
<name>Jeff Ayres</name>
<pos>C</pos>
<start>false</start>
<min>14</min>
<fgm>1</fgm>
<fga>2</fga>
<tpm>0</tpm>
<tpa>0</tpa>
<ftm>0</ftm>
<fta>2</fta>
<oreb>0</oreb>
<dreb>2</dreb>
<reb>2</reb>
<ast>1</ast>
<stl>0</stl>
<blk>0</blk>
<to>1</to>
<pf>2</pf>
<pam>+12</pam>
<pts>2</pts>
<dnp>false</dnp>
</player>
<player>
<name>Patty Mills</name>
<pos>PG</pos>
<start>false</start>
<min>22</min>
<fgm>5</fgm>
<fga>10</fga>
<tpm>1</tpm>
<tpa>5</tpa>
<ftm>1</ftm>
<fta>1</fta>
<oreb>1</oreb>
<dreb>0</dreb>
<reb>1</reb>
<ast>2</ast>
<stl>1</stl>
<blk>1</blk>
<to>1</to>
<pf>3</pf>
<pam>-3</pam>
<pts>12</pts>
<dnp>false</dnp>
</player>
<player>
<name>Cory Joseph</name>
<pos>PG</pos>
<start>false</start>
<min>10</min>
<fgm>2</fgm>
<fga>3</fga>
<tpm>0</tpm>
<tpa>0</tpa>
<ftm>2</ftm>
<fta>2</fta>
<oreb>0</oreb>
<dreb>3</dreb>
<reb>3</reb>
<ast>2</ast>
<stl>0</stl>
<blk>0</blk>
<to>1</to>
<pf>0</pf>
<pam>-5</pam>
<pts>6</pts>
<dnp>false</dnp>
</player>
<player>
<name>Nando de Colo</name>
<pos>PG</pos>
<start>false</start>
<min>6</min>
<fgm>0</fgm>
<fga>2</fga>
<tpm>0</tpm>
<tpa>2</tpa>
<ftm>0</ftm>
<fta>0</fta>
<oreb>0</oreb>
<dreb>1</dreb>
<reb>1</reb>
<ast>0</ast>
<stl>1</stl>
<blk>0</blk>
<to>3</to>
<pf>1</pf>
<pam>-8</pam>
<pts>0</pts>
<dnp>false</dnp>
</player>
<player>
<name>Manu Ginobili</name>
<pos>SG</pos>
<start>false</start>
<min>19</min>
<fgm>6</fgm>
<fga>7</fga>
<tpm>4</tpm>
<tpa>5</tpa>
<ftm>0</ftm>
<fta>0</fta>
<oreb>0</oreb>
<dreb>5</dreb>
<reb>5</reb>
<ast>6</ast>
<stl>0</stl>
<blk>0</blk>
<to>2</to>
<pf>2</pf>
<pam>+17</pam>
<pts>16</pts>
<dnp>false</dnp>
</player>
<home>true</home>
<win>true</win>
<fgm>44</fgm>
<fga>81</fga>
<tpm>10</tpm>
<tpa>25</tpa>
<ftm>14</ftm>
<fta>19</fta>
<oreb>7</oreb>
<dreb>38</dreb>
<reb>45</reb>
<ast>30</ast>
<stl>12</stl>
<blk>7</blk>
<to>19</to>
<pf>18</pf>
<pts>112</pts>
</team>
</game>