<game>
<id>400489299</id>
<date>10:30 PM ET, December 26, 2013</date>
<team>
<name>Los Angeles Clippers</name>
<player>
<name>Blake Griffin</name>
<pos>PF</pos>
<start>true</start>
<min>41</min>
<fgm>15</fgm>
<fga>27</fga>
<tpm>1</tpm>
<tpa>1</tpa>
<ftm>4</ftm>
<fta>5</fta>
<oreb>3</oreb>
<dreb>8</dreb>
<reb>11</reb>
<ast>1</ast>
<stl>1</stl>
<blk>2</blk>
<to>2</to>
<pf>2</pf>
<pam>+6</pam>
<pts>35</pts>
<dnp>false</dnp>
</player>
<player>
<name>Jared Dudley</name>
<pos>SF</pos>
<start>true</start>
<min>20</min>
<fgm>0</fgm>
<fga>3</fga>
<tpm>0</tpm>
<tpa>2</tpa>
<ftm>0</ftm>
<fta>0</fta>
<oreb>0</oreb>
<dreb>2</dreb>
<reb>2</reb>
<ast>2</ast>
<stl>1</stl>
<blk>0</blk>
<to>1</to>
<pf>1</pf>
<pam>-3</pam>
<pts>0</pts>
<dnp>false</dnp>
</player>
<player>
<name>DeAndre Jordan</name>
<pos>C</pos>
<start>true</start>
<min>42</min>
<fgm>1</fgm>
<fga>6</fga>
<tpm>0</tpm>
<tpa>0</tpa>
<ftm>0</ftm>
<fta>2</fta>
<oreb>5</oreb>
<dreb>14</dreb>
<reb>19</reb>
<ast>1</ast>
<stl>1</stl>
<blk>2</blk>
<to>0</to>
<pf>6</pf>
<pam>+9</pam>
<pts>2</pts>
<dnp>false</dnp>
</player>
<player>
<name>Chris Paul</name>
<pos>PG</pos>
<start>true</start>
<min>45</min>
<fgm>16</fgm>
<fga>29</fga>
<tpm>2</tpm>
<tpa>3</tpa>
<ftm>0</ftm>
<fta>1</fta>
<oreb>0</oreb>
<dreb>3</dreb>
<reb>3</reb>
<ast>16</ast>
<stl>6</stl>
<blk>0</blk>
<to>1</to>
<pf>1</pf>
<pam>+10</pam>
<pts>34</pts>
<dnp>false</dnp>
</player>
<player>
<name>Jamal Crawford</name>
<pos>SG</pos>
<start>true</start>
<min>43</min>
<fgm>8</fgm>
<fga>21</fga>
<tpm>4</tpm>
<tpa>8</tpa>
<ftm>1</ftm>
<fta>2</fta>
<oreb>0</oreb>
<dreb>2</dreb>
<reb>2</reb>
<ast>2</ast>
<stl>1</stl>
<blk>0</blk>
<to>0</to>
<pf>4</pf>
<pam>+2</pam>
<pts>21</pts>
<dnp>false</dnp>
</player>
<player>
<name>Antawn Jamison</name>
<pos>PF</pos>
<start>false</start>
<min>10</min>
<fgm>0</fgm>
<fga>4</fga>
<tpm>0</tpm>
<tpa>3</tpa>
<ftm>0</ftm>
<fta>0</fta>
<oreb>0</oreb>
<dreb>1</dreb>
<reb>1</reb>
<ast>0</ast>
<stl>0</stl>
<blk>0</blk>
<to>0</to>
<pf>0</pf>
<pam>-10</pam>
<pts>0</pts>
<dnp>false</dnp>
</player>
<player>
<name>Matt Barnes</name>
<pos>SF</pos>
<start>false</start>
<min>23</min>
<fgm>5</fgm>
<fga>10</fga>
<tpm>1</tpm>
<tpa>3</tpa>
<ftm>1</ftm>
<fta>2</fta>
<oreb>2</oreb>
<dreb>3</dreb>
<reb>5</reb>
<ast>0</ast>
<stl>0</stl>
<blk>0</blk>
<to>1</to>
<pf>6</pf>
<pam>-11</pam>
<pts>12</pts>
<dnp>false</dnp>
</player>
<player>
<name>Ryan Hollins</name>
<pos>C</pos>
<start>false</start>
<min>9</min>
<fgm>1</fgm>
<fga>1</fga>
<tpm>0</tpm>
<tpa>0</tpa>
<ftm>0</ftm>
<fta>0</fta>
<oreb>1</oreb>
<dreb>2</dreb>
<reb>3</reb>
<ast>0</ast>
<stl>1</stl>
<blk>1</blk>
<to>0</to>
<pf>1</pf>
<pam>-12</pam>
<pts>2</pts>
<dnp>false</dnp>
</player>
<player>
<name>Darren Collison</name>
<pos>PG</pos>
<start>false</start>
<min>24</min>
<fgm>3</fgm>
<fga>8</fga>
<tpm>0</tpm>
<tpa>0</tpa>
<ftm>0</ftm>
<fta>0</fta>
<oreb>0</oreb>
<dreb>1</dreb>
<reb>1</reb>
<ast>2</ast>
<stl>0</stl>
<blk>0</blk>
<to>0</to>
<pf>1</pf>
<pam>-2</pam>
<pts>6</pts>
<dnp>false</dnp>
</player>
<player>
<name>Willie Green</name>
<pos>SG</pos>
<start>false</start>
<min>8</min>
<fgm>0</fgm>
<fga>1</fga>
<tpm>0</tpm>
<tpa>0</tpa>
<ftm>0</ftm>
<fta>0</fta>
<oreb>1</oreb>
<dreb>0</dreb>
<reb>1</reb>
<ast>0</ast>
<stl>0</stl>
<blk>0</blk>
<to>0</to>
<pf>0</pf>
<pam>-9</pam>
<pts>0</pts>
<dnp>false</dnp>
</player>
<player>
<name>Stephen Jackson</name>
<pos>SF</pos>
<start>false</start>
<min>0</min>
<fgm>0</fgm>
<fga>0</fga>
<tpm>0</tpm>
<tpa>0</tpa>
<ftm>0</ftm>
<fta>0</fta>
<oreb>0</oreb>
<dreb>0</dreb>
<reb>0</reb>
<ast>0</ast>
<stl>0</stl>
<blk>0</blk>
<to>0</to>
<pf>0</pf>
<pam>0</pam>
<pts>0</pts>
<dnp>true</dnp>
</player>
<player>
<name>Byron Mullens</name>
<pos>C</pos>
<start>false</start>
<min>0</min>
<fgm>0</fgm>
<fga>0</fga>
<tpm>0</tpm>
<tpa>0</tpa>
<ftm>0</ftm>
<fta>0</fta>
<oreb>0</oreb>
<dreb>0</dreb>
<reb>0</reb>
<ast>0</ast>
<stl>0</stl>
<blk>0</blk>
<to>0</to>
<pf>0</pf>
<pam>0</pam>
<pts>0</pts>
<dnp>true</dnp>
</player>
<home>false</home>
<win>false</win>
<fgm>49</fgm>
<fga>110</fga>
<tpm>8</tpm>
<tpa>20</tpa>
<ftm>6</ftm>
<fta>12</fta>
<oreb>12</oreb>
<dreb>36</dreb>
<reb>48</reb>
<ast>24</ast>
<stl>11</stl>
<blk>5</blk>
<to>5</to>
<pf>22</pf>
<pts>112</pts>
</team>
<team>
<name>Portland Trail Blazers</name>
<player>
<name>LaMarcus Aldridge</name>
<pos>PF</pos>
<start>true</start>
<min>40</min>
<fgm>15</fgm>
<fga>31</fga>
<tpm>0</tpm>
<tpa>1</tpa>
<ftm>2</ftm>
<fta>2</fta>
<oreb>3</oreb>
<dreb>7</dreb>
<reb>10</reb>
<ast>4</ast>
<stl>0</stl>
<blk>0</blk>
<to>0</to>
<pf>4</pf>
<pam>+10</pam>
<pts>32</pts>
<dnp>false</dnp>
</player>
<player>
<name>Nicolas Batum</name>
<pos>SF</pos>
<start>true</start>
<min>41</min>
<fgm>6</fgm>
<fga>11</fga>
<tpm>2</tpm>
<tpa>6</tpa>
<ftm>5</ftm>
<fta>5</fta>
<oreb>2</oreb>
<dreb>5</dreb>
<reb>7</reb>
<ast>3</ast>
<stl>1</stl>
<blk>1</blk>
<to>5</to>
<pf>0</pf>
<pam>-5</pam>
<pts>19</pts>
<dnp>false</dnp>
</player>
<player>
<name>Robin Lopez</name>
<pos>C</pos>
<start>true</start>
<min>40</min>
<fgm>4</fgm>
<fga>8</fga>
<tpm>0</tpm>
<tpa>0</tpa>
<ftm>3</ftm>
<fta>4</fta>
<oreb>7</oreb>
<dreb>8</dreb>
<reb>15</reb>
<ast>1</ast>
<stl>1</stl>
<blk>1</blk>
<to>2</to>
<pf>0</pf>
<pam>+2</pam>
<pts>11</pts>
<dnp>false</dnp>
</player>
<player>
<name>Damian Lillard</name>
<pos>PG</pos>
<start>true</start>
<min>41</min>
<fgm>4</fgm>
<fga>12</fga>
<tpm>2</tpm>
<tpa>5</tpa>
<ftm>4</ftm>
<fta>5</fta>
<oreb>0</oreb>
<dreb>5</dreb>
<reb>5</reb>
<ast>4</ast>
<stl>0</stl>
<blk>0</blk>
<to>4</to>
<pf>1</pf>
<pam>+5</pam>
<pts>14</pts>
<dnp>false</dnp>
</player>
<player>
<name>Wesley Matthews</name>
<pos>SG</pos>
<start>true</start>
<min>38</min>
<fgm>5</fgm>
<fga>12</fga>
<tpm>4</tpm>
<tpa>10</tpa>
<ftm>5</ftm>
<fta>6</fta>
<oreb>0</oreb>
<dreb>7</dreb>
<reb>7</reb>
<ast>6</ast>
<stl>0</stl>
<blk>0</blk>
<to>3</to>
<pf>1</pf>
<pam>-9</pam>
<pts>19</pts>
<dnp>false</dnp>
</player>
<player>
<name>Dorell Wright</name>
<pos>SF</pos>
<start>false</start>
<min>15</min>
<fgm>2</fgm>
<fga>6</fga>
<tpm>1</tpm>
<tpa>4</tpa>
<ftm>0</ftm>
<fta>0</fta>
<oreb>0</oreb>
<dreb>0</dreb>
<reb>0</reb>
<ast>2</ast>
<stl>0</stl>
<blk>0</blk>
<to>0</to>
<pf>0</pf>
<pam>+13</pam>
<pts>5</pts>
<dnp>false</dnp>
</player>
<player>
<name>Meyers Leonard</name>
<pos>C</pos>
<start>false</start>
<min>13</min>
<fgm>1</fgm>
<fga>3</fga>
<tpm>0</tpm>
<tpa>1</tpa>
<ftm>0</ftm>
<fta>0</fta>
<oreb>0</oreb>
<dreb>7</dreb>
<reb>7</reb>
<ast>1</ast>
<stl>0</stl>
<blk>0</blk>
<to>0</to>
<pf>2</pf>
<pam>-6</pam>
<pts>2</pts>
<dnp>false</dnp>
</player>
<player>
<name>Joel Freeland</name>
<pos>C</pos>
<start>false</start>
<min>12</min>
<fgm>1</fgm>
<fga>3</fga>
<tpm>0</tpm>
<tpa>0</tpa>
<ftm>0</ftm>
<fta>0</fta>
<oreb>3</oreb>
<dreb>5</dreb>
<reb>8</reb>
<ast>0</ast>
<stl>0</stl>
<blk>0</blk>
<to>0</to>
<pf>0</pf>
<pam>-3</pam>
<pts>2</pts>
<dnp>false</dnp>
</player>
<player>
<name>Mo Williams</name>
<pos>PG</pos>
<start>false</start>
<min>24</min>
<fgm>4</fgm>
<fga>10</fga>
<tpm>4</tpm>
<tpa>9</tpa>
<ftm>0</ftm>
<fta>0</fta>
<oreb>0</oreb>
<dreb>1</dreb>
<reb>1</reb>
<ast>8</ast>
<stl>0</stl>
<blk>0</blk>
<to>2</to>
<pf>2</pf>
<pam>+13</pam>
<pts>12</pts>
<dnp>false</dnp>
</player>
<player>
<name>Thomas Robinson</name>
<pos>PF</pos>
<start>false</start>
<min>0</min>
<fgm>0</fgm>
<fga>0</fga>
<tpm>0</tpm>
<tpa>0</tpa>
<ftm>0</ftm>
<fta>0</fta>
<oreb>0</oreb>
<dreb>0</dreb>
<reb>0</reb>
<ast>0</ast>
<stl>0</stl>
<blk>0</blk>
<to>0</to>
<pf>0</pf>
<pam>0</pam>
<pts>0</pts>
<dnp>true</dnp>
</player>
<player>
<name>Earl Watson</name>
<pos>PG</pos>
<start>false</start>
<min>0</min>
<fgm>0</fgm>
<fga>0</fga>
<tpm>0</tpm>
<tpa>0</tpa>
<ftm>0</ftm>
<fta>0</fta>
<oreb>0</oreb>
<dreb>0</dreb>
<reb>0</reb>
<ast>0</ast>
<stl>0</stl>
<blk>0</blk>
<to>0</to>
<pf>0</pf>
<pam>0</pam>
<pts>0</pts>
<dnp>true</dnp>
</player>
<player>
<name>Allen Crabbe</name>
<pos>SG</pos>
<start>false</start>
<min>0</min>
<fgm>0</fgm>
<fga>0</fga>
<tpm>0</tpm>
<tpa>0</tpa>
<ftm>0</ftm>
<fta>0</fta>
<oreb>0</oreb>
<dreb>0</dreb>
<reb>0</reb>
<ast>0</ast>
<stl>0</stl>
<blk>0</blk>
<to>0</to>
<pf>0</pf>
<pam>0</pam>
<pts>0</pts>
<dnp>true</dnp>
</player>
<home>true</home>
<win>true</win>
<fgm>42</fgm>
<fga>96</fga>
<tpm>13</tpm>
<tpa>36</tpa>
<ftm>19</ftm>
<fta>22</fta>
<oreb>15</oreb>
<dreb>45</dreb>
<reb>60</reb>
<ast>29</ast>
<stl>2</stl>
<blk>2</blk>
<to>16</to>
<pf>10</pf>
<pts>116</pts>
</team>
</game>