<game>
<id>400488919</id>
<date>9:30 PM ET, November 3, 2013</date>
<team>
<name>Atlanta Hawks</name>
<player>
<name>Paul Millsap</name>
<pos>PF</pos>
<start>true</start>
<min>29</min>
<fgm>4</fgm>
<fga>9</fga>
<tpm>0</tpm>
<tpa>0</tpa>
<ftm>6</ftm>
<fta>10</fta>
<oreb>3</oreb>
<dreb>4</dreb>
<reb>7</reb>
<ast>4</ast>
<stl>1</stl>
<blk>1</blk>
<to>1</to>
<pf>4</pf>
<pam>+3</pam>
<pts>14</pts>
<dnp>false</dnp>
</player>
<player>
<name>DeMarre Carroll</name>
<pos>SF</pos>
<start>true</start>
<min>19</min>
<fgm>2</fgm>
<fga>5</fga>
<tpm>0</tpm>
<tpa>3</tpa>
<ftm>1</ftm>
<fta>2</fta>
<oreb>0</oreb>
<dreb>3</dreb>
<reb>3</reb>
<ast>3</ast>
<stl>0</stl>
<blk>0</blk>
<to>1</to>
<pf>4</pf>
<pam>-3</pam>
<pts>5</pts>
<dnp>false</dnp>
</player>
<player>
<name>Al Horford</name>
<pos>C</pos>
<start>true</start>
<min>34</min>
<fgm>5</fgm>
<fga>12</fga>
<tpm>0</tpm>
<tpa>0</tpa>
<ftm>2</ftm>
<fta>4</fta>
<oreb>3</oreb>
<dreb>13</dreb>
<reb>16</reb>
<ast>2</ast>
<stl>2</stl>
<blk>1</blk>
<to>4</to>
<pf>4</pf>
<pam>-4</pam>
<pts>12</pts>
<dnp>false</dnp>
</player>
<player>
<name>Jeff Teague</name>
<pos>PG</pos>
<start>true</start>
<min>33</min>
<fgm>7</fgm>
<fga>18</fga>
<tpm>0</tpm>
<tpa>3</tpa>
<ftm>0</ftm>
<fta>0</fta>
<oreb>1</oreb>
<dreb>5</dreb>
<reb>6</reb>
<ast>4</ast>
<stl>2</stl>
<blk>0</blk>
<to>2</to>
<pf>1</pf>
<pam>-4</pam>
<pts>14</pts>
<dnp>false</dnp>
</player>
<player>
<name>Kyle Korver</name>
<pos>SG</pos>
<start>true</start>
<min>37</min>
<fgm>8</fgm>
<fga>10</fga>
<tpm>6</tpm>
<tpa>6</tpa>
<ftm>0</ftm>
<fta>0</fta>
<oreb>0</oreb>
<dreb>2</dreb>
<reb>2</reb>
<ast>4</ast>
<stl>2</stl>
<blk>1</blk>
<to>0</to>
<pf>3</pf>
<pam>+12</pam>
<pts>22</pts>
<dnp>false</dnp>
</player>
<player>
<name>Cartier Martin</name>
<pos>PF</pos>
<start>false</start>
<min>28</min>
<fgm>3</fgm>
<fga>7</fga>
<tpm>3</tpm>
<tpa>6</tpa>
<ftm>0</ftm>
<fta>0</fta>
<oreb>0</oreb>
<dreb>4</dreb>
<reb>4</reb>
<ast>3</ast>
<stl>0</stl>
<blk>0</blk>
<to>1</to>
<pf>4</pf>
<pam>+6</pam>
<pts>9</pts>
<dnp>false</dnp>
</player>
<player>
<name>Elton Brand</name>
<pos>PF</pos>
<start>false</start>
<min>4</min>
<fgm>0</fgm>
<fga>0</fga>
<tpm>0</tpm>
<tpa>0</tpa>
<ftm>0</ftm>
<fta>2</fta>
<oreb>1</oreb>
<dreb>0</dreb>
<reb>1</reb>
<ast>1</ast>
<stl>0</stl>
<blk>0</blk>
<to>0</to>
<pf>0</pf>
<pam>-6</pam>
<pts>0</pts>
<dnp>false</dnp>
</player>
<player>
<name>Mike Scott</name>
<pos>PF</pos>
<start>false</start>
<min>22</min>
<fgm>5</fgm>
<fga>13</fga>
<tpm>0</tpm>
<tpa>1</tpa>
<ftm>3</ftm>
<fta>4</fta>
<oreb>1</oreb>
<dreb>4</dreb>
<reb>5</reb>
<ast>1</ast>
<stl>1</stl>
<blk>0</blk>
<to>1</to>
<pf>1</pf>
<pam>-7</pam>
<pts>13</pts>
<dnp>false</dnp>
</player>
<player>
<name>Pero Antic</name>
<pos>C</pos>
<start>false</start>
<min>8</min>
<fgm>1</fgm>
<fga>3</fga>
<tpm>0</tpm>
<tpa>1</tpa>
<ftm>0</ftm>
<fta>0</fta>
<oreb>1</oreb>
<dreb>3</dreb>
<reb>4</reb>
<ast>0</ast>
<stl>1</stl>
<blk>0</blk>
<to>0</to>
<pf>0</pf>
<pam>+10</pam>
<pts>2</pts>
<dnp>false</dnp>
</player>
<player>
<name>Dennis Schroder</name>
<pos>PG</pos>
<start>false</start>
<min>22</min>
<fgm>4</fgm>
<fga>11</fga>
<tpm>0</tpm>
<tpa>2</tpa>
<ftm>2</ftm>
<fta>4</fta>
<oreb>0</oreb>
<dreb>3</dreb>
<reb>3</reb>
<ast>4</ast>
<stl>0</stl>
<blk>0</blk>
<to>1</to>
<pf>1</pf>
<pam>-7</pam>
<pts>10</pts>
<dnp>false</dnp>
</player>
<player>
<name>John Jenkins</name>
<pos>SG</pos>
<start>false</start>
<min>6</min>
<fgm>1</fgm>
<fga>2</fga>
<tpm>0</tpm>
<tpa>0</tpa>
<ftm>0</ftm>
<fta>0</fta>
<oreb>0</oreb>
<dreb>1</dreb>
<reb>1</reb>
<ast>0</ast>
<stl>0</stl>
<blk>0</blk>
<to>0</to>
<pf>0</pf>
<pam>-10</pam>
<pts>2</pts>
<dnp>false</dnp>
</player>
<player>
<name>Shelvin Mack</name>
<pos>PG</pos>
<start>false</start>
<min>0</min>
<fgm>0</fgm>
<fga>0</fga>
<tpm>0</tpm>
<tpa>0</tpa>
<ftm>0</ftm>
<fta>0</fta>
<oreb>0</oreb>
<dreb>0</dreb>
<reb>0</reb>
<ast>0</ast>
<stl>0</stl>
<blk>0</blk>
<to>0</to>
<pf>0</pf>
<pam>0</pam>
<pts>0</pts>
<dnp>true</dnp>
</player>
<home>false</home>
<win>false</win>
<fgm>40</fgm>
<fga>90</fga>
<tpm>9</tpm>
<tpa>22</tpa>
<ftm>14</ftm>
<fta>26</fta>
<oreb>10</oreb>
<dreb>42</dreb>
<reb>52</reb>
<ast>26</ast>
<stl>9</stl>
<blk>3</blk>
<to>11</to>
<pf>22</pf>
<pts>103</pts>
</team>
<team>
<name>Los Angeles Lakers</name>
<player>
<name>Pau Gasol</name>
<pos>PF</pos>
<start>true</start>
<min>28</min>
<fgm>5</fgm>
<fga>18</fga>
<tpm>1</tpm>
<tpa>2</tpa>
<ftm>5</ftm>
<fta>7</fta>
<oreb>0</oreb>
<dreb>13</dreb>
<reb>13</reb>
<ast>2</ast>
<stl>0</stl>
<blk>1</blk>
<to>3</to>
<pf>1</pf>
<pam>-2</pam>
<pts>16</pts>
<dnp>false</dnp>
</player>
<player>
<name>Shawne Williams</name>
<pos>SF</pos>
<start>true</start>
<min>18</min>
<fgm>3</fgm>
<fga>5</fga>
<tpm>1</tpm>
<tpa>2</tpa>
<ftm>0</ftm>
<fta>0</fta>
<oreb>1</oreb>
<dreb>3</dreb>
<reb>4</reb>
<ast>0</ast>
<stl>1</stl>
<blk>1</blk>
<to>1</to>
<pf>6</pf>
<pam>+3</pam>
<pts>7</pts>
<dnp>false</dnp>
</player>
<player>
<name>Xavier Henry</name>
<pos>SF</pos>
<start>true</start>
<min>26</min>
<fgm>5</fgm>
<fga>11</fga>
<tpm>2</tpm>
<tpa>4</tpa>
<ftm>6</ftm>
<fta>8</fta>
<oreb>0</oreb>
<dreb>0</dreb>
<reb>0</reb>
<ast>1</ast>
<stl>0</stl>
<blk>0</blk>
<to>1</to>
<pf>1</pf>
<pam>+4</pam>
<pts>18</pts>
<dnp>false</dnp>
</player>
<player>
<name>Steve Nash</name>
<pos>PG</pos>
<start>true</start>
<min>29</min>
<fgm>5</fgm>
<fga>13</fga>
<tpm>1</tpm>
<tpa>2</tpa>
<ftm>2</ftm>
<fta>2</fta>
<oreb>0</oreb>
<dreb>3</dreb>
<reb>3</reb>
<ast>6</ast>
<stl>1</stl>
<blk>0</blk>
<to>0</to>
<pf>2</pf>
<pam>-2</pam>
<pts>13</pts>
<dnp>false</dnp>
</player>
<player>
<name>Steve Blake</name>
<pos>PG</pos>
<start>true</start>
<min>32</min>
<fgm>1</fgm>
<fga>5</fga>
<tpm>1</tpm>
<tpa>4</tpa>
<ftm>0</ftm>
<fta>0</fta>
<oreb>1</oreb>
<dreb>4</dreb>
<reb>5</reb>
<ast>7</ast>
<stl>0</stl>
<blk>0</blk>
<to>0</to>
<pf>1</pf>
<pam>-2</pam>
<pts>3</pts>
<dnp>false</dnp>
</player>
<player>
<name>Jordan Hill</name>
<pos>PF</pos>
<start>false</start>
<min>14</min>
<fgm>2</fgm>
<fga>2</fga>
<tpm>0</tpm>
<tpa>0</tpa>
<ftm>2</ftm>
<fta>2</fta>
<oreb>1</oreb>
<dreb>4</dreb>
<reb>5</reb>
<ast>1</ast>
<stl>0</stl>
<blk>1</blk>
<to>1</to>
<pf>2</pf>
<pam>-1</pam>
<pts>6</pts>
<dnp>false</dnp>
</player>
<player>
<name>Wesley Johnson</name>
<pos>SF</pos>
<start>false</start>
<min>21</min>
<fgm>3</fgm>
<fga>6</fga>
<tpm>0</tpm>
<tpa>1</tpa>
<ftm>3</ftm>
<fta>3</fta>
<oreb>3</oreb>
<dreb>4</dreb>
<reb>7</reb>
<ast>0</ast>
<stl>0</stl>
<blk>3</blk>
<to>0</to>
<pf>5</pf>
<pam>0</pam>
<pts>9</pts>
<dnp>false</dnp>
</player>
<player>
<name>Nick Young</name>
<pos>SF</pos>
<start>false</start>
<min>21</min>
<fgm>5</fgm>
<fga>9</fga>
<tpm>1</tpm>
<tpa>4</tpa>
<ftm>2</ftm>
<fta>2</fta>
<oreb>0</oreb>
<dreb>4</dreb>
<reb>4</reb>
<ast>4</ast>
<stl>0</stl>
<blk>0</blk>
<to>0</to>
<pf>0</pf>
<pam>+2</pam>
<pts>13</pts>
<dnp>false</dnp>
</player>
<player>
<name>Chris Kaman</name>
<pos>C</pos>
<start>false</start>
<min>16</min>
<fgm>5</fgm>
<fga>7</fga>
<tpm>0</tpm>
<tpa>0</tpa>
<ftm>0</ftm>
<fta>0</fta>
<oreb>0</oreb>
<dreb>5</dreb>
<reb>5</reb>
<ast>1</ast>
<stl>0</stl>
<blk>1</blk>
<to>3</to>
<pf>5</pf>
<pam>+4</pam>
<pts>10</pts>
<dnp>false</dnp>
</player>
<player>
<name>Jordan Farmar</name>
<pos>PG</pos>
<start>false</start>
<min>19</min>
<fgm>2</fgm>
<fga>8</fga>
<tpm>1</tpm>
<tpa>4</tpa>
<ftm>0</ftm>
<fta>0</fta>
<oreb>0</oreb>
<dreb>5</dreb>
<reb>5</reb>
<ast>3</ast>
<stl>2</stl>
<blk>0</blk>
<to>4</to>
<pf>1</pf>
<pam>+4</pam>
<pts>5</pts>
<dnp>false</dnp>
</player>
<player>
<name>Jodie Meeks</name>
<pos>SG</pos>
<start>false</start>
<min>17</min>
<fgm>2</fgm>
<fga>5</fga>
<tpm>1</tpm>
<tpa>2</tpa>
<ftm>0</ftm>
<fta>0</fta>
<oreb>0</oreb>
<dreb>2</dreb>
<reb>2</reb>
<ast>2</ast>
<stl>1</stl>
<blk>0</blk>
<to>0</to>
<pf>0</pf>
<pam>0</pam>
<pts>5</pts>
<dnp>false</dnp>
</player>
<player>
<name>Elias Harris</name>
<pos>SF</pos>
<start>false</start>
<min>0</min>
<fgm>0</fgm>
<fga>0</fga>
<tpm>0</tpm>
<tpa>0</tpa>
<ftm>0</ftm>
<fta>0</fta>
<oreb>0</oreb>
<dreb>0</dreb>
<reb>0</reb>
<ast>0</ast>
<stl>0</stl>
<blk>0</blk>
<to>0</to>
<pf>0</pf>
<pam>0</pam>
<pts>0</pts>
<dnp>true</dnp>
</player>
<home>true</home>
<win>true</win>
<fgm>38</fgm>
<fga>89</fga>
<tpm>9</tpm>
<tpa>25</tpa>
<ftm>20</ftm>
<fta>24</fta>
<oreb>6</oreb>
<dreb>47</dreb>
<reb>53</reb>
<ast>27</ast>
<stl>5</stl>
<blk>7</blk>
<to>13</to>
<pf>24</pf>
<pts>105</pts>
</team>
</game>