<game>
<id>400488900</id>
<date>8:00 PM ET, November 1, 2013</date>
<team>
<name>Oklahoma City Thunder</name>
<player>
<name>Serge Ibaka</name>
<pos>PF</pos>
<start>true</start>
<min>31</min>
<fgm>3</fgm>
<fga>13</fga>
<tpm>1</tpm>
<tpa>4</tpa>
<ftm>2</ftm>
<fta>2</fta>
<oreb>2</oreb>
<dreb>7</dreb>
<reb>9</reb>
<ast>1</ast>
<stl>0</stl>
<blk>0</blk>
<to>1</to>
<pf>3</pf>
<pam>-13</pam>
<pts>9</pts>
<dnp>false</dnp>
</player>
<player>
<name>Kevin Durant</name>
<pos>SF</pos>
<start>true</start>
<min>27</min>
<fgm>4</fgm>
<fga>11</fga>
<tpm>1</tpm>
<tpa>5</tpa>
<ftm>4</ftm>
<fta>5</fta>
<oreb>0</oreb>
<dreb>4</dreb>
<reb>4</reb>
<ast>1</ast>
<stl>0</stl>
<blk>2</blk>
<to>4</to>
<pf>3</pf>
<pam>-20</pam>
<pts>13</pts>
<dnp>false</dnp>
</player>
<player>
<name>Kendrick Perkins</name>
<pos>C</pos>
<start>true</start>
<min>17</min>
<fgm>3</fgm>
<fga>3</fga>
<tpm>0</tpm>
<tpa>0</tpa>
<ftm>0</ftm>
<fta>0</fta>
<oreb>0</oreb>
<dreb>1</dreb>
<reb>1</reb>
<ast>1</ast>
<stl>1</stl>
<blk>1</blk>
<to>2</to>
<pf>3</pf>
<pam>-3</pam>
<pts>6</pts>
<dnp>false</dnp>
</player>
<player>
<name>Reggie Jackson</name>
<pos>PG</pos>
<start>true</start>
<min>24</min>
<fgm>3</fgm>
<fga>9</fga>
<tpm>0</tpm>
<tpa>5</tpa>
<ftm>2</ftm>
<fta>2</fta>
<oreb>0</oreb>
<dreb>3</dreb>
<reb>3</reb>
<ast>4</ast>
<stl>1</stl>
<blk>0</blk>
<to>7</to>
<pf>2</pf>
<pam>-20</pam>
<pts>8</pts>
<dnp>false</dnp>
</player>
<player>
<name>Thabo Sefolosha</name>
<pos>SG</pos>
<start>true</start>
<min>23</min>
<fgm>1</fgm>
<fga>8</fga>
<tpm>0</tpm>
<tpa>2</tpa>
<ftm>2</ftm>
<fta>2</fta>
<oreb>3</oreb>
<dreb>1</dreb>
<reb>4</reb>
<ast>1</ast>
<stl>2</stl>
<blk>0</blk>
<to>0</to>
<pf>3</pf>
<pam>-19</pam>
<pts>4</pts>
<dnp>false</dnp>
</player>
<player>
<name>Nick Collison</name>
<pos>PF</pos>
<start>false</start>
<min>16</min>
<fgm>2</fgm>
<fga>3</fga>
<tpm>1</tpm>
<tpa>1</tpa>
<ftm>2</ftm>
<fta>2</fta>
<oreb>0</oreb>
<dreb>0</dreb>
<reb>0</reb>
<ast>0</ast>
<stl>0</stl>
<blk>0</blk>
<to>2</to>
<pf>3</pf>
<pam>-21</pam>
<pts>7</pts>
<dnp>false</dnp>
</player>
<player>
<name>Perry Jones</name>
<pos>SF</pos>
<start>false</start>
<min>25</min>
<fgm>1</fgm>
<fga>7</fga>
<tpm>1</tpm>
<tpa>4</tpa>
<ftm>0</ftm>
<fta>0</fta>
<oreb>0</oreb>
<dreb>1</dreb>
<reb>1</reb>
<ast>0</ast>
<stl>1</stl>
<blk>1</blk>
<to>1</to>
<pf>2</pf>
<pam>+3</pam>
<pts>3</pts>
<dnp>false</dnp>
</player>
<player>
<name>Ryan Gomes</name>
<pos>SF</pos>
<start>false</start>
<min>6</min>
<fgm>0</fgm>
<fga>1</fga>
<tpm>0</tpm>
<tpa>0</tpa>
<ftm>0</ftm>
<fta>0</fta>
<oreb>0</oreb>
<dreb>1</dreb>
<reb>1</reb>
<ast>1</ast>
<stl>0</stl>
<blk>0</blk>
<to>0</to>
<pf>0</pf>
<pam>+12</pam>
<pts>0</pts>
<dnp>false</dnp>
</player>
<player>
<name>Steven Adams</name>
<pos>C</pos>
<start>false</start>
<min>23</min>
<fgm>2</fgm>
<fga>5</fga>
<tpm>0</tpm>
<tpa>0</tpa>
<ftm>4</ftm>
<fta>6</fta>
<oreb>5</oreb>
<dreb>3</dreb>
<reb>8</reb>
<ast>1</ast>
<stl>0</stl>
<blk>1</blk>
<to>0</to>
<pf>5</pf>
<pam>-14</pam>
<pts>8</pts>
<dnp>false</dnp>
</player>
<player>
<name>Derek Fisher</name>
<pos>PG</pos>
<start>false</start>
<min>18</min>
<fgm>3</fgm>
<fga>6</fga>
<tpm>1</tpm>
<tpa>4</tpa>
<ftm>0</ftm>
<fta>0</fta>
<oreb>0</oreb>
<dreb>2</dreb>
<reb>2</reb>
<ast>4</ast>
<stl>0</stl>
<blk>0</blk>
<to>2</to>
<pf>3</pf>
<pam>-11</pam>
<pts>7</pts>
<dnp>false</dnp>
</player>
<player>
<name>Jeremy Lamb</name>
<pos>SG</pos>
<start>false</start>
<min>21</min>
<fgm>7</fgm>
<fga>15</fga>
<tpm>2</tpm>
<tpa>5</tpa>
<ftm>0</ftm>
<fta>0</fta>
<oreb>0</oreb>
<dreb>4</dreb>
<reb>4</reb>
<ast>2</ast>
<stl>0</stl>
<blk>1</blk>
<to>1</to>
<pf>1</pf>
<pam>-2</pam>
<pts>16</pts>
<dnp>false</dnp>
</player>
<player>
<name>Andre Roberson</name>
<pos>SG</pos>
<start>false</start>
<min>9</min>
<fgm>0</fgm>
<fga>2</fga>
<tpm>0</tpm>
<tpa>1</tpa>
<ftm>0</ftm>
<fta>0</fta>
<oreb>4</oreb>
<dreb>1</dreb>
<reb>5</reb>
<ast>0</ast>
<stl>0</stl>
<blk>0</blk>
<to>1</to>
<pf>0</pf>
<pam>+13</pam>
<pts>0</pts>
<dnp>false</dnp>
</player>
<home>false</home>
<win>false</win>
<fgm>29</fgm>
<fga>83</fga>
<tpm>7</tpm>
<tpa>31</tpa>
<ftm>16</ftm>
<fta>19</fta>
<oreb>14</oreb>
<dreb>28</dreb>
<reb>42</reb>
<ast>16</ast>
<stl>5</stl>
<blk>6</blk>
<to>21</to>
<pf>28</pf>
<pts>81</pts>
</team>
<team>
<name>Minnesota Timberwolves</name>
<player>
<name>Kevin Love</name>
<pos>PF</pos>
<start>true</start>
<min>29</min>
<fgm>7</fgm>
<fga>12</fga>
<tpm>3</tpm>
<tpa>5</tpa>
<ftm>7</ftm>
<fta>8</fta>
<oreb>1</oreb>
<dreb>11</dreb>
<reb>12</reb>
<ast>2</ast>
<stl>2</stl>
<blk>0</blk>
<to>1</to>
<pf>1</pf>
<pam>+26</pam>
<pts>24</pts>
<dnp>false</dnp>
</player>
<player>
<name>Corey Brewer</name>
<pos>SF</pos>
<start>true</start>
<min>21</min>
<fgm>3</fgm>
<fga>8</fga>
<tpm>1</tpm>
<tpa>3</tpa>
<ftm>2</ftm>
<fta>2</fta>
<oreb>1</oreb>
<dreb>0</dreb>
<reb>1</reb>
<ast>1</ast>
<stl>0</stl>
<blk>0</blk>
<to>0</to>
<pf>2</pf>
<pam>+13</pam>
<pts>9</pts>
<dnp>false</dnp>
</player>
<player>
<name>Nikola Pekovic</name>
<pos>C</pos>
<start>true</start>
<min>28</min>
<fgm>5</fgm>
<fga>10</fga>
<tpm>0</tpm>
<tpa>0</tpa>
<ftm>5</ftm>
<fta>6</fta>
<oreb>3</oreb>
<dreb>7</dreb>
<reb>10</reb>
<ast>1</ast>
<stl>0</stl>
<blk>0</blk>
<to>4</to>
<pf>3</pf>
<pam>+20</pam>
<pts>15</pts>
<dnp>false</dnp>
</player>
<player>
<name>Ricky Rubio</name>
<pos>PG</pos>
<start>true</start>
<min>29</min>
<fgm>4</fgm>
<fga>8</fga>
<tpm>2</tpm>
<tpa>3</tpa>
<ftm>4</ftm>
<fta>4</fta>
<oreb>1</oreb>
<dreb>1</dreb>
<reb>2</reb>
<ast>10</ast>
<stl>5</stl>
<blk>0</blk>
<to>1</to>
<pf>2</pf>
<pam>+29</pam>
<pts>14</pts>
<dnp>false</dnp>
</player>
<player>
<name>Kevin Martin</name>
<pos>SG</pos>
<start>true</start>
<min>24</min>
<fgm>4</fgm>
<fga>11</fga>
<tpm>0</tpm>
<tpa>0</tpa>
<ftm>1</ftm>
<fta>1</fta>
<oreb>1</oreb>
<dreb>2</dreb>
<reb>3</reb>
<ast>3</ast>
<stl>2</stl>
<blk>0</blk>
<to>2</to>
<pf>0</pf>
<pam>+16</pam>
<pts>9</pts>
<dnp>false</dnp>
</player>
<player>
<name>Derrick Williams</name>
<pos>PF</pos>
<start>false</start>
<min>27</min>
<fgm>4</fgm>
<fga>6</fga>
<tpm>0</tpm>
<tpa>1</tpa>
<ftm>2</ftm>
<fta>2</fta>
<oreb>0</oreb>
<dreb>7</dreb>
<reb>7</reb>
<ast>0</ast>
<stl>1</stl>
<blk>2</blk>
<to>2</to>
<pf>2</pf>
<pam>+6</pam>
<pts>10</pts>
<dnp>false</dnp>
</player>
<player>
<name>Dante Cunningham</name>
<pos>PF</pos>
<start>false</start>
<min>15</min>
<fgm>1</fgm>
<fga>6</fga>
<tpm>0</tpm>
<tpa>0</tpa>
<ftm>0</ftm>
<fta>0</fta>
<oreb>1</oreb>
<dreb>2</dreb>
<reb>3</reb>
<ast>0</ast>
<stl>2</stl>
<blk>0</blk>
<to>1</to>
<pf>2</pf>
<pam>+15</pam>
<pts>2</pts>
<dnp>false</dnp>
</player>
<player>
<name>Robbie Hummel</name>
<pos>SF</pos>
<start>false</start>
<min>7</min>
<fgm>0</fgm>
<fga>3</fga>
<tpm>0</tpm>
<tpa>1</tpa>
<ftm>0</ftm>
<fta>0</fta>
<oreb>0</oreb>
<dreb>2</dreb>
<reb>2</reb>
<ast>0</ast>
<stl>1</stl>
<blk>0</blk>
<to>0</to>
<pf>2</pf>
<pam>-14</pam>
<pts>0</pts>
<dnp>false</dnp>
</player>
<player>
<name>Shabazz Muhammad</name>
<pos>SF</pos>
<start>false</start>
<min>6</min>
<fgm>0</fgm>
<fga>1</fga>
<tpm>0</tpm>
<tpa>0</tpa>
<ftm>0</ftm>
<fta>0</fta>
<oreb>0</oreb>
<dreb>0</dreb>
<reb>0</reb>
<ast>0</ast>
<stl>0</stl>
<blk>0</blk>
<to>1</to>
<pf>0</pf>
<pam>-12</pam>
<pts>0</pts>
<dnp>false</dnp>
</player>
<player>
<name>Ronny Turiaf</name>
<pos>C</pos>
<start>false</start>
<min>3</min>
<fgm>0</fgm>
<fga>0</fga>
<tpm>0</tpm>
<tpa>0</tpa>
<ftm>0</ftm>
<fta>0</fta>
<oreb>0</oreb>
<dreb>0</dreb>
<reb>0</reb>
<ast>1</ast>
<stl>0</stl>
<blk>0</blk>
<to>0</to>
<pf>1</pf>
<pam>+1</pam>
<pts>0</pts>
<dnp>false</dnp>
</player>
<player>
<name>Gorgui Dieng</name>
<pos>C</pos>
<start>false</start>
<min>14</min>
<fgm>0</fgm>
<fga>1</fga>
<tpm>0</tpm>
<tpa>0</tpa>
<ftm>0</ftm>
<fta>4</fta>
<oreb>0</oreb>
<dreb>0</dreb>
<reb>0</reb>
<ast>1</ast>
<stl>0</stl>
<blk>0</blk>
<to>2</to>
<pf>4</pf>
<pam>-10</pam>
<pts>0</pts>
<dnp>false</dnp>
</player>
<player>
<name>J.J. Barea</name>
<pos>PG</pos>
<start>false</start>
<min>19</min>
<fgm>4</fgm>
<fga>8</fga>
<tpm>2</tpm>
<tpa>5</tpa>
<ftm>0</ftm>
<fta>0</fta>
<oreb>1</oreb>
<dreb>1</dreb>
<reb>2</reb>
<ast>2</ast>
<stl>1</stl>
<blk>0</blk>
<to>0</to>
<pf>1</pf>
<pam>+10</pam>
<pts>10</pts>
<dnp>false</dnp>
</player>
<home>true</home>
<win>true</win>
<fgm>33</fgm>
<fga>77</fga>
<tpm>8</tpm>
<tpa>20</tpa>
<ftm>26</ftm>
<fta>33</fta>
<oreb>9</oreb>
<dreb>35</dreb>
<reb>44</reb>
<ast>21</ast>
<stl>14</stl>
<blk>2</blk>
<to>15</to>
<pf>21</pf>
<pts>100</pts>
</team>
</game>