<game>
<id>400489130</id>
<date>8:00 PM ET, December 2, 2013</date>
<team>
<name>New Orleans Pelicans</name>
<player>
<name>Ryan Anderson</name>
<pos>PF</pos>
<start>true</start>
<min>57</min>
<fgm>12</fgm>
<fga>20</fga>
<tpm>7</tpm>
<tpa>11</tpa>
<ftm>5</ftm>
<fta>5</fta>
<oreb>4</oreb>
<dreb>2</dreb>
<reb>6</reb>
<ast>0</ast>
<stl>0</stl>
<blk>1</blk>
<to>1</to>
<pf>4</pf>
<pam>+5</pam>
<pts>36</pts>
<dnp>false</dnp>
</player>
<player>
<name>Al-Farouq Aminu</name>
<pos>SF</pos>
<start>true</start>
<min>41</min>
<fgm>6</fgm>
<fga>10</fga>
<tpm>1</tpm>
<tpa>1</tpa>
<ftm>1</ftm>
<fta>4</fta>
<oreb>5</oreb>
<dreb>4</dreb>
<reb>9</reb>
<ast>1</ast>
<stl>3</stl>
<blk>0</blk>
<to>1</to>
<pf>5</pf>
<pam>+3</pam>
<pts>14</pts>
<dnp>false</dnp>
</player>
<player>
<name>Jason Smith</name>
<pos>C</pos>
<start>true</start>
<min>47</min>
<fgm>6</fgm>
<fga>17</fga>
<tpm>0</tpm>
<tpa>0</tpa>
<ftm>0</ftm>
<fta>0</fta>
<oreb>7</oreb>
<dreb>7</dreb>
<reb>14</reb>
<ast>1</ast>
<stl>0</stl>
<blk>1</blk>
<to>1</to>
<pf>6</pf>
<pam>+7</pam>
<pts>12</pts>
<dnp>false</dnp>
</player>
<player>
<name>Jrue Holiday</name>
<pos>PG</pos>
<start>true</start>
<min>49</min>
<fgm>9</fgm>
<fga>22</fga>
<tpm>0</tpm>
<tpa>2</tpa>
<ftm>1</ftm>
<fta>1</fta>
<oreb>3</oreb>
<dreb>5</dreb>
<reb>8</reb>
<ast>12</ast>
<stl>1</stl>
<blk>1</blk>
<to>2</to>
<pf>4</pf>
<pam>+13</pam>
<pts>19</pts>
<dnp>false</dnp>
</player>
<player>
<name>Eric Gordon</name>
<pos>SG</pos>
<start>true</start>
<min>45</min>
<fgm>7</fgm>
<fga>23</fga>
<tpm>2</tpm>
<tpa>6</tpa>
<ftm>7</ftm>
<fta>8</fta>
<oreb>2</oreb>
<dreb>5</dreb>
<reb>7</reb>
<ast>3</ast>
<stl>3</stl>
<blk>0</blk>
<to>2</to>
<pf>0</pf>
<pam>+15</pam>
<pts>23</pts>
<dnp>false</dnp>
</player>
<player>
<name>Lou Amundson</name>
<pos>PF</pos>
<start>false</start>
<min>15</min>
<fgm>0</fgm>
<fga>0</fga>
<tpm>0</tpm>
<tpa>0</tpa>
<ftm>0</ftm>
<fta>2</fta>
<oreb>0</oreb>
<dreb>4</dreb>
<reb>4</reb>
<ast>0</ast>
<stl>0</stl>
<blk>2</blk>
<to>0</to>
<pf>6</pf>
<pam>-9</pam>
<pts>0</pts>
<dnp>false</dnp>
</player>
<player>
<name>Tyreke Evans</name>
<pos>SF</pos>
<start>false</start>
<min>24</min>
<fgm>5</fgm>
<fga>10</fga>
<tpm>0</tpm>
<tpa>0</tpa>
<ftm>3</ftm>
<fta>3</fta>
<oreb>1</oreb>
<dreb>4</dreb>
<reb>5</reb>
<ast>3</ast>
<stl>1</stl>
<blk>0</blk>
<to>2</to>
<pf>5</pf>
<pam>+2</pam>
<pts>13</pts>
<dnp>false</dnp>
</player>
<player>
<name>Jeff Withey</name>
<pos>C</pos>
<start>false</start>
<min>5</min>
<fgm>1</fgm>
<fga>2</fga>
<tpm>0</tpm>
<tpa>0</tpa>
<ftm>0</ftm>
<fta>0</fta>
<oreb>0</oreb>
<dreb>0</dreb>
<reb>0</reb>
<ast>0</ast>
<stl>0</stl>
<blk>0</blk>
<to>0</to>
<pf>1</pf>
<pam>-2</pam>
<pts>2</pts>
<dnp>false</dnp>
</player>
<player>
<name>Brian Roberts</name>
<pos>PG</pos>
<start>false</start>
<min>14</min>
<fgm>1</fgm>
<fga>3</fga>
<tpm>0</tpm>
<tpa>1</tpa>
<ftm>2</ftm>
<fta>2</fta>
<oreb>0</oreb>
<dreb>0</dreb>
<reb>0</reb>
<ast>4</ast>
<stl>0</stl>
<blk>0</blk>
<to>1</to>
<pf>2</pf>
<pam>-10</pam>
<pts>4</pts>
<dnp>false</dnp>
</player>
<player>
<name>Anthony Morrow</name>
<pos>SG</pos>
<start>false</start>
<min>19</min>
<fgm>3</fgm>
<fga>6</fga>
<tpm>1</tpm>
<tpa>2</tpa>
<ftm>1</ftm>
<fta>2</fta>
<oreb>0</oreb>
<dreb>1</dreb>
<reb>1</reb>
<ast>1</ast>
<stl>1</stl>
<blk>0</blk>
<to>1</to>
<pf>1</pf>
<pam>-9</pam>
<pts>8</pts>
<dnp>false</dnp>
</player>
<player>
<name>Darius Miller</name>
<pos>SF</pos>
<start>false</start>
<min>0</min>
<fgm>0</fgm>
<fga>0</fga>
<tpm>0</tpm>
<tpa>0</tpa>
<ftm>0</ftm>
<fta>0</fta>
<oreb>0</oreb>
<dreb>0</dreb>
<reb>0</reb>
<ast>0</ast>
<stl>0</stl>
<blk>0</blk>
<to>0</to>
<pf>0</pf>
<pam>0</pam>
<pts>0</pts>
<dnp>true</dnp>
</player>
<player>
<name>Josh Childress</name>
<pos>SF</pos>
<start>false</start>
<min>0</min>
<fgm>0</fgm>
<fga>0</fga>
<tpm>0</tpm>
<tpa>0</tpa>
<ftm>0</ftm>
<fta>0</fta>
<oreb>0</oreb>
<dreb>0</dreb>
<reb>0</reb>
<ast>0</ast>
<stl>0</stl>
<blk>0</blk>
<to>0</to>
<pf>0</pf>
<pam>0</pam>
<pts>0</pts>
<dnp>true</dnp>
</player>
<home>false</home>
<win>true</win>
<fgm>50</fgm>
<fga>113</fga>
<tpm>11</tpm>
<tpa>23</tpa>
<ftm>20</ftm>
<fta>27</fta>
<oreb>22</oreb>
<dreb>32</dreb>
<reb>54</reb>
<ast>25</ast>
<stl>9</stl>
<blk>5</blk>
<to>11</to>
<pf>34</pf>
<pts>131</pts>
</team>
<team>
<name>Chicago Bulls</name>
<player>
<name>Carlos Boozer</name>
<pos>PF</pos>
<start>true</start>
<min>26</min>
<fgm>2</fgm>
<fga>6</fga>
<tpm>0</tpm>
<tpa>0</tpa>
<ftm>0</ftm>
<fta>0</fta>
<oreb>0</oreb>
<dreb>6</dreb>
<reb>6</reb>
<ast>3</ast>
<stl>0</stl>
<blk>1</blk>
<to>0</to>
<pf>2</pf>
<pam>-4</pam>
<pts>4</pts>
<dnp>false</dnp>
</player>
<player>
<name>Luol Deng</name>
<pos>SF</pos>
<start>true</start>
<min>56</min>
<fgm>15</fgm>
<fga>27</fga>
<tpm>0</tpm>
<tpa>1</tpa>
<ftm>7</ftm>
<fta>11</fta>
<oreb>2</oreb>
<dreb>6</dreb>
<reb>8</reb>
<ast>7</ast>
<stl>0</stl>
<blk>0</blk>
<to>7</to>
<pf>5</pf>
<pam>-9</pam>
<pts>37</pts>
<dnp>false</dnp>
</player>
<player>
<name>Joakim Noah</name>
<pos>C</pos>
<start>true</start>
<min>50</min>
<fgm>8</fgm>
<fga>12</fga>
<tpm>0</tpm>
<tpa>0</tpa>
<ftm>3</ftm>
<fta>5</fta>
<oreb>4</oreb>
<dreb>6</dreb>
<reb>10</reb>
<ast>4</ast>
<stl>0</stl>
<blk>1</blk>
<to>3</to>
<pf>3</pf>
<pam>-14</pam>
<pts>19</pts>
<dnp>false</dnp>
</player>
<player>
<name>Kirk Hinrich</name>
<pos>SG</pos>
<start>true</start>
<min>53</min>
<fgm>4</fgm>
<fga>15</fga>
<tpm>0</tpm>
<tpa>8</tpa>
<ftm>5</ftm>
<fta>5</fta>
<oreb>1</oreb>
<dreb>5</dreb>
<reb>6</reb>
<ast>11</ast>
<stl>2</stl>
<blk>0</blk>
<to>3</to>
<pf>3</pf>
<pam>-7</pam>
<pts>13</pts>
<dnp>false</dnp>
</player>
<player>
<name>Tony Snell</name>
<pos>SG</pos>
<start>true</start>
<min>22</min>
<fgm>2</fgm>
<fga>4</fga>
<tpm>2</tpm>
<tpa>4</tpa>
<ftm>0</ftm>
<fta>0</fta>
<oreb>0</oreb>
<dreb>1</dreb>
<reb>1</reb>
<ast>2</ast>
<stl>0</stl>
<blk>0</blk>
<to>0</to>
<pf>3</pf>
<pam>-11</pam>
<pts>6</pts>
<dnp>false</dnp>
</player>
<player>
<name>Taj Gibson</name>
<pos>PF</pos>
<start>false</start>
<min>44</min>
<fgm>10</fgm>
<fga>19</fga>
<tpm>0</tpm>
<tpa>0</tpa>
<ftm>6</ftm>
<fta>8</fta>
<oreb>7</oreb>
<dreb>7</dreb>
<reb>14</reb>
<ast>0</ast>
<stl>0</stl>
<blk>5</blk>
<to>0</to>
<pf>3</pf>
<pam>+8</pam>
<pts>26</pts>
<dnp>false</dnp>
</player>
<player>
<name>Mike Dunleavy</name>
<pos>SF</pos>
<start>false</start>
<min>48</min>
<fgm>7</fgm>
<fga>14</fga>
<tpm>6</tpm>
<tpa>10</tpa>
<ftm>3</ftm>
<fta>5</fta>
<oreb>0</oreb>
<dreb>7</dreb>
<reb>7</reb>
<ast>5</ast>
<stl>2</stl>
<blk>0</blk>
<to>2</to>
<pf>2</pf>
<pam>+16</pam>
<pts>23</pts>
<dnp>false</dnp>
</player>
<player>
<name>Nazr Mohammed</name>
<pos>C</pos>
<start>false</start>
<min>5</min>
<fgm>0</fgm>
<fga>1</fga>
<tpm>0</tpm>
<tpa>0</tpa>
<ftm>0</ftm>
<fta>0</fta>
<oreb>2</oreb>
<dreb>0</dreb>
<reb>2</reb>
<ast>0</ast>
<stl>0</stl>
<blk>0</blk>
<to>1</to>
<pf>0</pf>
<pam>+2</pam>
<pts>0</pts>
<dnp>false</dnp>
</player>
<player>
<name>Marquis Teague</name>
<pos>PG</pos>
<start>false</start>
<min>0</min>
<fgm>0</fgm>
<fga>0</fga>
<tpm>0</tpm>
<tpa>0</tpa>
<ftm>0</ftm>
<fta>0</fta>
<oreb>0</oreb>
<dreb>0</dreb>
<reb>0</reb>
<ast>0</ast>
<stl>0</stl>
<blk>0</blk>
<to>0</to>
<pf>0</pf>
<pam>0</pam>
<pts>0</pts>
<dnp>false</dnp>
</player>
<player>
<name>Mike James</name>
<pos>PG</pos>
<start>false</start>
<min>10</min>
<fgm>0</fgm>
<fga>3</fga>
<tpm>0</tpm>
<tpa>0</tpa>
<ftm>0</ftm>
<fta>0</fta>
<oreb>0</oreb>
<dreb>1</dreb>
<reb>1</reb>
<ast>2</ast>
<stl>0</stl>
<blk>0</blk>
<to>0</to>
<pf>2</pf>
<pam>+4</pam>
<pts>0</pts>
<dnp>false</dnp>
</player>
<home>true</home>
<win>false</win>
<fgm>48</fgm>
<fga>101</fga>
<tpm>8</tpm>
<tpa>23</tpa>
<ftm>24</ftm>
<fta>34</fta>
<oreb>16</oreb>
<dreb>39</dreb>
<reb>55</reb>
<ast>34</ast>
<stl>4</stl>
<blk>7</blk>
<to>16</to>
<pf>23</pf>
<pts>128</pts>
</team>
</game>