<game>
<id>400488935</id>
<date>7:00 PM ET, November 6, 2013</date>
<team>
<name>Los Angeles Clippers</name>
<player>
<name>Blake Griffin</name>
<pos>PF</pos>
<start>true</start>
<min>40</min>
<fgm>10</fgm>
<fga>20</fga>
<tpm>0</tpm>
<tpa>0</tpa>
<ftm>3</ftm>
<fta>6</fta>
<oreb>0</oreb>
<dreb>13</dreb>
<reb>13</reb>
<ast>2</ast>
<stl>2</stl>
<blk>1</blk>
<to>1</to>
<pf>2</pf>
<pam>+2</pam>
<pts>23</pts>
<dnp>false</dnp>
</player>
<player>
<name>Jared Dudley</name>
<pos>SF</pos>
<start>true</start>
<min>30</min>
<fgm>3</fgm>
<fga>8</fga>
<tpm>1</tpm>
<tpa>3</tpa>
<ftm>0</ftm>
<fta>0</fta>
<oreb>0</oreb>
<dreb>2</dreb>
<reb>2</reb>
<ast>2</ast>
<stl>1</stl>
<blk>0</blk>
<to>0</to>
<pf>1</pf>
<pam>-1</pam>
<pts>7</pts>
<dnp>false</dnp>
</player>
<player>
<name>DeAndre Jordan</name>
<pos>C</pos>
<start>true</start>
<min>44</min>
<fgm>3</fgm>
<fga>10</fga>
<tpm>0</tpm>
<tpa>0</tpa>
<ftm>3</ftm>
<fta>6</fta>
<oreb>7</oreb>
<dreb>12</dreb>
<reb>19</reb>
<ast>0</ast>
<stl>1</stl>
<blk>4</blk>
<to>1</to>
<pf>3</pf>
<pam>-3</pam>
<pts>9</pts>
<dnp>false</dnp>
</player>
<player>
<name>Chris Paul</name>
<pos>PG</pos>
<start>true</start>
<min>35</min>
<fgm>8</fgm>
<fga>19</fga>
<tpm>0</tpm>
<tpa>2</tpa>
<ftm>2</ftm>
<fta>2</fta>
<oreb>2</oreb>
<dreb>3</dreb>
<reb>5</reb>
<ast>10</ast>
<stl>2</stl>
<blk>0</blk>
<to>4</to>
<pf>6</pf>
<pam>-4</pam>
<pts>18</pts>
<dnp>false</dnp>
</player>
<player>
<name>J.J. Redick</name>
<pos>SG</pos>
<start>true</start>
<min>32</min>
<fgm>7</fgm>
<fga>15</fga>
<tpm>2</tpm>
<tpa>5</tpa>
<ftm>1</ftm>
<fta>1</fta>
<oreb>1</oreb>
<dreb>3</dreb>
<reb>4</reb>
<ast>4</ast>
<stl>0</stl>
<blk>0</blk>
<to>1</to>
<pf>0</pf>
<pam>+7</pam>
<pts>17</pts>
<dnp>false</dnp>
</player>
<player>
<name>Byron Mullens</name>
<pos>C</pos>
<start>false</start>
<min>11</min>
<fgm>0</fgm>
<fga>5</fga>
<tpm>0</tpm>
<tpa>4</tpa>
<ftm>0</ftm>
<fta>0</fta>
<oreb>0</oreb>
<dreb>0</dreb>
<reb>0</reb>
<ast>0</ast>
<stl>1</stl>
<blk>0</blk>
<to>2</to>
<pf>3</pf>
<pam>-9</pam>
<pts>0</pts>
<dnp>false</dnp>
</player>
<player>
<name>Darren Collison</name>
<pos>PG</pos>
<start>false</start>
<min>14</min>
<fgm>0</fgm>
<fga>3</fga>
<tpm>0</tpm>
<tpa>2</tpa>
<ftm>2</ftm>
<fta>2</fta>
<oreb>2</oreb>
<dreb>1</dreb>
<reb>3</reb>
<ast>1</ast>
<stl>1</stl>
<blk>0</blk>
<to>3</to>
<pf>1</pf>
<pam>-9</pam>
<pts>2</pts>
<dnp>false</dnp>
</player>
<player>
<name>Jamal Crawford</name>
<pos>SG</pos>
<start>false</start>
<min>21</min>
<fgm>5</fgm>
<fga>13</fga>
<tpm>0</tpm>
<tpa>3</tpa>
<ftm>4</ftm>
<fta>4</fta>
<oreb>1</oreb>
<dreb>1</dreb>
<reb>2</reb>
<ast>1</ast>
<stl>0</stl>
<blk>0</blk>
<to>1</to>
<pf>1</pf>
<pam>-18</pam>
<pts>14</pts>
<dnp>false</dnp>
</player>
<player>
<name>Willie Green</name>
<pos>SG</pos>
<start>false</start>
<min>13</min>
<fgm>0</fgm>
<fga>2</fga>
<tpm>0</tpm>
<tpa>0</tpa>
<ftm>0</ftm>
<fta>0</fta>
<oreb>2</oreb>
<dreb>1</dreb>
<reb>3</reb>
<ast>0</ast>
<stl>1</stl>
<blk>0</blk>
<to>0</to>
<pf>2</pf>
<pam>-5</pam>
<pts>0</pts>
<dnp>false</dnp>
</player>
<player>
<name>Antawn Jamison</name>
<pos>PF</pos>
<start>false</start>
<min>0</min>
<fgm>0</fgm>
<fga>0</fga>
<tpm>0</tpm>
<tpa>0</tpa>
<ftm>0</ftm>
<fta>0</fta>
<oreb>0</oreb>
<dreb>0</dreb>
<reb>0</reb>
<ast>0</ast>
<stl>0</stl>
<blk>0</blk>
<to>0</to>
<pf>0</pf>
<pam>0</pam>
<pts>0</pts>
<dnp>true</dnp>
</player>
<player>
<name>Matt Barnes</name>
<pos>SF</pos>
<start>false</start>
<min>0</min>
<fgm>0</fgm>
<fga>0</fga>
<tpm>0</tpm>
<tpa>0</tpa>
<ftm>0</ftm>
<fta>0</fta>
<oreb>0</oreb>
<dreb>0</dreb>
<reb>0</reb>
<ast>0</ast>
<stl>0</stl>
<blk>0</blk>
<to>0</to>
<pf>0</pf>
<pam>0</pam>
<pts>0</pts>
<dnp>true</dnp>
</player>
<player>
<name>Ryan Hollins</name>
<pos>C</pos>
<start>false</start>
<min>0</min>
<fgm>0</fgm>
<fga>0</fga>
<tpm>0</tpm>
<tpa>0</tpa>
<ftm>0</ftm>
<fta>0</fta>
<oreb>0</oreb>
<dreb>0</dreb>
<reb>0</reb>
<ast>0</ast>
<stl>0</stl>
<blk>0</blk>
<to>0</to>
<pf>0</pf>
<pam>0</pam>
<pts>0</pts>
<dnp>true</dnp>
</player>
<home>false</home>
<win>false</win>
<fgm>36</fgm>
<fga>95</fga>
<tpm>3</tpm>
<tpa>19</tpa>
<ftm>15</ftm>
<fta>21</fta>
<oreb>15</oreb>
<dreb>36</dreb>
<reb>51</reb>
<ast>20</ast>
<stl>9</stl>
<blk>5</blk>
<to>13</to>
<pf>19</pf>
<pts>90</pts>
</team>
<team>
<name>Orlando Magic</name>
<player>
<name>Jason Maxiell</name>
<pos>PF</pos>
<start>true</start>
<min>23</min>
<fgm>3</fgm>
<fga>5</fga>
<tpm>0</tpm>
<tpa>0</tpa>
<ftm>0</ftm>
<fta>0</fta>
<oreb>0</oreb>
<dreb>5</dreb>
<reb>5</reb>
<ast>0</ast>
<stl>0</stl>
<blk>1</blk>
<to>0</to>
<pf>1</pf>
<pam>-2</pam>
<pts>6</pts>
<dnp>false</dnp>
</player>
<player>
<name>Maurice Harkless</name>
<pos>SF</pos>
<start>true</start>
<min>23</min>
<fgm>2</fgm>
<fga>3</fga>
<tpm>0</tpm>
<tpa>1</tpa>
<ftm>2</ftm>
<fta>4</fta>
<oreb>0</oreb>
<dreb>0</dreb>
<reb>0</reb>
<ast>0</ast>
<stl>1</stl>
<blk>0</blk>
<to>1</to>
<pf>1</pf>
<pam>-14</pam>
<pts>6</pts>
<dnp>false</dnp>
</player>
<player>
<name>Nikola Vucevic</name>
<pos>C</pos>
<start>true</start>
<min>38</min>
<fgm>11</fgm>
<fga>19</fga>
<tpm>0</tpm>
<tpa>0</tpa>
<ftm>8</ftm>
<fta>8</fta>
<oreb>5</oreb>
<dreb>16</dreb>
<reb>21</reb>
<ast>3</ast>
<stl>1</stl>
<blk>1</blk>
<to>4</to>
<pf>3</pf>
<pam>+6</pam>
<pts>30</pts>
<dnp>false</dnp>
</player>
<player>
<name>Jameer Nelson</name>
<pos>PG</pos>
<start>true</start>
<min>36</min>
<fgm>5</fgm>
<fga>8</fga>
<tpm>1</tpm>
<tpa>3</tpa>
<ftm>0</ftm>
<fta>0</fta>
<oreb>1</oreb>
<dreb>3</dreb>
<reb>4</reb>
<ast>8</ast>
<stl>0</stl>
<blk>0</blk>
<to>5</to>
<pf>0</pf>
<pam>+12</pam>
<pts>11</pts>
<dnp>false</dnp>
</player>
<player>
<name>Arron Afflalo</name>
<pos>SG</pos>
<start>true</start>
<min>36</min>
<fgm>5</fgm>
<fga>16</fga>
<tpm>0</tpm>
<tpa>3</tpa>
<ftm>1</ftm>
<fta>2</fta>
<oreb>0</oreb>
<dreb>6</dreb>
<reb>6</reb>
<ast>5</ast>
<stl>2</stl>
<blk>0</blk>
<to>0</to>
<pf>2</pf>
<pam>+6</pam>
<pts>11</pts>
<dnp>false</dnp>
</player>
<player>
<name>Andrew Nicholson</name>
<pos>PF</pos>
<start>false</start>
<min>25</min>
<fgm>4</fgm>
<fga>16</fga>
<tpm>0</tpm>
<tpa>3</tpa>
<ftm>1</ftm>
<fta>1</fta>
<oreb>1</oreb>
<dreb>7</dreb>
<reb>8</reb>
<ast>0</ast>
<stl>0</stl>
<blk>2</blk>
<to>0</to>
<pf>1</pf>
<pam>+6</pam>
<pts>9</pts>
<dnp>false</dnp>
</player>
<player>
<name>Kyle O'Quinn</name>
<pos>PF</pos>
<start>false</start>
<min>10</min>
<fgm>1</fgm>
<fga>1</fga>
<tpm>0</tpm>
<tpa>0</tpa>
<ftm>0</ftm>
<fta>0</fta>
<oreb>0</oreb>
<dreb>3</dreb>
<reb>3</reb>
<ast>2</ast>
<stl>0</stl>
<blk>0</blk>
<to>1</to>
<pf>3</pf>
<pam>+2</pam>
<pts>2</pts>
<dnp>false</dnp>
</player>
<player>
<name>E'Twaun Moore</name>
<pos>PG</pos>
<start>false</start>
<min>27</min>
<fgm>5</fgm>
<fga>8</fga>
<tpm>2</tpm>
<tpa>3</tpa>
<ftm>0</ftm>
<fta>0</fta>
<oreb>0</oreb>
<dreb>2</dreb>
<reb>2</reb>
<ast>1</ast>
<stl>1</stl>
<blk>0</blk>
<to>0</to>
<pf>4</pf>
<pam>+21</pam>
<pts>12</pts>
<dnp>false</dnp>
</player>
<player>
<name>Victor Oladipo</name>
<pos>SG</pos>
<start>false</start>
<min>23</min>
<fgm>4</fgm>
<fga>6</fga>
<tpm>2</tpm>
<tpa>3</tpa>
<ftm>1</ftm>
<fta>2</fta>
<oreb>0</oreb>
<dreb>2</dreb>
<reb>2</reb>
<ast>2</ast>
<stl>2</stl>
<blk>0</blk>
<to>4</to>
<pf>2</pf>
<pam>+3</pam>
<pts>11</pts>
<dnp>false</dnp>
</player>
<player>
<name>Solomon Jones</name>
<pos>PF</pos>
<start>false</start>
<min>0</min>
<fgm>0</fgm>
<fga>0</fga>
<tpm>0</tpm>
<tpa>0</tpa>
<ftm>0</ftm>
<fta>0</fta>
<oreb>0</oreb>
<dreb>0</dreb>
<reb>0</reb>
<ast>0</ast>
<stl>0</stl>
<blk>0</blk>
<to>0</to>
<pf>0</pf>
<pam>0</pam>
<pts>0</pts>
<dnp>true</dnp>
</player>
<player>
<name>Tobias Harris</name>
<pos>SF</pos>
<start>false</start>
<min>0</min>
<fgm>0</fgm>
<fga>0</fga>
<tpm>0</tpm>
<tpa>0</tpa>
<ftm>0</ftm>
<fta>0</fta>
<oreb>0</oreb>
<dreb>0</dreb>
<reb>0</reb>
<ast>0</ast>
<stl>0</stl>
<blk>0</blk>
<to>0</to>
<pf>0</pf>
<pam>0</pam>
<pts>0</pts>
<dnp>true</dnp>
</player>
<player>
<name>Ronnie Price</name>
<pos>PG</pos>
<start>false</start>
<min>0</min>
<fgm>0</fgm>
<fga>0</fga>
<tpm>0</tpm>
<tpa>0</tpa>
<ftm>0</ftm>
<fta>0</fta>
<oreb>0</oreb>
<dreb>0</dreb>
<reb>0</reb>
<ast>0</ast>
<stl>0</stl>
<blk>0</blk>
<to>0</to>
<pf>0</pf>
<pam>0</pam>
<pts>0</pts>
<dnp>true</dnp>
</player>
<home>true</home>
<win>true</win>
<fgm>40</fgm>
<fga>82</fga>
<tpm>5</tpm>
<tpa>16</tpa>
<ftm>13</ftm>
<fta>17</fta>
<oreb>7</oreb>
<dreb>44</dreb>
<reb>51</reb>
<ast>21</ast>
<stl>7</stl>
<blk>4</blk>
<to>15</to>
<pf>17</pf>
<pts>98</pts>
</team>
</game>