<game>
<id>400488932</id>
<date>10:00 PM ET, November 5, 2013</date>
<team>
<name>Atlanta Hawks</name>
<player>
<name>Paul Millsap</name>
<pos>PF</pos>
<start>true</start>
<min>34</min>
<fgm>9</fgm>
<fga>15</fga>
<tpm>2</tpm>
<tpa>3</tpa>
<ftm>5</ftm>
<fta>6</fta>
<oreb>3</oreb>
<dreb>8</dreb>
<reb>11</reb>
<ast>4</ast>
<stl>4</stl>
<blk>1</blk>
<to>2</to>
<pf>0</pf>
<pam>+5</pam>
<pts>25</pts>
<dnp>false</dnp>
</player>
<player>
<name>DeMarre Carroll</name>
<pos>SF</pos>
<start>true</start>
<min>35</min>
<fgm>3</fgm>
<fga>11</fga>
<tpm>0</tpm>
<tpa>4</tpa>
<ftm>0</ftm>
<fta>0</fta>
<oreb>0</oreb>
<dreb>2</dreb>
<reb>2</reb>
<ast>0</ast>
<stl>1</stl>
<blk>0</blk>
<to>2</to>
<pf>2</pf>
<pam>+6</pam>
<pts>6</pts>
<dnp>false</dnp>
</player>
<player>
<name>Al Horford</name>
<pos>C</pos>
<start>true</start>
<min>35</min>
<fgm>11</fgm>
<fga>19</fga>
<tpm>1</tpm>
<tpa>1</tpa>
<ftm>4</ftm>
<fta>6</fta>
<oreb>5</oreb>
<dreb>5</dreb>
<reb>10</reb>
<ast>1</ast>
<stl>3</stl>
<blk>2</blk>
<to>2</to>
<pf>3</pf>
<pam>+1</pam>
<pts>27</pts>
<dnp>false</dnp>
</player>
<player>
<name>Jeff Teague</name>
<pos>PG</pos>
<start>true</start>
<min>34</min>
<fgm>6</fgm>
<fga>12</fga>
<tpm>2</tpm>
<tpa>5</tpa>
<ftm>4</ftm>
<fta>8</fta>
<oreb>0</oreb>
<dreb>3</dreb>
<reb>3</reb>
<ast>10</ast>
<stl>1</stl>
<blk>0</blk>
<to>4</to>
<pf>2</pf>
<pam>+6</pam>
<pts>18</pts>
<dnp>false</dnp>
</player>
<player>
<name>Kyle Korver</name>
<pos>SG</pos>
<start>true</start>
<min>32</min>
<fgm>3</fgm>
<fga>4</fga>
<tpm>1</tpm>
<tpa>2</tpa>
<ftm>2</ftm>
<fta>2</fta>
<oreb>0</oreb>
<dreb>1</dreb>
<reb>1</reb>
<ast>1</ast>
<stl>0</stl>
<blk>1</blk>
<to>3</to>
<pf>3</pf>
<pam>+2</pam>
<pts>9</pts>
<dnp>false</dnp>
</player>
<player>
<name>Cartier Martin</name>
<pos>PF</pos>
<start>false</start>
<min>25</min>
<fgm>2</fgm>
<fga>7</fga>
<tpm>1</tpm>
<tpa>3</tpa>
<ftm>4</ftm>
<fta>4</fta>
<oreb>0</oreb>
<dreb>3</dreb>
<reb>3</reb>
<ast>2</ast>
<stl>2</stl>
<blk>0</blk>
<to>1</to>
<pf>0</pf>
<pam>0</pam>
<pts>9</pts>
<dnp>false</dnp>
</player>
<player>
<name>Elton Brand</name>
<pos>PF</pos>
<start>false</start>
<min>12</min>
<fgm>0</fgm>
<fga>2</fga>
<tpm>0</tpm>
<tpa>0</tpa>
<ftm>0</ftm>
<fta>0</fta>
<oreb>0</oreb>
<dreb>3</dreb>
<reb>3</reb>
<ast>1</ast>
<stl>0</stl>
<blk>2</blk>
<to>0</to>
<pf>0</pf>
<pam>+4</pam>
<pts>0</pts>
<dnp>false</dnp>
</player>
<player>
<name>Pero Antic</name>
<pos>C</pos>
<start>false</start>
<min>16</min>
<fgm>2</fgm>
<fga>4</fga>
<tpm>1</tpm>
<tpa>3</tpa>
<ftm>0</ftm>
<fta>0</fta>
<oreb>1</oreb>
<dreb>0</dreb>
<reb>1</reb>
<ast>0</ast>
<stl>0</stl>
<blk>1</blk>
<to>0</to>
<pf>1</pf>
<pam>0</pam>
<pts>5</pts>
<dnp>false</dnp>
</player>
<player>
<name>Dennis Schroder</name>
<pos>PG</pos>
<start>false</start>
<min>19</min>
<fgm>3</fgm>
<fga>7</fga>
<tpm>0</tpm>
<tpa>1</tpa>
<ftm>0</ftm>
<fta>0</fta>
<oreb>0</oreb>
<dreb>2</dreb>
<reb>2</reb>
<ast>7</ast>
<stl>0</stl>
<blk>0</blk>
<to>0</to>
<pf>4</pf>
<pam>+1</pam>
<pts>6</pts>
<dnp>false</dnp>
</player>
<player>
<name>Mike Scott</name>
<pos>PF</pos>
<start>false</start>
<min>0</min>
<fgm>0</fgm>
<fga>0</fga>
<tpm>0</tpm>
<tpa>0</tpa>
<ftm>0</ftm>
<fta>0</fta>
<oreb>0</oreb>
<dreb>0</dreb>
<reb>0</reb>
<ast>0</ast>
<stl>0</stl>
<blk>0</blk>
<to>0</to>
<pf>0</pf>
<pam>0</pam>
<pts>0</pts>
<dnp>true</dnp>
</player>
<player>
<name>Shelvin Mack</name>
<pos>PG</pos>
<start>false</start>
<min>0</min>
<fgm>0</fgm>
<fga>0</fga>
<tpm>0</tpm>
<tpa>0</tpa>
<ftm>0</ftm>
<fta>0</fta>
<oreb>0</oreb>
<dreb>0</dreb>
<reb>0</reb>
<ast>0</ast>
<stl>0</stl>
<blk>0</blk>
<to>0</to>
<pf>0</pf>
<pam>0</pam>
<pts>0</pts>
<dnp>true</dnp>
</player>
<player>
<name>Jared Cunningham</name>
<pos>SG</pos>
<start>false</start>
<min>0</min>
<fgm>0</fgm>
<fga>0</fga>
<tpm>0</tpm>
<tpa>0</tpa>
<ftm>0</ftm>
<fta>0</fta>
<oreb>0</oreb>
<dreb>0</dreb>
<reb>0</reb>
<ast>0</ast>
<stl>0</stl>
<blk>0</blk>
<to>0</to>
<pf>0</pf>
<pam>0</pam>
<pts>0</pts>
<dnp>true</dnp>
</player>
<home>false</home>
<win>true</win>
<fgm>39</fgm>
<fga>81</fga>
<tpm>8</tpm>
<tpa>22</tpa>
<ftm>19</ftm>
<fta>26</fta>
<oreb>9</oreb>
<dreb>27</dreb>
<reb>36</reb>
<ast>26</ast>
<stl>11</stl>
<blk>7</blk>
<to>14</to>
<pf>15</pf>
<pts>105</pts>
</team>
<team>
<name>Sacramento Kings</name>
<player>
<name>Patrick Patterson</name>
<pos>PF</pos>
<start>true</start>
<min>31</min>
<fgm>3</fgm>
<fga>6</fga>
<tpm>1</tpm>
<tpa>3</tpa>
<ftm>0</ftm>
<fta>0</fta>
<oreb>1</oreb>
<dreb>8</dreb>
<reb>9</reb>
<ast>1</ast>
<stl>2</stl>
<blk>0</blk>
<to>3</to>
<pf>4</pf>
<pam>-3</pam>
<pts>7</pts>
<dnp>false</dnp>
</player>
<player>
<name>John Salmons</name>
<pos>SF</pos>
<start>true</start>
<min>34</min>
<fgm>5</fgm>
<fga>11</fga>
<tpm>1</tpm>
<tpa>4</tpa>
<ftm>2</ftm>
<fta>2</fta>
<oreb>1</oreb>
<dreb>3</dreb>
<reb>4</reb>
<ast>5</ast>
<stl>0</stl>
<blk>2</blk>
<to>3</to>
<pf>2</pf>
<pam>-5</pam>
<pts>13</pts>
<dnp>false</dnp>
</player>
<player>
<name>DeMarcus Cousins</name>
<pos>C</pos>
<start>true</start>
<min>29</min>
<fgm>5</fgm>
<fga>12</fga>
<tpm>0</tpm>
<tpa>1</tpa>
<ftm>1</ftm>
<fta>2</fta>
<oreb>2</oreb>
<dreb>4</dreb>
<reb>6</reb>
<ast>2</ast>
<stl>0</stl>
<blk>1</blk>
<to>1</to>
<pf>5</pf>
<pam>-5</pam>
<pts>11</pts>
<dnp>false</dnp>
</player>
<player>
<name>Greivis Vasquez</name>
<pos>PG</pos>
<start>true</start>
<min>20</min>
<fgm>2</fgm>
<fga>5</fga>
<tpm>1</tpm>
<tpa>4</tpa>
<ftm>4</ftm>
<fta>4</fta>
<oreb>0</oreb>
<dreb>3</dreb>
<reb>3</reb>
<ast>4</ast>
<stl>0</stl>
<blk>0</blk>
<to>4</to>
<pf>4</pf>
<pam>-7</pam>
<pts>9</pts>
<dnp>false</dnp>
</player>
<player>
<name>Marcus Thornton</name>
<pos>SG</pos>
<start>true</start>
<min>25</min>
<fgm>5</fgm>
<fga>10</fga>
<tpm>3</tpm>
<tpa>7</tpa>
<ftm>2</ftm>
<fta>2</fta>
<oreb>0</oreb>
<dreb>0</dreb>
<reb>0</reb>
<ast>1</ast>
<stl>3</stl>
<blk>0</blk>
<to>1</to>
<pf>2</pf>
<pam>-8</pam>
<pts>15</pts>
<dnp>false</dnp>
</player>
<player>
<name>Chuck Hayes</name>
<pos>PF</pos>
<start>false</start>
<min>13</min>
<fgm>0</fgm>
<fga>1</fga>
<tpm>0</tpm>
<tpa>0</tpa>
<ftm>0</ftm>
<fta>0</fta>
<oreb>0</oreb>
<dreb>0</dreb>
<reb>0</reb>
<ast>1</ast>
<stl>2</stl>
<blk>0</blk>
<to>0</to>
<pf>2</pf>
<pam>+4</pam>
<pts>0</pts>
<dnp>false</dnp>
</player>
<player>
<name>Jason Thompson</name>
<pos>PF</pos>
<start>false</start>
<min>23</min>
<fgm>1</fgm>
<fga>4</fga>
<tpm>0</tpm>
<tpa>0</tpa>
<ftm>0</ftm>
<fta>0</fta>
<oreb>1</oreb>
<dreb>5</dreb>
<reb>6</reb>
<ast>1</ast>
<stl>0</stl>
<blk>0</blk>
<to>1</to>
<pf>3</pf>
<pam>-6</pam>
<pts>2</pts>
<dnp>false</dnp>
</player>
<player>
<name>Travis Outlaw</name>
<pos>SF</pos>
<start>false</start>
<min>14</min>
<fgm>0</fgm>
<fga>2</fga>
<tpm>0</tpm>
<tpa>1</tpa>
<ftm>2</ftm>
<fta>2</fta>
<oreb>1</oreb>
<dreb>2</dreb>
<reb>3</reb>
<ast>1</ast>
<stl>0</stl>
<blk>1</blk>
<to>1</to>
<pf>1</pf>
<pam>0</pam>
<pts>2</pts>
<dnp>false</dnp>
</player>
<player>
<name>Isaiah Thomas</name>
<pos>PG</pos>
<start>false</start>
<min>28</min>
<fgm>8</fgm>
<fga>17</fga>
<tpm>1</tpm>
<tpa>4</tpa>
<ftm>9</ftm>
<fta>9</fta>
<oreb>2</oreb>
<dreb>0</dreb>
<reb>2</reb>
<ast>5</ast>
<stl>1</stl>
<blk>0</blk>
<to>4</to>
<pf>2</pf>
<pam>+2</pam>
<pts>26</pts>
<dnp>false</dnp>
</player>
<player>
<name>Ben McLemore</name>
<pos>SG</pos>
<start>false</start>
<min>23</min>
<fgm>6</fgm>
<fga>12</fga>
<tpm>3</tpm>
<tpa>7</tpa>
<ftm>0</ftm>
<fta>0</fta>
<oreb>2</oreb>
<dreb>4</dreb>
<reb>6</reb>
<ast>1</ast>
<stl>2</stl>
<blk>0</blk>
<to>0</to>
<pf>1</pf>
<pam>+3</pam>
<pts>15</pts>
<dnp>false</dnp>
</player>
<player>
<name>Luc Richard Mbah a Moute</name>
<pos>PF</pos>
<start>false</start>
<min>0</min>
<fgm>0</fgm>
<fga>0</fga>
<tpm>0</tpm>
<tpa>0</tpa>
<ftm>0</ftm>
<fta>0</fta>
<oreb>0</oreb>
<dreb>0</dreb>
<reb>0</reb>
<ast>0</ast>
<stl>0</stl>
<blk>0</blk>
<to>0</to>
<pf>0</pf>
<pam>0</pam>
<pts>0</pts>
<dnp>true</dnp>
</player>
<player>
<name>Jimmer Fredette</name>
<pos>PG</pos>
<start>false</start>
<min>0</min>
<fgm>0</fgm>
<fga>0</fga>
<tpm>0</tpm>
<tpa>0</tpa>
<ftm>0</ftm>
<fta>0</fta>
<oreb>0</oreb>
<dreb>0</dreb>
<reb>0</reb>
<ast>0</ast>
<stl>0</stl>
<blk>0</blk>
<to>0</to>
<pf>0</pf>
<pam>0</pam>
<pts>0</pts>
<dnp>true</dnp>
</player>
<home>true</home>
<win>false</win>
<fgm>35</fgm>
<fga>80</fga>
<tpm>10</tpm>
<tpa>31</tpa>
<ftm>20</ftm>
<fta>21</fta>
<oreb>10</oreb>
<dreb>29</dreb>
<reb>39</reb>
<ast>22</ast>
<stl>10</stl>
<blk>4</blk>
<to>18</to>
<pf>26</pf>
<pts>100</pts>
</team>
</game>