<game>
<id>400489349</id>
<date>8:00 PM ET, January 2, 2014</date>
<team>
<name>Brooklyn Nets</name>
<player>
<name>Paul Pierce</name>
<pos>SF</pos>
<start>true</start>
<min>34</min>
<fgm>6</fgm>
<fga>18</fga>
<tpm>1</tpm>
<tpa>4</tpa>
<ftm>5</ftm>
<fta>5</fta>
<oreb>1</oreb>
<dreb>3</dreb>
<reb>4</reb>
<ast>3</ast>
<stl>2</stl>
<blk>1</blk>
<to>4</to>
<pf>2</pf>
<pam>+6</pam>
<pts>18</pts>
<dnp>false</dnp>
</player>
<player>
<name>Kevin Garnett</name>
<pos>C</pos>
<start>true</start>
<min>26</min>
<fgm>2</fgm>
<fga>4</fga>
<tpm>0</tpm>
<tpa>0</tpa>
<ftm>0</ftm>
<fta>0</fta>
<oreb>1</oreb>
<dreb>6</dreb>
<reb>7</reb>
<ast>1</ast>
<stl>1</stl>
<blk>0</blk>
<to>3</to>
<pf>2</pf>
<pam>+14</pam>
<pts>4</pts>
<dnp>false</dnp>
</player>
<player>
<name>Shaun Livingston</name>
<pos>PG</pos>
<start>true</start>
<min>33</min>
<fgm>1</fgm>
<fga>7</fga>
<tpm>0</tpm>
<tpa>1</tpa>
<ftm>3</ftm>
<fta>4</fta>
<oreb>2</oreb>
<dreb>3</dreb>
<reb>5</reb>
<ast>4</ast>
<stl>1</stl>
<blk>0</blk>
<to>4</to>
<pf>0</pf>
<pam>-1</pam>
<pts>5</pts>
<dnp>false</dnp>
</player>
<player>
<name>Deron Williams</name>
<pos>PG</pos>
<start>true</start>
<min>41</min>
<fgm>10</fgm>
<fga>17</fga>
<tpm>6</tpm>
<tpa>9</tpa>
<ftm>3</ftm>
<fta>3</fta>
<oreb>0</oreb>
<dreb>2</dreb>
<reb>2</reb>
<ast>4</ast>
<stl>5</stl>
<blk>0</blk>
<to>4</to>
<pf>2</pf>
<pam>+7</pam>
<pts>29</pts>
<dnp>false</dnp>
</player>
<player>
<name>Joe Johnson</name>
<pos>SG</pos>
<start>true</start>
<min>30</min>
<fgm>4</fgm>
<fga>11</fga>
<tpm>1</tpm>
<tpa>6</tpa>
<ftm>0</ftm>
<fta>0</fta>
<oreb>1</oreb>
<dreb>3</dreb>
<reb>4</reb>
<ast>0</ast>
<stl>1</stl>
<blk>0</blk>
<to>1</to>
<pf>4</pf>
<pam>+16</pam>
<pts>9</pts>
<dnp>false</dnp>
</player>
<player>
<name>Reggie Evans</name>
<pos>PF</pos>
<start>false</start>
<min>11</min>
<fgm>0</fgm>
<fga>0</fga>
<tpm>0</tpm>
<tpa>0</tpa>
<ftm>1</ftm>
<fta>4</fta>
<oreb>0</oreb>
<dreb>1</dreb>
<reb>1</reb>
<ast>1</ast>
<stl>1</stl>
<blk>0</blk>
<to>2</to>
<pf>1</pf>
<pam>-5</pam>
<pts>1</pts>
<dnp>false</dnp>
</player>
<player>
<name>Mirza Teletovic</name>
<pos>PF</pos>
<start>false</start>
<min>10</min>
<fgm>1</fgm>
<fga>2</fga>
<tpm>1</tpm>
<tpa>2</tpa>
<ftm>0</ftm>
<fta>0</fta>
<oreb>0</oreb>
<dreb>3</dreb>
<reb>3</reb>
<ast>0</ast>
<stl>0</stl>
<blk>0</blk>
<to>0</to>
<pf>2</pf>
<pam>-12</pam>
<pts>3</pts>
<dnp>false</dnp>
</player>
<player>
<name>Mason Plumlee</name>
<pos>PF</pos>
<start>false</start>
<min>11</min>
<fgm>1</fgm>
<fga>1</fga>
<tpm>0</tpm>
<tpa>0</tpa>
<ftm>2</ftm>
<fta>2</fta>
<oreb>2</oreb>
<dreb>1</dreb>
<reb>3</reb>
<ast>1</ast>
<stl>0</stl>
<blk>1</blk>
<to>1</to>
<pf>3</pf>
<pam>-8</pam>
<pts>4</pts>
<dnp>false</dnp>
</player>
<player>
<name>Alan Anderson</name>
<pos>SF</pos>
<start>false</start>
<min>22</min>
<fgm>3</fgm>
<fga>6</fga>
<tpm>0</tpm>
<tpa>1</tpa>
<ftm>7</ftm>
<fta>9</fta>
<oreb>0</oreb>
<dreb>2</dreb>
<reb>2</reb>
<ast>1</ast>
<stl>2</stl>
<blk>0</blk>
<to>0</to>
<pf>3</pf>
<pam>-5</pam>
<pts>13</pts>
<dnp>false</dnp>
</player>
<player>
<name>Andrei Kirilenko</name>
<pos>SF</pos>
<start>false</start>
<min>15</min>
<fgm>3</fgm>
<fga>3</fga>
<tpm>0</tpm>
<tpa>0</tpa>
<ftm>3</ftm>
<fta>4</fta>
<oreb>2</oreb>
<dreb>0</dreb>
<reb>2</reb>
<ast>1</ast>
<stl>0</stl>
<blk>0</blk>
<to>0</to>
<pf>1</pf>
<pam>+3</pam>
<pts>9</pts>
<dnp>false</dnp>
</player>
<player>
<name>Jason Terry</name>
<pos>SG</pos>
<start>false</start>
<min>5</min>
<fgm>0</fgm>
<fga>1</fga>
<tpm>0</tpm>
<tpa>1</tpa>
<ftm>0</ftm>
<fta>0</fta>
<oreb>0</oreb>
<dreb>1</dreb>
<reb>1</reb>
<ast>0</ast>
<stl>0</stl>
<blk>0</blk>
<to>0</to>
<pf>0</pf>
<pam>-5</pam>
<pts>0</pts>
<dnp>false</dnp>
</player>
<player>
<name>Tornike Shengelia</name>
<pos>SF</pos>
<start>false</start>
<min>0</min>
<fgm>0</fgm>
<fga>0</fga>
<tpm>0</tpm>
<tpa>0</tpa>
<ftm>0</ftm>
<fta>0</fta>
<oreb>0</oreb>
<dreb>0</dreb>
<reb>0</reb>
<ast>0</ast>
<stl>0</stl>
<blk>0</blk>
<to>0</to>
<pf>0</pf>
<pam>0</pam>
<pts>0</pts>
<dnp>true</dnp>
</player>
<home>false</home>
<win>true</win>
<fgm>31</fgm>
<fga>70</fga>
<tpm>9</tpm>
<tpa>24</tpa>
<ftm>24</ftm>
<fta>31</fta>
<oreb>9</oreb>
<dreb>25</dreb>
<reb>34</reb>
<ast>16</ast>
<stl>13</stl>
<blk>2</blk>
<to>19</to>
<pf>20</pf>
<pts>95</pts>
</team>
<team>
<name>Oklahoma City Thunder</name>
<player>
<name>Serge Ibaka</name>
<pos>PF</pos>
<start>true</start>
<min>34</min>
<fgm>5</fgm>
<fga>9</fga>
<tpm>0</tpm>
<tpa>0</tpa>
<ftm>0</ftm>
<fta>1</fta>
<oreb>2</oreb>
<dreb>9</dreb>
<reb>11</reb>
<ast>0</ast>
<stl>2</stl>
<blk>1</blk>
<to>2</to>
<pf>1</pf>
<pam>-1</pam>
<pts>10</pts>
<dnp>false</dnp>
</player>
<player>
<name>Kevin Durant</name>
<pos>SF</pos>
<start>true</start>
<min>34</min>
<fgm>8</fgm>
<fga>13</fga>
<tpm>3</tpm>
<tpa>7</tpa>
<ftm>5</ftm>
<fta>5</fta>
<oreb>0</oreb>
<dreb>4</dreb>
<reb>4</reb>
<ast>4</ast>
<stl>0</stl>
<blk>2</blk>
<to>5</to>
<pf>5</pf>
<pam>-6</pam>
<pts>24</pts>
<dnp>false</dnp>
</player>
<player>
<name>Kendrick Perkins</name>
<pos>C</pos>
<start>true</start>
<min>17</min>
<fgm>3</fgm>
<fga>7</fga>
<tpm>0</tpm>
<tpa>0</tpa>
<ftm>2</ftm>
<fta>2</fta>
<oreb>1</oreb>
<dreb>5</dreb>
<reb>6</reb>
<ast>1</ast>
<stl>1</stl>
<blk>0</blk>
<to>1</to>
<pf>1</pf>
<pam>-4</pam>
<pts>8</pts>
<dnp>false</dnp>
</player>
<player>
<name>Reggie Jackson</name>
<pos>PG</pos>
<start>true</start>
<min>29</min>
<fgm>4</fgm>
<fga>13</fga>
<tpm>0</tpm>
<tpa>3</tpa>
<ftm>1</ftm>
<fta>1</fta>
<oreb>1</oreb>
<dreb>2</dreb>
<reb>3</reb>
<ast>5</ast>
<stl>0</stl>
<blk>0</blk>
<to>4</to>
<pf>4</pf>
<pam>+1</pam>
<pts>9</pts>
<dnp>false</dnp>
</player>
<player>
<name>Thabo Sefolosha</name>
<pos>SG</pos>
<start>true</start>
<min>32</min>
<fgm>2</fgm>
<fga>3</fga>
<tpm>1</tpm>
<tpa>2</tpa>
<ftm>3</ftm>
<fta>4</fta>
<oreb>1</oreb>
<dreb>3</dreb>
<reb>4</reb>
<ast>1</ast>
<stl>1</stl>
<blk>1</blk>
<to>4</to>
<pf>1</pf>
<pam>-15</pam>
<pts>8</pts>
<dnp>false</dnp>
</player>
<player>
<name>Nick Collison</name>
<pos>PF</pos>
<start>false</start>
<min>6</min>
<fgm>0</fgm>
<fga>0</fga>
<tpm>0</tpm>
<tpa>0</tpa>
<ftm>0</ftm>
<fta>0</fta>
<oreb>0</oreb>
<dreb>0</dreb>
<reb>0</reb>
<ast>0</ast>
<stl>1</stl>
<blk>0</blk>
<to>0</to>
<pf>0</pf>
<pam>+4</pam>
<pts>0</pts>
<dnp>false</dnp>
</player>
<player>
<name>Perry Jones</name>
<pos>SF</pos>
<start>false</start>
<min>30</min>
<fgm>4</fgm>
<fga>7</fga>
<tpm>3</tpm>
<tpa>5</tpa>
<ftm>0</ftm>
<fta>0</fta>
<oreb>0</oreb>
<dreb>1</dreb>
<reb>1</reb>
<ast>2</ast>
<stl>1</stl>
<blk>1</blk>
<to>1</to>
<pf>2</pf>
<pam>+1</pam>
<pts>11</pts>
<dnp>false</dnp>
</player>
<player>
<name>Steven Adams</name>
<pos>C</pos>
<start>false</start>
<min>14</min>
<fgm>2</fgm>
<fga>3</fga>
<tpm>0</tpm>
<tpa>0</tpa>
<ftm>3</ftm>
<fta>4</fta>
<oreb>1</oreb>
<dreb>0</dreb>
<reb>1</reb>
<ast>2</ast>
<stl>2</stl>
<blk>0</blk>
<to>2</to>
<pf>3</pf>
<pam>-2</pam>
<pts>7</pts>
<dnp>false</dnp>
</player>
<player>
<name>Derek Fisher</name>
<pos>PG</pos>
<start>false</start>
<min>23</min>
<fgm>3</fgm>
<fga>6</fga>
<tpm>1</tpm>
<tpa>3</tpa>
<ftm>0</ftm>
<fta>0</fta>
<oreb>0</oreb>
<dreb>0</dreb>
<reb>0</reb>
<ast>3</ast>
<stl>0</stl>
<blk>0</blk>
<to>0</to>
<pf>4</pf>
<pam>-2</pam>
<pts>7</pts>
<dnp>false</dnp>
</player>
<player>
<name>Jeremy Lamb</name>
<pos>SG</pos>
<start>false</start>
<min>20</min>
<fgm>3</fgm>
<fga>7</fga>
<tpm>1</tpm>
<tpa>2</tpa>
<ftm>2</ftm>
<fta>2</fta>
<oreb>0</oreb>
<dreb>3</dreb>
<reb>3</reb>
<ast>2</ast>
<stl>1</stl>
<blk>1</blk>
<to>2</to>
<pf>2</pf>
<pam>+14</pam>
<pts>9</pts>
<dnp>false</dnp>
</player>
<player>
<name>Ryan Gomes</name>
<pos>SF</pos>
<start>false</start>
<min>0</min>
<fgm>0</fgm>
<fga>0</fga>
<tpm>0</tpm>
<tpa>0</tpa>
<ftm>0</ftm>
<fta>0</fta>
<oreb>0</oreb>
<dreb>0</dreb>
<reb>0</reb>
<ast>0</ast>
<stl>0</stl>
<blk>0</blk>
<to>0</to>
<pf>0</pf>
<pam>0</pam>
<pts>0</pts>
<dnp>true</dnp>
</player>
<player>
<name>Hasheem Thabeet</name>
<pos>C</pos>
<start>false</start>
<min>0</min>
<fgm>0</fgm>
<fga>0</fga>
<tpm>0</tpm>
<tpa>0</tpa>
<ftm>0</ftm>
<fta>0</fta>
<oreb>0</oreb>
<dreb>0</dreb>
<reb>0</reb>
<ast>0</ast>
<stl>0</stl>
<blk>0</blk>
<to>0</to>
<pf>0</pf>
<pam>0</pam>
<pts>0</pts>
<dnp>true</dnp>
</player>
<home>true</home>
<win>false</win>
<fgm>34</fgm>
<fga>68</fga>
<tpm>9</tpm>
<tpa>22</tpa>
<ftm>16</ftm>
<fta>19</fta>
<oreb>6</oreb>
<dreb>27</dreb>
<reb>33</reb>
<ast>20</ast>
<stl>9</stl>
<blk>6</blk>
<to>21</to>
<pf>23</pf>
<pts>93</pts>
</team>
</game>