<game>
<id>400489219</id>
<date>8:00 PM ET, December 14, 2013</date>
<team>
<name>Toronto Raptors</name>
<player>
<name>Amir Johnson</name>
<pos>PF</pos>
<start>true</start>
<min>30</min>
<fgm>6</fgm>
<fga>11</fga>
<tpm>0</tpm>
<tpa>0</tpa>
<ftm>2</ftm>
<fta>3</fta>
<oreb>2</oreb>
<dreb>6</dreb>
<reb>8</reb>
<ast>3</ast>
<stl>0</stl>
<blk>2</blk>
<to>3</to>
<pf>3</pf>
<pam>+13</pam>
<pts>14</pts>
<dnp>false</dnp>
</player>
<player>
<name>Terrence Ross</name>
<pos>SF</pos>
<start>true</start>
<min>24</min>
<fgm>4</fgm>
<fga>12</fga>
<tpm>0</tpm>
<tpa>3</tpa>
<ftm>1</ftm>
<fta>2</fta>
<oreb>2</oreb>
<dreb>4</dreb>
<reb>6</reb>
<ast>4</ast>
<stl>1</stl>
<blk>1</blk>
<to>3</to>
<pf>1</pf>
<pam>-6</pam>
<pts>9</pts>
<dnp>false</dnp>
</player>
<player>
<name>Jonas Valanciunas</name>
<pos>C</pos>
<start>true</start>
<min>31</min>
<fgm>6</fgm>
<fga>11</fga>
<tpm>0</tpm>
<tpa>0</tpa>
<ftm>3</ftm>
<fta>4</fta>
<oreb>2</oreb>
<dreb>9</dreb>
<reb>11</reb>
<ast>1</ast>
<stl>1</stl>
<blk>4</blk>
<to>1</to>
<pf>4</pf>
<pam>+14</pam>
<pts>15</pts>
<dnp>false</dnp>
</player>
<player>
<name>Kyle Lowry</name>
<pos>PG</pos>
<start>true</start>
<min>33</min>
<fgm>7</fgm>
<fga>14</fga>
<tpm>2</tpm>
<tpa>5</tpa>
<ftm>0</ftm>
<fta>0</fta>
<oreb>0</oreb>
<dreb>3</dreb>
<reb>3</reb>
<ast>6</ast>
<stl>2</stl>
<blk>0</blk>
<to>1</to>
<pf>3</pf>
<pam>+18</pam>
<pts>16</pts>
<dnp>false</dnp>
</player>
<player>
<name>DeMar DeRozan</name>
<pos>SG</pos>
<start>true</start>
<min>39</min>
<fgm>7</fgm>
<fga>14</fga>
<tpm>0</tpm>
<tpa>2</tpa>
<ftm>1</ftm>
<fta>2</fta>
<oreb>0</oreb>
<dreb>7</dreb>
<reb>7</reb>
<ast>4</ast>
<stl>0</stl>
<blk>1</blk>
<to>2</to>
<pf>2</pf>
<pam>+22</pam>
<pts>15</pts>
<dnp>false</dnp>
</player>
<player>
<name>Tyler Hansbrough</name>
<pos>PF</pos>
<start>false</start>
<min>14</min>
<fgm>1</fgm>
<fga>2</fga>
<tpm>0</tpm>
<tpa>0</tpa>
<ftm>2</ftm>
<fta>2</fta>
<oreb>0</oreb>
<dreb>3</dreb>
<reb>3</reb>
<ast>0</ast>
<stl>0</stl>
<blk>0</blk>
<to>0</to>
<pf>1</pf>
<pam>+7</pam>
<pts>4</pts>
<dnp>false</dnp>
</player>
<player>
<name>Patrick Patterson</name>
<pos>PF</pos>
<start>false</start>
<min>21</min>
<fgm>4</fgm>
<fga>5</fga>
<tpm>2</tpm>
<tpa>2</tpa>
<ftm>2</ftm>
<fta>2</fta>
<oreb>1</oreb>
<dreb>2</dreb>
<reb>3</reb>
<ast>0</ast>
<stl>0</stl>
<blk>2</blk>
<to>1</to>
<pf>2</pf>
<pam>+11</pam>
<pts>12</pts>
<dnp>false</dnp>
</player>
<player>
<name>John Salmons</name>
<pos>SF</pos>
<start>false</start>
<min>28</min>
<fgm>3</fgm>
<fga>8</fga>
<tpm>1</tpm>
<tpa>2</tpa>
<ftm>0</ftm>
<fta>0</fta>
<oreb>0</oreb>
<dreb>0</dreb>
<reb>0</reb>
<ast>2</ast>
<stl>1</stl>
<blk>1</blk>
<to>0</to>
<pf>1</pf>
<pam>+19</pam>
<pts>7</pts>
<dnp>false</dnp>
</player>
<player>
<name>Landry Fields</name>
<pos>SF</pos>
<start>false</start>
<min>1</min>
<fgm>0</fgm>
<fga>0</fga>
<tpm>0</tpm>
<tpa>0</tpa>
<ftm>0</ftm>
<fta>0</fta>
<oreb>0</oreb>
<dreb>1</dreb>
<reb>1</reb>
<ast>0</ast>
<stl>0</stl>
<blk>0</blk>
<to>0</to>
<pf>0</pf>
<pam>-1</pam>
<pts>0</pts>
<dnp>false</dnp>
</player>
<player>
<name>Steve Novak</name>
<pos>SF</pos>
<start>false</start>
<min>1</min>
<fgm>0</fgm>
<fga>0</fga>
<tpm>0</tpm>
<tpa>0</tpa>
<ftm>0</ftm>
<fta>0</fta>
<oreb>0</oreb>
<dreb>0</dreb>
<reb>0</reb>
<ast>0</ast>
<stl>0</stl>
<blk>0</blk>
<to>0</to>
<pf>0</pf>
<pam>-1</pam>
<pts>0</pts>
<dnp>false</dnp>
</player>
<player>
<name>Austin Daye</name>
<pos>SF</pos>
<start>false</start>
<min>1</min>
<fgm>0</fgm>
<fga>0</fga>
<tpm>0</tpm>
<tpa>0</tpa>
<ftm>0</ftm>
<fta>0</fta>
<oreb>0</oreb>
<dreb>0</dreb>
<reb>0</reb>
<ast>0</ast>
<stl>0</stl>
<blk>0</blk>
<to>0</to>
<pf>0</pf>
<pam>-1</pam>
<pts>0</pts>
<dnp>false</dnp>
</player>
<player>
<name>Dwight Buycks</name>
<pos>PG</pos>
<start>false</start>
<min>1</min>
<fgm>0</fgm>
<fga>0</fga>
<tpm>0</tpm>
<tpa>0</tpa>
<ftm>0</ftm>
<fta>0</fta>
<oreb>0</oreb>
<dreb>0</dreb>
<reb>0</reb>
<ast>0</ast>
<stl>0</stl>
<blk>0</blk>
<to>0</to>
<pf>0</pf>
<pam>-1</pam>
<pts>0</pts>
<dnp>false</dnp>
</player>
<home>false</home>
<win>true</win>
<fgm>40</fgm>
<fga>83</fga>
<tpm>5</tpm>
<tpa>15</tpa>
<ftm>14</ftm>
<fta>18</fta>
<oreb>7</oreb>
<dreb>36</dreb>
<reb>43</reb>
<ast>26</ast>
<stl>5</stl>
<blk>11</blk>
<to>11</to>
<pf>17</pf>
<pts>99</pts>
</team>
<team>
<name>Chicago Bulls</name>
<player>
<name>Carlos Boozer</name>
<pos>PF</pos>
<start>true</start>
<min>27</min>
<fgm>4</fgm>
<fga>18</fga>
<tpm>0</tpm>
<tpa>0</tpa>
<ftm>0</ftm>
<fta>0</fta>
<oreb>2</oreb>
<dreb>5</dreb>
<reb>7</reb>
<ast>1</ast>
<stl>1</stl>
<blk>1</blk>
<to>2</to>
<pf>3</pf>
<pam>-8</pam>
<pts>8</pts>
<dnp>false</dnp>
</player>
<player>
<name>Luol Deng</name>
<pos>SF</pos>
<start>true</start>
<min>35</min>
<fgm>8</fgm>
<fga>19</fga>
<tpm>1</tpm>
<tpa>2</tpa>
<ftm>0</ftm>
<fta>0</fta>
<oreb>3</oreb>
<dreb>4</dreb>
<reb>7</reb>
<ast>4</ast>
<stl>0</stl>
<blk>0</blk>
<to>3</to>
<pf>2</pf>
<pam>-24</pam>
<pts>17</pts>
<dnp>false</dnp>
</player>
<player>
<name>Joakim Noah</name>
<pos>C</pos>
<start>true</start>
<min>35</min>
<fgm>4</fgm>
<fga>10</fga>
<tpm>0</tpm>
<tpa>0</tpa>
<ftm>2</ftm>
<fta>2</fta>
<oreb>4</oreb>
<dreb>8</dreb>
<reb>12</reb>
<ast>4</ast>
<stl>1</stl>
<blk>2</blk>
<to>1</to>
<pf>4</pf>
<pam>-12</pam>
<pts>10</pts>
<dnp>false</dnp>
</player>
<player>
<name>Marquis Teague</name>
<pos>PG</pos>
<start>true</start>
<min>28</min>
<fgm>3</fgm>
<fga>6</fga>
<tpm>1</tpm>
<tpa>2</tpa>
<ftm>0</ftm>
<fta>0</fta>
<oreb>0</oreb>
<dreb>1</dreb>
<reb>1</reb>
<ast>3</ast>
<stl>2</stl>
<blk>3</blk>
<to>2</to>
<pf>3</pf>
<pam>-10</pam>
<pts>7</pts>
<dnp>false</dnp>
</player>
<player>
<name>Jimmy Butler</name>
<pos>SG</pos>
<start>true</start>
<min>30</min>
<fgm>4</fgm>
<fga>6</fga>
<tpm>2</tpm>
<tpa>3</tpa>
<ftm>1</ftm>
<fta>3</fta>
<oreb>1</oreb>
<dreb>3</dreb>
<reb>4</reb>
<ast>0</ast>
<stl>1</stl>
<blk>1</blk>
<to>1</to>
<pf>0</pf>
<pam>-1</pam>
<pts>11</pts>
<dnp>false</dnp>
</player>
<player>
<name>Erik Murphy</name>
<pos>PF</pos>
<start>false</start>
<min>1</min>
<fgm>0</fgm>
<fga>0</fga>
<tpm>0</tpm>
<tpa>0</tpa>
<ftm>0</ftm>
<fta>0</fta>
<oreb>0</oreb>
<dreb>0</dreb>
<reb>0</reb>
<ast>0</ast>
<stl>0</stl>
<blk>0</blk>
<to>0</to>
<pf>0</pf>
<pam>+1</pam>
<pts>0</pts>
<dnp>false</dnp>
</player>
<player>
<name>Taj Gibson</name>
<pos>PF</pos>
<start>false</start>
<min>26</min>
<fgm>2</fgm>
<fga>7</fga>
<tpm>0</tpm>
<tpa>0</tpa>
<ftm>0</ftm>
<fta>0</fta>
<oreb>0</oreb>
<dreb>7</dreb>
<reb>7</reb>
<ast>0</ast>
<stl>0</stl>
<blk>1</blk>
<to>4</to>
<pf>2</pf>
<pam>-18</pam>
<pts>4</pts>
<dnp>false</dnp>
</player>
<player>
<name>Mike Dunleavy</name>
<pos>SF</pos>
<start>false</start>
<min>23</min>
<fgm>5</fgm>
<fga>12</fga>
<tpm>1</tpm>
<tpa>6</tpa>
<ftm>3</ftm>
<fta>3</fta>
<oreb>0</oreb>
<dreb>3</dreb>
<reb>3</reb>
<ast>1</ast>
<stl>0</stl>
<blk>1</blk>
<to>0</to>
<pf>1</pf>
<pam>-11</pam>
<pts>14</pts>
<dnp>false</dnp>
</player>
<player>
<name>Nazr Mohammed</name>
<pos>C</pos>
<start>false</start>
<min>7</min>
<fgm>0</fgm>
<fga>0</fga>
<tpm>0</tpm>
<tpa>0</tpa>
<ftm>1</ftm>
<fta>2</fta>
<oreb>0</oreb>
<dreb>0</dreb>
<reb>0</reb>
<ast>0</ast>
<stl>0</stl>
<blk>0</blk>
<to>2</to>
<pf>3</pf>
<pam>-7</pam>
<pts>1</pts>
<dnp>false</dnp>
</player>
<player>
<name>D.J. Augustin</name>
<pos>PG</pos>
<start>false</start>
<min>20</min>
<fgm>1</fgm>
<fga>7</fga>
<tpm>1</tpm>
<tpa>5</tpa>
<ftm>2</ftm>
<fta>2</fta>
<oreb>0</oreb>
<dreb>0</dreb>
<reb>0</reb>
<ast>6</ast>
<stl>0</stl>
<blk>0</blk>
<to>0</to>
<pf>2</pf>
<pam>-12</pam>
<pts>5</pts>
<dnp>false</dnp>
</player>
<player>
<name>Mike James</name>
<pos>PG</pos>
<start>false</start>
<min>3</min>
<fgm>0</fgm>
<fga>1</fga>
<tpm>0</tpm>
<tpa>0</tpa>
<ftm>0</ftm>
<fta>0</fta>
<oreb>0</oreb>
<dreb>0</dreb>
<reb>0</reb>
<ast>0</ast>
<stl>0</stl>
<blk>0</blk>
<to>0</to>
<pf>0</pf>
<pam>-3</pam>
<pts>0</pts>
<dnp>false</dnp>
</player>
<player>
<name>Tony Snell</name>
<pos>SG</pos>
<start>false</start>
<min>5</min>
<fgm>0</fgm>
<fga>0</fga>
<tpm>0</tpm>
<tpa>0</tpa>
<ftm>0</ftm>
<fta>0</fta>
<oreb>0</oreb>
<dreb>0</dreb>
<reb>0</reb>
<ast>0</ast>
<stl>0</stl>
<blk>0</blk>
<to>0</to>
<pf>0</pf>
<pam>-5</pam>
<pts>0</pts>
<dnp>false</dnp>
</player>
<home>true</home>
<win>false</win>
<fgm>31</fgm>
<fga>86</fga>
<tpm>6</tpm>
<tpa>18</tpa>
<ftm>9</ftm>
<fta>12</fta>
<oreb>10</oreb>
<dreb>31</dreb>
<reb>41</reb>
<ast>19</ast>
<stl>5</stl>
<blk>9</blk>
<to>15</to>
<pf>20</pf>
<pts>77</pts>
</team>
</game>