<game>
<id>400489006</id>
<date>9:00 PM ET, November 15, 2013</date>
<team>
<name>San Antonio Spurs</name>
<player>
<name>Tim Duncan</name>
<pos>PF</pos>
<start>true</start>
<min>34</min>
<fgm>7</fgm>
<fga>16</fga>
<tpm>0</tpm>
<tpa>0</tpa>
<ftm>0</ftm>
<fta>1</fta>
<oreb>2</oreb>
<dreb>7</dreb>
<reb>9</reb>
<ast>2</ast>
<stl>0</stl>
<blk>3</blk>
<to>1</to>
<pf>0</pf>
<pam>+11</pam>
<pts>14</pts>
<dnp>false</dnp>
</player>
<player>
<name>Kawhi Leonard</name>
<pos>SF</pos>
<start>true</start>
<min>29</min>
<fgm>3</fgm>
<fga>8</fga>
<tpm>0</tpm>
<tpa>2</tpa>
<ftm>0</ftm>
<fta>0</fta>
<oreb>1</oreb>
<dreb>8</dreb>
<reb>9</reb>
<ast>1</ast>
<stl>2</stl>
<blk>0</blk>
<to>2</to>
<pf>5</pf>
<pam>-1</pam>
<pts>6</pts>
<dnp>false</dnp>
</player>
<player>
<name>Tiago Splitter</name>
<pos>C</pos>
<start>true</start>
<min>26</min>
<fgm>2</fgm>
<fga>4</fga>
<tpm>0</tpm>
<tpa>0</tpa>
<ftm>2</ftm>
<fta>2</fta>
<oreb>1</oreb>
<dreb>4</dreb>
<reb>5</reb>
<ast>0</ast>
<stl>1</stl>
<blk>0</blk>
<to>1</to>
<pf>0</pf>
<pam>-1</pam>
<pts>6</pts>
<dnp>false</dnp>
</player>
<player>
<name>Tony Parker</name>
<pos>PG</pos>
<start>true</start>
<min>38</min>
<fgm>8</fgm>
<fga>18</fga>
<tpm>0</tpm>
<tpa>1</tpa>
<ftm>6</ftm>
<fta>10</fta>
<oreb>0</oreb>
<dreb>0</dreb>
<reb>0</reb>
<ast>6</ast>
<stl>1</stl>
<blk>0</blk>
<to>5</to>
<pf>1</pf>
<pam>+10</pam>
<pts>22</pts>
<dnp>false</dnp>
</player>
<player>
<name>Danny Green</name>
<pos>SG</pos>
<start>true</start>
<min>23</min>
<fgm>3</fgm>
<fga>7</fga>
<tpm>2</tpm>
<tpa>4</tpa>
<ftm>0</ftm>
<fta>0</fta>
<oreb>1</oreb>
<dreb>5</dreb>
<reb>6</reb>
<ast>1</ast>
<stl>0</stl>
<blk>0</blk>
<to>1</to>
<pf>3</pf>
<pam>+16</pam>
<pts>8</pts>
<dnp>false</dnp>
</player>
<player>
<name>Aron Baynes</name>
<pos>PF</pos>
<start>false</start>
<min>0</min>
<fgm>0</fgm>
<fga>0</fga>
<tpm>0</tpm>
<tpa>0</tpa>
<ftm>0</ftm>
<fta>0</fta>
<oreb>0</oreb>
<dreb>0</dreb>
<reb>0</reb>
<ast>0</ast>
<stl>0</stl>
<blk>0</blk>
<to>0</to>
<pf>0</pf>
<pam>0</pam>
<pts>0</pts>
<dnp>false</dnp>
</player>
<player>
<name>Boris Diaw</name>
<pos>PF</pos>
<start>false</start>
<min>28</min>
<fgm>6</fgm>
<fga>9</fga>
<tpm>1</tpm>
<tpa>3</tpa>
<ftm>4</ftm>
<fta>4</fta>
<oreb>0</oreb>
<dreb>5</dreb>
<reb>5</reb>
<ast>2</ast>
<stl>2</stl>
<blk>2</blk>
<to>2</to>
<pf>1</pf>
<pam>+12</pam>
<pts>17</pts>
<dnp>false</dnp>
</player>
<player>
<name>Jeff Ayres</name>
<pos>C</pos>
<start>false</start>
<min>8</min>
<fgm>0</fgm>
<fga>0</fga>
<tpm>0</tpm>
<tpa>0</tpa>
<ftm>2</ftm>
<fta>2</fta>
<oreb>0</oreb>
<dreb>0</dreb>
<reb>0</reb>
<ast>0</ast>
<stl>0</stl>
<blk>0</blk>
<to>0</to>
<pf>2</pf>
<pam>-4</pam>
<pts>2</pts>
<dnp>false</dnp>
</player>
<player>
<name>Patty Mills</name>
<pos>PG</pos>
<start>false</start>
<min>10</min>
<fgm>2</fgm>
<fga>3</fga>
<tpm>0</tpm>
<tpa>1</tpa>
<ftm>0</ftm>
<fta>0</fta>
<oreb>0</oreb>
<dreb>0</dreb>
<reb>0</reb>
<ast>1</ast>
<stl>1</stl>
<blk>0</blk>
<to>2</to>
<pf>0</pf>
<pam>-1</pam>
<pts>4</pts>
<dnp>false</dnp>
</player>
<player>
<name>Cory Joseph</name>
<pos>PG</pos>
<start>false</start>
<min>0</min>
<fgm>0</fgm>
<fga>0</fga>
<tpm>0</tpm>
<tpa>0</tpa>
<ftm>0</ftm>
<fta>0</fta>
<oreb>0</oreb>
<dreb>0</dreb>
<reb>0</reb>
<ast>0</ast>
<stl>0</stl>
<blk>0</blk>
<to>0</to>
<pf>0</pf>
<pam>0</pam>
<pts>0</pts>
<dnp>false</dnp>
</player>
<player>
<name>Manu Ginobili</name>
<pos>SG</pos>
<start>false</start>
<min>30</min>
<fgm>3</fgm>
<fga>9</fga>
<tpm>1</tpm>
<tpa>3</tpa>
<ftm>2</ftm>
<fta>2</fta>
<oreb>2</oreb>
<dreb>7</dreb>
<reb>9</reb>
<ast>5</ast>
<stl>1</stl>
<blk>0</blk>
<to>3</to>
<pf>2</pf>
<pam>+7</pam>
<pts>9</pts>
<dnp>false</dnp>
</player>
<player>
<name>Marco Belinelli</name>
<pos>SG</pos>
<start>false</start>
<min>13</min>
<fgm>1</fgm>
<fga>2</fga>
<tpm>0</tpm>
<tpa>1</tpa>
<ftm>1</ftm>
<fta>1</fta>
<oreb>0</oreb>
<dreb>0</dreb>
<reb>0</reb>
<ast>1</ast>
<stl>0</stl>
<blk>0</blk>
<to>0</to>
<pf>1</pf>
<pam>-4</pam>
<pts>3</pts>
<dnp>false</dnp>
</player>
<home>false</home>
<win>true</win>
<fgm>35</fgm>
<fga>76</fga>
<tpm>4</tpm>
<tpa>15</tpa>
<ftm>17</ftm>
<fta>22</fta>
<oreb>7</oreb>
<dreb>36</dreb>
<reb>43</reb>
<ast>19</ast>
<stl>8</stl>
<blk>5</blk>
<to>17</to>
<pf>15</pf>
<pts>91</pts>
</team>
<team>
<name>Utah Jazz</name>
<player>
<name>Richard Jefferson</name>
<pos>SF</pos>
<start>true</start>
<min>43</min>
<fgm>5</fgm>
<fga>9</fga>
<tpm>3</tpm>
<tpa>5</tpa>
<ftm>1</ftm>
<fta>2</fta>
<oreb>0</oreb>
<dreb>3</dreb>
<reb>3</reb>
<ast>1</ast>
<stl>2</stl>
<blk>0</blk>
<to>5</to>
<pf>5</pf>
<pam>-15</pam>
<pts>14</pts>
<dnp>false</dnp>
</player>
<player>
<name>Derrick Favors</name>
<pos>C</pos>
<start>true</start>
<min>37</min>
<fgm>10</fgm>
<fga>19</fga>
<tpm>0</tpm>
<tpa>0</tpa>
<ftm>0</ftm>
<fta>0</fta>
<oreb>6</oreb>
<dreb>12</dreb>
<reb>18</reb>
<ast>2</ast>
<stl>3</stl>
<blk>3</blk>
<to>2</to>
<pf>4</pf>
<pam>+5</pam>
<pts>20</pts>
<dnp>false</dnp>
</player>
<player>
<name>Enes Kanter</name>
<pos>C</pos>
<start>true</start>
<min>32</min>
<fgm>5</fgm>
<fga>12</fga>
<tpm>0</tpm>
<tpa>0</tpa>
<ftm>0</ftm>
<fta>0</fta>
<oreb>4</oreb>
<dreb>5</dreb>
<reb>9</reb>
<ast>1</ast>
<stl>0</stl>
<blk>0</blk>
<to>1</to>
<pf>3</pf>
<pam>-13</pam>
<pts>10</pts>
<dnp>false</dnp>
</player>
<player>
<name>Alec Burks</name>
<pos>PG</pos>
<start>true</start>
<min>29</min>
<fgm>5</fgm>
<fga>12</fga>
<tpm>1</tpm>
<tpa>1</tpa>
<ftm>1</ftm>
<fta>1</fta>
<oreb>0</oreb>
<dreb>0</dreb>
<reb>0</reb>
<ast>4</ast>
<stl>1</stl>
<blk>0</blk>
<to>1</to>
<pf>5</pf>
<pam>0</pam>
<pts>12</pts>
<dnp>false</dnp>
</player>
<player>
<name>Gordon Hayward</name>
<pos>SG</pos>
<start>true</start>
<min>43</min>
<fgm>5</fgm>
<fga>23</fga>
<tpm>1</tpm>
<tpa>7</tpa>
<ftm>4</ftm>
<fta>6</fta>
<oreb>1</oreb>
<dreb>8</dreb>
<reb>9</reb>
<ast>3</ast>
<stl>1</stl>
<blk>1</blk>
<to>3</to>
<pf>1</pf>
<pam>+6</pam>
<pts>15</pts>
<dnp>false</dnp>
</player>
<player>
<name>Marvin Williams</name>
<pos>PF</pos>
<start>false</start>
<min>23</min>
<fgm>1</fgm>
<fga>4</fga>
<tpm>0</tpm>
<tpa>2</tpa>
<ftm>0</ftm>
<fta>0</fta>
<oreb>1</oreb>
<dreb>4</dreb>
<reb>5</reb>
<ast>2</ast>
<stl>1</stl>
<blk>0</blk>
<to>0</to>
<pf>2</pf>
<pam>-7</pam>
<pts>2</pts>
<dnp>false</dnp>
</player>
<player>
<name>Mike Harris</name>
<pos>SF</pos>
<start>false</start>
<min>3</min>
<fgm>0</fgm>
<fga>0</fga>
<tpm>0</tpm>
<tpa>0</tpa>
<ftm>0</ftm>
<fta>0</fta>
<oreb>1</oreb>
<dreb>0</dreb>
<reb>1</reb>
<ast>0</ast>
<stl>0</stl>
<blk>0</blk>
<to>0</to>
<pf>0</pf>
<pam>-3</pam>
<pts>0</pts>
<dnp>false</dnp>
</player>
<player>
<name>Rudy Gobert</name>
<pos>C</pos>
<start>false</start>
<min>4</min>
<fgm>1</fgm>
<fga>2</fga>
<tpm>0</tpm>
<tpa>0</tpa>
<ftm>1</ftm>
<fta>2</fta>
<oreb>3</oreb>
<dreb>2</dreb>
<reb>5</reb>
<ast>0</ast>
<stl>0</stl>
<blk>0</blk>
<to>3</to>
<pf>1</pf>
<pam>0</pam>
<pts>3</pts>
<dnp>false</dnp>
</player>
<player>
<name>Diante Garrett</name>
<pos>PG</pos>
<start>false</start>
<min>17</min>
<fgm>1</fgm>
<fga>7</fga>
<tpm>0</tpm>
<tpa>1</tpa>
<ftm>0</ftm>
<fta>0</fta>
<oreb>0</oreb>
<dreb>0</dreb>
<reb>0</reb>
<ast>3</ast>
<stl>1</stl>
<blk>0</blk>
<to>3</to>
<pf>0</pf>
<pam>-11</pam>
<pts>2</pts>
<dnp>false</dnp>
</player>
<player>
<name>John Lucas III</name>
<pos>PG</pos>
<start>false</start>
<min>9</min>
<fgm>2</fgm>
<fga>3</fga>
<tpm>0</tpm>
<tpa>0</tpa>
<ftm>0</ftm>
<fta>0</fta>
<oreb>0</oreb>
<dreb>0</dreb>
<reb>0</reb>
<ast>0</ast>
<stl>0</stl>
<blk>0</blk>
<to>0</to>
<pf>2</pf>
<pam>-7</pam>
<pts>4</pts>
<dnp>false</dnp>
</player>
<player>
<name>Ian Clark</name>
<pos>SG</pos>
<start>false</start>
<min>0</min>
<fgm>0</fgm>
<fga>0</fga>
<tpm>0</tpm>
<tpa>0</tpa>
<ftm>0</ftm>
<fta>0</fta>
<oreb>0</oreb>
<dreb>0</dreb>
<reb>0</reb>
<ast>0</ast>
<stl>0</stl>
<blk>0</blk>
<to>0</to>
<pf>0</pf>
<pam>0</pam>
<pts>0</pts>
<dnp>true</dnp>
</player>
<home>true</home>
<win>false</win>
<fgm>35</fgm>
<fga>91</fga>
<tpm>5</tpm>
<tpa>16</tpa>
<ftm>7</ftm>
<fta>11</fta>
<oreb>16</oreb>
<dreb>34</dreb>
<reb>50</reb>
<ast>16</ast>
<stl>9</stl>
<blk>4</blk>
<to>18</to>
<pf>23</pf>
<pts>82</pts>
</team>
</game>