<game>
<id>400489133</id>
<date>10:00 PM ET, December 2, 2013</date>
<team>
<name>Indiana Pacers</name>
<player>
<name>David West</name>
<pos>PF</pos>
<start>true</start>
<min>32</min>
<fgm>6</fgm>
<fga>14</fga>
<tpm>0</tpm>
<tpa>1</tpa>
<ftm>0</ftm>
<fta>0</fta>
<oreb>2</oreb>
<dreb>6</dreb>
<reb>8</reb>
<ast>5</ast>
<stl>1</stl>
<blk>0</blk>
<to>1</to>
<pf>1</pf>
<pam>+7</pam>
<pts>12</pts>
<dnp>false</dnp>
</player>
<player>
<name>Paul George</name>
<pos>SF</pos>
<start>true</start>
<min>38</min>
<fgm>16</fgm>
<fga>30</fga>
<tpm>7</tpm>
<tpa>15</tpa>
<ftm>4</ftm>
<fta>4</fta>
<oreb>0</oreb>
<dreb>3</dreb>
<reb>3</reb>
<ast>3</ast>
<stl>3</stl>
<blk>0</blk>
<to>3</to>
<pf>4</pf>
<pam>-1</pam>
<pts>43</pts>
<dnp>false</dnp>
</player>
<player>
<name>Roy Hibbert</name>
<pos>C</pos>
<start>true</start>
<min>37</min>
<fgm>6</fgm>
<fga>13</fga>
<tpm>0</tpm>
<tpa>0</tpa>
<ftm>4</ftm>
<fta>5</fta>
<oreb>5</oreb>
<dreb>9</dreb>
<reb>14</reb>
<ast>3</ast>
<stl>0</stl>
<blk>1</blk>
<to>3</to>
<pf>5</pf>
<pam>+1</pam>
<pts>16</pts>
<dnp>false</dnp>
</player>
<player>
<name>George Hill</name>
<pos>PG</pos>
<start>true</start>
<min>41</min>
<fgm>1</fgm>
<fga>8</fga>
<tpm>1</tpm>
<tpa>2</tpa>
<ftm>3</ftm>
<fta>4</fta>
<oreb>1</oreb>
<dreb>1</dreb>
<reb>2</reb>
<ast>11</ast>
<stl>3</stl>
<blk>0</blk>
<to>2</to>
<pf>5</pf>
<pam>+3</pam>
<pts>6</pts>
<dnp>false</dnp>
</player>
<player>
<name>Lance Stephenson</name>
<pos>SG</pos>
<start>true</start>
<min>29</min>
<fgm>1</fgm>
<fga>3</fga>
<tpm>0</tpm>
<tpa>0</tpa>
<ftm>0</ftm>
<fta>0</fta>
<oreb>0</oreb>
<dreb>4</dreb>
<reb>4</reb>
<ast>2</ast>
<stl>0</stl>
<blk>0</blk>
<to>3</to>
<pf>6</pf>
<pam>-5</pam>
<pts>2</pts>
<dnp>false</dnp>
</player>
<player>
<name>Luis Scola</name>
<pos>PF</pos>
<start>false</start>
<min>16</min>
<fgm>5</fgm>
<fga>10</fga>
<tpm>0</tpm>
<tpa>1</tpa>
<ftm>0</ftm>
<fta>0</fta>
<oreb>0</oreb>
<dreb>5</dreb>
<reb>5</reb>
<ast>0</ast>
<stl>1</stl>
<blk>0</blk>
<to>2</to>
<pf>2</pf>
<pam>-11</pam>
<pts>10</pts>
<dnp>false</dnp>
</player>
<player>
<name>Solomon Hill</name>
<pos>SF</pos>
<start>false</start>
<min>5</min>
<fgm>0</fgm>
<fga>0</fga>
<tpm>0</tpm>
<tpa>0</tpa>
<ftm>0</ftm>
<fta>0</fta>
<oreb>0</oreb>
<dreb>0</dreb>
<reb>0</reb>
<ast>0</ast>
<stl>0</stl>
<blk>0</blk>
<to>0</to>
<pf>0</pf>
<pam>+3</pam>
<pts>0</pts>
<dnp>false</dnp>
</player>
<player>
<name>Ian Mahinmi</name>
<pos>C</pos>
<start>false</start>
<min>11</min>
<fgm>0</fgm>
<fga>0</fga>
<tpm>0</tpm>
<tpa>0</tpa>
<ftm>0</ftm>
<fta>0</fta>
<oreb>0</oreb>
<dreb>4</dreb>
<reb>4</reb>
<ast>0</ast>
<stl>0</stl>
<blk>0</blk>
<to>0</to>
<pf>4</pf>
<pam>-5</pam>
<pts>0</pts>
<dnp>false</dnp>
</player>
<player>
<name>C.J. Watson</name>
<pos>PG</pos>
<start>false</start>
<min>18</min>
<fgm>3</fgm>
<fga>7</fga>
<tpm>0</tpm>
<tpa>0</tpa>
<ftm>4</ftm>
<fta>4</fta>
<oreb>1</oreb>
<dreb>0</dreb>
<reb>1</reb>
<ast>0</ast>
<stl>1</stl>
<blk>0</blk>
<to>1</to>
<pf>0</pf>
<pam>-13</pam>
<pts>10</pts>
<dnp>false</dnp>
</player>
<player>
<name>Orlando Johnson</name>
<pos>SG</pos>
<start>false</start>
<min>13</min>
<fgm>1</fgm>
<fga>3</fga>
<tpm>1</tpm>
<tpa>3</tpa>
<ftm>0</ftm>
<fta>0</fta>
<oreb>0</oreb>
<dreb>1</dreb>
<reb>1</reb>
<ast>1</ast>
<stl>0</stl>
<blk>1</blk>
<to>0</to>
<pf>1</pf>
<pam>+1</pam>
<pts>3</pts>
<dnp>false</dnp>
</player>
<player>
<name>Chris Copeland</name>
<pos>SF</pos>
<start>false</start>
<min>0</min>
<fgm>0</fgm>
<fga>0</fga>
<tpm>0</tpm>
<tpa>0</tpa>
<ftm>0</ftm>
<fta>0</fta>
<oreb>0</oreb>
<dreb>0</dreb>
<reb>0</reb>
<ast>0</ast>
<stl>0</stl>
<blk>0</blk>
<to>0</to>
<pf>0</pf>
<pam>0</pam>
<pts>0</pts>
<dnp>true</dnp>
</player>
<player>
<name>Donald Sloan</name>
<pos>PG</pos>
<start>false</start>
<min>0</min>
<fgm>0</fgm>
<fga>0</fga>
<tpm>0</tpm>
<tpa>0</tpa>
<ftm>0</ftm>
<fta>0</fta>
<oreb>0</oreb>
<dreb>0</dreb>
<reb>0</reb>
<ast>0</ast>
<stl>0</stl>
<blk>0</blk>
<to>0</to>
<pf>0</pf>
<pam>0</pam>
<pts>0</pts>
<dnp>true</dnp>
</player>
<home>false</home>
<win>false</win>
<fgm>39</fgm>
<fga>88</fga>
<tpm>9</tpm>
<tpa>22</tpa>
<ftm>15</ftm>
<fta>17</fta>
<oreb>9</oreb>
<dreb>33</dreb>
<reb>42</reb>
<ast>25</ast>
<stl>9</stl>
<blk>2</blk>
<to>15</to>
<pf>28</pf>
<pts>102</pts>
</team>
<team>
<name>Portland Trail Blazers</name>
<player>
<name>LaMarcus Aldridge</name>
<pos>PF</pos>
<start>true</start>
<min>37</min>
<fgm>11</fgm>
<fga>19</fga>
<tpm>0</tpm>
<tpa>0</tpa>
<ftm>6</ftm>
<fta>8</fta>
<oreb>0</oreb>
<dreb>10</dreb>
<reb>10</reb>
<ast>3</ast>
<stl>1</stl>
<blk>1</blk>
<to>0</to>
<pf>0</pf>
<pam>-3</pam>
<pts>28</pts>
<dnp>false</dnp>
</player>
<player>
<name>Nicolas Batum</name>
<pos>SF</pos>
<start>true</start>
<min>36</min>
<fgm>2</fgm>
<fga>5</fga>
<tpm>1</tpm>
<tpa>2</tpa>
<ftm>3</ftm>
<fta>4</fta>
<oreb>1</oreb>
<dreb>4</dreb>
<reb>5</reb>
<ast>3</ast>
<stl>0</stl>
<blk>0</blk>
<to>2</to>
<pf>5</pf>
<pam>-3</pam>
<pts>8</pts>
<dnp>false</dnp>
</player>
<player>
<name>Robin Lopez</name>
<pos>C</pos>
<start>true</start>
<min>32</min>
<fgm>2</fgm>
<fga>6</fga>
<tpm>0</tpm>
<tpa>0</tpa>
<ftm>4</ftm>
<fta>4</fta>
<oreb>1</oreb>
<dreb>6</dreb>
<reb>7</reb>
<ast>2</ast>
<stl>0</stl>
<blk>1</blk>
<to>1</to>
<pf>4</pf>
<pam>-8</pam>
<pts>8</pts>
<dnp>false</dnp>
</player>
<player>
<name>Damian Lillard</name>
<pos>PG</pos>
<start>true</start>
<min>37</min>
<fgm>7</fgm>
<fga>17</fga>
<tpm>2</tpm>
<tpa>4</tpa>
<ftm>10</ftm>
<fta>10</fta>
<oreb>1</oreb>
<dreb>5</dreb>
<reb>6</reb>
<ast>2</ast>
<stl>0</stl>
<blk>2</blk>
<to>4</to>
<pf>2</pf>
<pam>+9</pam>
<pts>26</pts>
<dnp>false</dnp>
</player>
<player>
<name>Wesley Matthews</name>
<pos>SG</pos>
<start>true</start>
<min>36</min>
<fgm>5</fgm>
<fga>11</fga>
<tpm>1</tpm>
<tpa>2</tpa>
<ftm>4</ftm>
<fta>5</fta>
<oreb>1</oreb>
<dreb>0</dreb>
<reb>1</reb>
<ast>3</ast>
<stl>2</stl>
<blk>0</blk>
<to>2</to>
<pf>0</pf>
<pam>-7</pam>
<pts>15</pts>
<dnp>false</dnp>
</player>
<player>
<name>Thomas Robinson</name>
<pos>PF</pos>
<start>false</start>
<min>11</min>
<fgm>2</fgm>
<fga>3</fga>
<tpm>0</tpm>
<tpa>0</tpa>
<ftm>0</ftm>
<fta>0</fta>
<oreb>0</oreb>
<dreb>5</dreb>
<reb>5</reb>
<ast>1</ast>
<stl>0</stl>
<blk>0</blk>
<to>0</to>
<pf>3</pf>
<pam>+7</pam>
<pts>4</pts>
<dnp>false</dnp>
</player>
<player>
<name>Dorell Wright</name>
<pos>SF</pos>
<start>false</start>
<min>12</min>
<fgm>0</fgm>
<fga>2</fga>
<tpm>0</tpm>
<tpa>1</tpa>
<ftm>2</ftm>
<fta>2</fta>
<oreb>0</oreb>
<dreb>2</dreb>
<reb>2</reb>
<ast>0</ast>
<stl>0</stl>
<blk>0</blk>
<to>0</to>
<pf>1</pf>
<pam>+5</pam>
<pts>2</pts>
<dnp>false</dnp>
</player>
<player>
<name>Joel Freeland</name>
<pos>C</pos>
<start>false</start>
<min>16</min>
<fgm>1</fgm>
<fga>1</fga>
<tpm>0</tpm>
<tpa>0</tpa>
<ftm>0</ftm>
<fta>0</fta>
<oreb>2</oreb>
<dreb>2</dreb>
<reb>4</reb>
<ast>1</ast>
<stl>0</stl>
<blk>0</blk>
<to>1</to>
<pf>1</pf>
<pam>+12</pam>
<pts>2</pts>
<dnp>false</dnp>
</player>
<player>
<name>Earl Watson</name>
<pos>PG</pos>
<start>false</start>
<min>0</min>
<fgm>0</fgm>
<fga>0</fga>
<tpm>0</tpm>
<tpa>0</tpa>
<ftm>0</ftm>
<fta>0</fta>
<oreb>0</oreb>
<dreb>0</dreb>
<reb>0</reb>
<ast>0</ast>
<stl>0</stl>
<blk>0</blk>
<to>1</to>
<pf>0</pf>
<pam>0</pam>
<pts>0</pts>
<dnp>false</dnp>
</player>
<player>
<name>Mo Williams</name>
<pos>PG</pos>
<start>false</start>
<min>23</min>
<fgm>6</fgm>
<fga>12</fga>
<tpm>1</tpm>
<tpa>4</tpa>
<ftm>0</ftm>
<fta>0</fta>
<oreb>0</oreb>
<dreb>0</dreb>
<reb>0</reb>
<ast>2</ast>
<stl>0</stl>
<blk>0</blk>
<to>3</to>
<pf>4</pf>
<pam>+8</pam>
<pts>13</pts>
<dnp>false</dnp>
</player>
<player>
<name>Meyers Leonard</name>
<pos>C</pos>
<start>false</start>
<min>0</min>
<fgm>0</fgm>
<fga>0</fga>
<tpm>0</tpm>
<tpa>0</tpa>
<ftm>0</ftm>
<fta>0</fta>
<oreb>0</oreb>
<dreb>0</dreb>
<reb>0</reb>
<ast>0</ast>
<stl>0</stl>
<blk>0</blk>
<to>0</to>
<pf>0</pf>
<pam>0</pam>
<pts>0</pts>
<dnp>true</dnp>
</player>
<player>
<name>Allen Crabbe</name>
<pos>SG</pos>
<start>false</start>
<min>0</min>
<fgm>0</fgm>
<fga>0</fga>
<tpm>0</tpm>
<tpa>0</tpa>
<ftm>0</ftm>
<fta>0</fta>
<oreb>0</oreb>
<dreb>0</dreb>
<reb>0</reb>
<ast>0</ast>
<stl>0</stl>
<blk>0</blk>
<to>0</to>
<pf>0</pf>
<pam>0</pam>
<pts>0</pts>
<dnp>true</dnp>
</player>
<home>true</home>
<win>true</win>
<fgm>36</fgm>
<fga>76</fga>
<tpm>5</tpm>
<tpa>13</tpa>
<ftm>29</ftm>
<fta>33</fta>
<oreb>6</oreb>
<dreb>34</dreb>
<reb>40</reb>
<ast>17</ast>
<stl>3</stl>
<blk>4</blk>
<to>14</to>
<pf>20</pf>
<pts>106</pts>
</team>
</game>