<game>
<id>400489049</id>
<date>7:00 PM ET, November 22, 2013</date>
<team>
<name>Phoenix Suns</name>
<player>
<name>Channing Frye</name>
<pos>PF</pos>
<start>true</start>
<min>28</min>
<fgm>6</fgm>
<fga>10</fga>
<tpm>5</tpm>
<tpa>7</tpa>
<ftm>3</ftm>
<fta>4</fta>
<oreb>0</oreb>
<dreb>3</dreb>
<reb>3</reb>
<ast>1</ast>
<stl>2</stl>
<blk>1</blk>
<to>0</to>
<pf>4</pf>
<pam>+2</pam>
<pts>20</pts>
<dnp>false</dnp>
</player>
<player>
<name>P.J. Tucker</name>
<pos>SF</pos>
<start>true</start>
<min>25</min>
<fgm>6</fgm>
<fga>6</fga>
<tpm>3</tpm>
<tpa>3</tpa>
<ftm>2</ftm>
<fta>3</fta>
<oreb>4</oreb>
<dreb>1</dreb>
<reb>5</reb>
<ast>2</ast>
<stl>0</stl>
<blk>0</blk>
<to>3</to>
<pf>4</pf>
<pam>-13</pam>
<pts>17</pts>
<dnp>false</dnp>
</player>
<player>
<name>Miles Plumlee</name>
<pos>C</pos>
<start>true</start>
<min>24</min>
<fgm>2</fgm>
<fga>6</fga>
<tpm>0</tpm>
<tpa>0</tpa>
<ftm>0</ftm>
<fta>2</fta>
<oreb>2</oreb>
<dreb>9</dreb>
<reb>11</reb>
<ast>0</ast>
<stl>0</stl>
<blk>3</blk>
<to>1</to>
<pf>3</pf>
<pam>+3</pam>
<pts>4</pts>
<dnp>false</dnp>
</player>
<player>
<name>Gerald Green</name>
<pos>SG</pos>
<start>true</start>
<min>35</min>
<fgm>5</fgm>
<fga>15</fga>
<tpm>0</tpm>
<tpa>8</tpa>
<ftm>4</ftm>
<fta>4</fta>
<oreb>0</oreb>
<dreb>1</dreb>
<reb>1</reb>
<ast>3</ast>
<stl>1</stl>
<blk>0</blk>
<to>3</to>
<pf>3</pf>
<pam>-7</pam>
<pts>14</pts>
<dnp>false</dnp>
</player>
<player>
<name>Goran Dragic</name>
<pos>SG</pos>
<start>true</start>
<min>32</min>
<fgm>4</fgm>
<fga>9</fga>
<tpm>0</tpm>
<tpa>1</tpa>
<ftm>6</ftm>
<fta>11</fta>
<oreb>0</oreb>
<dreb>5</dreb>
<reb>5</reb>
<ast>8</ast>
<stl>1</stl>
<blk>0</blk>
<to>6</to>
<pf>5</pf>
<pam>-4</pam>
<pts>14</pts>
<dnp>false</dnp>
</player>
<player>
<name>Markieff Morris</name>
<pos>PF</pos>
<start>false</start>
<min>36</min>
<fgm>4</fgm>
<fga>13</fga>
<tpm>1</tpm>
<tpa>2</tpa>
<ftm>2</ftm>
<fta>4</fta>
<oreb>1</oreb>
<dreb>8</dreb>
<reb>9</reb>
<ast>2</ast>
<stl>0</stl>
<blk>0</blk>
<to>1</to>
<pf>4</pf>
<pam>+15</pam>
<pts>11</pts>
<dnp>false</dnp>
</player>
<player>
<name>Marcus Morris</name>
<pos>PF</pos>
<start>false</start>
<min>19</min>
<fgm>2</fgm>
<fga>2</fga>
<tpm>1</tpm>
<tpa>1</tpa>
<ftm>3</ftm>
<fta>7</fta>
<oreb>2</oreb>
<dreb>1</dreb>
<reb>3</reb>
<ast>1</ast>
<stl>1</stl>
<blk>0</blk>
<to>2</to>
<pf>0</pf>
<pam>+15</pam>
<pts>8</pts>
<dnp>false</dnp>
</player>
<player>
<name>Ish Smith</name>
<pos>PG</pos>
<start>false</start>
<min>18</min>
<fgm>1</fgm>
<fga>4</fga>
<tpm>0</tpm>
<tpa>0</tpa>
<ftm>0</ftm>
<fta>0</fta>
<oreb>0</oreb>
<dreb>0</dreb>
<reb>0</reb>
<ast>4</ast>
<stl>2</stl>
<blk>0</blk>
<to>3</to>
<pf>1</pf>
<pam>+5</pam>
<pts>2</pts>
<dnp>false</dnp>
</player>
<player>
<name>Archie Goodwin</name>
<pos>SG</pos>
<start>false</start>
<min>22</min>
<fgm>3</fgm>
<fga>5</fga>
<tpm>0</tpm>
<tpa>1</tpa>
<ftm>2</ftm>
<fta>3</fta>
<oreb>0</oreb>
<dreb>6</dreb>
<reb>6</reb>
<ast>0</ast>
<stl>1</stl>
<blk>1</blk>
<to>2</to>
<pf>1</pf>
<pam>+19</pam>
<pts>8</pts>
<dnp>false</dnp>
</player>
<player>
<name>Slava Kravtsov</name>
<pos>C</pos>
<start>false</start>
<min>0</min>
<fgm>0</fgm>
<fga>0</fga>
<tpm>0</tpm>
<tpa>0</tpa>
<ftm>0</ftm>
<fta>0</fta>
<oreb>0</oreb>
<dreb>0</dreb>
<reb>0</reb>
<ast>0</ast>
<stl>0</stl>
<blk>0</blk>
<to>0</to>
<pf>0</pf>
<pam>0</pam>
<pts>0</pts>
<dnp>true</dnp>
</player>
<player>
<name>Alex Len</name>
<pos>C</pos>
<start>false</start>
<min>0</min>
<fgm>0</fgm>
<fga>0</fga>
<tpm>0</tpm>
<tpa>0</tpa>
<ftm>0</ftm>
<fta>0</fta>
<oreb>0</oreb>
<dreb>0</dreb>
<reb>0</reb>
<ast>0</ast>
<stl>0</stl>
<blk>0</blk>
<to>0</to>
<pf>0</pf>
<pam>0</pam>
<pts>0</pts>
<dnp>true</dnp>
</player>
<player>
<name>Eric Bledsoe</name>
<pos>PG</pos>
<start>false</start>
<min>0</min>
<fgm>0</fgm>
<fga>0</fga>
<tpm>0</tpm>
<tpa>0</tpa>
<ftm>0</ftm>
<fta>0</fta>
<oreb>0</oreb>
<dreb>0</dreb>
<reb>0</reb>
<ast>0</ast>
<stl>0</stl>
<blk>0</blk>
<to>0</to>
<pf>0</pf>
<pam>0</pam>
<pts>0</pts>
<dnp>true</dnp>
</player>
<home>false</home>
<win>true</win>
<fgm>33</fgm>
<fga>70</fga>
<tpm>10</tpm>
<tpa>23</tpa>
<ftm>22</ftm>
<fta>38</fta>
<oreb>9</oreb>
<dreb>34</dreb>
<reb>43</reb>
<ast>21</ast>
<stl>8</stl>
<blk>5</blk>
<to>21</to>
<pf>25</pf>
<pts>98</pts>
</team>
<team>
<name>Charlotte Bobcats</name>
<player>
<name>Josh McRoberts</name>
<pos>PF</pos>
<start>true</start>
<min>31</min>
<fgm>4</fgm>
<fga>10</fga>
<tpm>2</tpm>
<tpa>6</tpa>
<ftm>0</ftm>
<fta>0</fta>
<oreb>3</oreb>
<dreb>3</dreb>
<reb>6</reb>
<ast>5</ast>
<stl>1</stl>
<blk>0</blk>
<to>0</to>
<pf>4</pf>
<pam>+13</pam>
<pts>10</pts>
<dnp>false</dnp>
</player>
<player>
<name>Michael Kidd-Gilchrist</name>
<pos>SF</pos>
<start>true</start>
<min>18</min>
<fgm>1</fgm>
<fga>2</fga>
<tpm>0</tpm>
<tpa>0</tpa>
<ftm>7</ftm>
<fta>8</fta>
<oreb>0</oreb>
<dreb>3</dreb>
<reb>3</reb>
<ast>0</ast>
<stl>1</stl>
<blk>0</blk>
<to>2</to>
<pf>2</pf>
<pam>-10</pam>
<pts>9</pts>
<dnp>false</dnp>
</player>
<player>
<name>Al Jefferson</name>
<pos>C</pos>
<start>true</start>
<min>25</min>
<fgm>3</fgm>
<fga>6</fga>
<tpm>0</tpm>
<tpa>0</tpa>
<ftm>3</ftm>
<fta>5</fta>
<oreb>2</oreb>
<dreb>4</dreb>
<reb>6</reb>
<ast>3</ast>
<stl>2</stl>
<blk>3</blk>
<to>3</to>
<pf>4</pf>
<pam>-9</pam>
<pts>9</pts>
<dnp>false</dnp>
</player>
<player>
<name>Kemba Walker</name>
<pos>PG</pos>
<start>true</start>
<min>37</min>
<fgm>7</fgm>
<fga>18</fga>
<tpm>0</tpm>
<tpa>4</tpa>
<ftm>2</ftm>
<fta>3</fta>
<oreb>0</oreb>
<dreb>5</dreb>
<reb>5</reb>
<ast>6</ast>
<stl>1</stl>
<blk>0</blk>
<to>1</to>
<pf>3</pf>
<pam>+3</pam>
<pts>16</pts>
<dnp>false</dnp>
</player>
<player>
<name>Gerald Henderson</name>
<pos>SG</pos>
<start>true</start>
<min>34</min>
<fgm>6</fgm>
<fga>12</fga>
<tpm>0</tpm>
<tpa>1</tpa>
<ftm>5</ftm>
<fta>6</fta>
<oreb>0</oreb>
<dreb>4</dreb>
<reb>4</reb>
<ast>3</ast>
<stl>1</stl>
<blk>1</blk>
<to>1</to>
<pf>4</pf>
<pam>+7</pam>
<pts>17</pts>
<dnp>false</dnp>
</player>
<player>
<name>Anthony Tolliver</name>
<pos>PF</pos>
<start>false</start>
<min>8</min>
<fgm>0</fgm>
<fga>1</fga>
<tpm>0</tpm>
<tpa>1</tpa>
<ftm>0</ftm>
<fta>0</fta>
<oreb>0</oreb>
<dreb>1</dreb>
<reb>1</reb>
<ast>0</ast>
<stl>0</stl>
<blk>0</blk>
<to>0</to>
<pf>1</pf>
<pam>+1</pam>
<pts>0</pts>
<dnp>false</dnp>
</player>
<player>
<name>Jeff Adrien</name>
<pos>SF</pos>
<start>false</start>
<min>16</min>
<fgm>1</fgm>
<fga>3</fga>
<tpm>0</tpm>
<tpa>0</tpa>
<ftm>3</ftm>
<fta>3</fta>
<oreb>1</oreb>
<dreb>2</dreb>
<reb>3</reb>
<ast>0</ast>
<stl>1</stl>
<blk>0</blk>
<to>1</to>
<pf>1</pf>
<pam>-10</pam>
<pts>5</pts>
<dnp>false</dnp>
</player>
<player>
<name>Jeff Taylor</name>
<pos>SF</pos>
<start>false</start>
<min>18</min>
<fgm>2</fgm>
<fga>4</fga>
<tpm>0</tpm>
<tpa>0</tpa>
<ftm>0</ftm>
<fta>0</fta>
<oreb>0</oreb>
<dreb>0</dreb>
<reb>0</reb>
<ast>0</ast>
<stl>0</stl>
<blk>0</blk>
<to>2</to>
<pf>5</pf>
<pam>-12</pam>
<pts>4</pts>
<dnp>false</dnp>
</player>
<player>
<name>Cody Zeller</name>
<pos>C</pos>
<start>false</start>
<min>25</min>
<fgm>2</fgm>
<fga>11</fga>
<tpm>0</tpm>
<tpa>0</tpa>
<ftm>2</ftm>
<fta>2</fta>
<oreb>4</oreb>
<dreb>5</dreb>
<reb>9</reb>
<ast>0</ast>
<stl>0</stl>
<blk>0</blk>
<to>3</to>
<pf>3</pf>
<pam>-8</pam>
<pts>6</pts>
<dnp>false</dnp>
</player>
<player>
<name>Ramon Sessions</name>
<pos>PG</pos>
<start>false</start>
<min>28</min>
<fgm>6</fgm>
<fga>10</fga>
<tpm>1</tpm>
<tpa>2</tpa>
<ftm>2</ftm>
<fta>6</fta>
<oreb>1</oreb>
<dreb>3</dreb>
<reb>4</reb>
<ast>0</ast>
<stl>2</stl>
<blk>0</blk>
<to>3</to>
<pf>1</pf>
<pam>-10</pam>
<pts>15</pts>
<dnp>false</dnp>
</player>
<player>
<name>Bismack Biyombo</name>
<pos>C</pos>
<start>false</start>
<min>0</min>
<fgm>0</fgm>
<fga>0</fga>
<tpm>0</tpm>
<tpa>0</tpa>
<ftm>0</ftm>
<fta>0</fta>
<oreb>0</oreb>
<dreb>0</dreb>
<reb>0</reb>
<ast>0</ast>
<stl>0</stl>
<blk>0</blk>
<to>0</to>
<pf>0</pf>
<pam>0</pam>
<pts>0</pts>
<dnp>true</dnp>
</player>
<player>
<name>Jannero Pargo</name>
<pos>PG</pos>
<start>false</start>
<min>0</min>
<fgm>0</fgm>
<fga>0</fga>
<tpm>0</tpm>
<tpa>0</tpa>
<ftm>0</ftm>
<fta>0</fta>
<oreb>0</oreb>
<dreb>0</dreb>
<reb>0</reb>
<ast>0</ast>
<stl>0</stl>
<blk>0</blk>
<to>0</to>
<pf>0</pf>
<pam>0</pam>
<pts>0</pts>
<dnp>true</dnp>
</player>
<home>true</home>
<win>false</win>
<fgm>32</fgm>
<fga>77</fga>
<tpm>3</tpm>
<tpa>14</tpa>
<ftm>24</ftm>
<fta>33</fta>
<oreb>11</oreb>
<dreb>30</dreb>
<reb>41</reb>
<ast>17</ast>
<stl>9</stl>
<blk>4</blk>
<to>16</to>
<pf>28</pf>
<pts>91</pts>
</team>
</game>