<game>
<id>400488991</id>
<date>9:00 PM ET, November 13, 2013</date>
<team>
<name>Los Angeles Lakers</name>
<player>
<name>Pau Gasol</name>
<pos>PF</pos>
<start>true</start>
<min>33</min>
<fgm>12</fgm>
<fga>27</fga>
<tpm>0</tpm>
<tpa>0</tpa>
<ftm>1</ftm>
<fta>5</fta>
<oreb>2</oreb>
<dreb>10</dreb>
<reb>12</reb>
<ast>3</ast>
<stl>0</stl>
<blk>1</blk>
<to>2</to>
<pf>2</pf>
<pam>-10</pam>
<pts>25</pts>
<dnp>false</dnp>
</player>
<player>
<name>Jordan Hill</name>
<pos>PF</pos>
<start>true</start>
<min>30</min>
<fgm>6</fgm>
<fga>11</fga>
<tpm>0</tpm>
<tpa>0</tpa>
<ftm>6</ftm>
<fta>6</fta>
<oreb>8</oreb>
<dreb>7</dreb>
<reb>15</reb>
<ast>0</ast>
<stl>1</stl>
<blk>3</blk>
<to>0</to>
<pf>5</pf>
<pam>-1</pam>
<pts>18</pts>
<dnp>false</dnp>
</player>
<player>
<name>Wesley Johnson</name>
<pos>SF</pos>
<start>true</start>
<min>32</min>
<fgm>3</fgm>
<fga>6</fga>
<tpm>2</tpm>
<tpa>3</tpa>
<ftm>2</ftm>
<fta>2</fta>
<oreb>2</oreb>
<dreb>3</dreb>
<reb>5</reb>
<ast>2</ast>
<stl>3</stl>
<blk>5</blk>
<to>2</to>
<pf>5</pf>
<pam>+7</pam>
<pts>10</pts>
<dnp>false</dnp>
</player>
<player>
<name>Steve Blake</name>
<pos>PG</pos>
<start>true</start>
<min>34</min>
<fgm>5</fgm>
<fga>11</fga>
<tpm>2</tpm>
<tpa>4</tpa>
<ftm>3</ftm>
<fta>5</fta>
<oreb>0</oreb>
<dreb>6</dreb>
<reb>6</reb>
<ast>11</ast>
<stl>0</stl>
<blk>0</blk>
<to>3</to>
<pf>2</pf>
<pam>-9</pam>
<pts>15</pts>
<dnp>false</dnp>
</player>
<player>
<name>Jodie Meeks</name>
<pos>SG</pos>
<start>true</start>
<min>27</min>
<fgm>1</fgm>
<fga>5</fga>
<tpm>1</tpm>
<tpa>3</tpa>
<ftm>0</ftm>
<fta>2</fta>
<oreb>0</oreb>
<dreb>0</dreb>
<reb>0</reb>
<ast>0</ast>
<stl>0</stl>
<blk>0</blk>
<to>0</to>
<pf>2</pf>
<pam>-5</pam>
<pts>3</pts>
<dnp>false</dnp>
</player>
<player>
<name>Xavier Henry</name>
<pos>SF</pos>
<start>false</start>
<min>16</min>
<fgm>2</fgm>
<fga>5</fga>
<tpm>1</tpm>
<tpa>2</tpa>
<ftm>1</ftm>
<fta>2</fta>
<oreb>1</oreb>
<dreb>0</dreb>
<reb>1</reb>
<ast>0</ast>
<stl>0</stl>
<blk>0</blk>
<to>1</to>
<pf>2</pf>
<pam>-14</pam>
<pts>6</pts>
<dnp>false</dnp>
</player>
<player>
<name>Shawne Williams</name>
<pos>SF</pos>
<start>false</start>
<min>9</min>
<fgm>1</fgm>
<fga>4</fga>
<tpm>0</tpm>
<tpa>2</tpa>
<ftm>0</ftm>
<fta>0</fta>
<oreb>0</oreb>
<dreb>2</dreb>
<reb>2</reb>
<ast>0</ast>
<stl>0</stl>
<blk>0</blk>
<to>1</to>
<pf>3</pf>
<pam>-3</pam>
<pts>2</pts>
<dnp>false</dnp>
</player>
<player>
<name>Nick Young</name>
<pos>SF</pos>
<start>false</start>
<min>26</min>
<fgm>4</fgm>
<fga>12</fga>
<tpm>2</tpm>
<tpa>6</tpa>
<ftm>1</ftm>
<fta>1</fta>
<oreb>3</oreb>
<dreb>2</dreb>
<reb>5</reb>
<ast>1</ast>
<stl>0</stl>
<blk>0</blk>
<to>1</to>
<pf>2</pf>
<pam>-13</pam>
<pts>11</pts>
<dnp>false</dnp>
</player>
<player>
<name>Chris Kaman</name>
<pos>C</pos>
<start>false</start>
<min>19</min>
<fgm>3</fgm>
<fga>9</fga>
<tpm>0</tpm>
<tpa>0</tpa>
<ftm>2</ftm>
<fta>2</fta>
<oreb>3</oreb>
<dreb>1</dreb>
<reb>4</reb>
<ast>2</ast>
<stl>0</stl>
<blk>0</blk>
<to>3</to>
<pf>4</pf>
<pam>-9</pam>
<pts>8</pts>
<dnp>false</dnp>
</player>
<player>
<name>Jordan Farmar</name>
<pos>PG</pos>
<start>false</start>
<min>14</min>
<fgm>0</fgm>
<fga>4</fga>
<tpm>0</tpm>
<tpa>1</tpa>
<ftm>1</ftm>
<fta>1</fta>
<oreb>0</oreb>
<dreb>1</dreb>
<reb>1</reb>
<ast>1</ast>
<stl>0</stl>
<blk>0</blk>
<to>1</to>
<pf>0</pf>
<pam>-3</pam>
<pts>1</pts>
<dnp>false</dnp>
</player>
<player>
<name>Ryan Kelly</name>
<pos>PF</pos>
<start>false</start>
<min>0</min>
<fgm>0</fgm>
<fga>0</fga>
<tpm>0</tpm>
<tpa>0</tpa>
<ftm>0</ftm>
<fta>0</fta>
<oreb>0</oreb>
<dreb>0</dreb>
<reb>0</reb>
<ast>0</ast>
<stl>0</stl>
<blk>0</blk>
<to>0</to>
<pf>0</pf>
<pam>0</pam>
<pts>0</pts>
<dnp>true</dnp>
</player>
<player>
<name>Elias Harris</name>
<pos>SF</pos>
<start>false</start>
<min>0</min>
<fgm>0</fgm>
<fga>0</fga>
<tpm>0</tpm>
<tpa>0</tpa>
<ftm>0</ftm>
<fta>0</fta>
<oreb>0</oreb>
<dreb>0</dreb>
<reb>0</reb>
<ast>0</ast>
<stl>0</stl>
<blk>0</blk>
<to>0</to>
<pf>0</pf>
<pam>0</pam>
<pts>0</pts>
<dnp>true</dnp>
</player>
<home>false</home>
<win>false</win>
<fgm>37</fgm>
<fga>94</fga>
<tpm>8</tpm>
<tpa>21</tpa>
<ftm>17</ftm>
<fta>26</fta>
<oreb>19</oreb>
<dreb>32</dreb>
<reb>51</reb>
<ast>20</ast>
<stl>4</stl>
<blk>9</blk>
<to>14</to>
<pf>27</pf>
<pts>99</pts>
</team>
<team>
<name>Denver Nuggets</name>
<player>
<name>Kenneth Faried</name>
<pos>PF</pos>
<start>true</start>
<min>30</min>
<fgm>8</fgm>
<fga>13</fga>
<tpm>0</tpm>
<tpa>0</tpa>
<ftm>5</ftm>
<fta>9</fta>
<oreb>7</oreb>
<dreb>6</dreb>
<reb>13</reb>
<ast>2</ast>
<stl>0</stl>
<blk>0</blk>
<to>1</to>
<pf>2</pf>
<pam>+5</pam>
<pts>21</pts>
<dnp>false</dnp>
</player>
<player>
<name>Jordan Hamilton</name>
<pos>SF</pos>
<start>true</start>
<min>12</min>
<fgm>1</fgm>
<fga>6</fga>
<tpm>0</tpm>
<tpa>3</tpa>
<ftm>4</ftm>
<fta>4</fta>
<oreb>2</oreb>
<dreb>4</dreb>
<reb>6</reb>
<ast>1</ast>
<stl>2</stl>
<blk>0</blk>
<to>0</to>
<pf>1</pf>
<pam>+3</pam>
<pts>6</pts>
<dnp>false</dnp>
</player>
<player>
<name>J.J. Hickson</name>
<pos>C</pos>
<start>true</start>
<min>17</min>
<fgm>3</fgm>
<fga>11</fga>
<tpm>0</tpm>
<tpa>0</tpa>
<ftm>0</ftm>
<fta>2</fta>
<oreb>5</oreb>
<dreb>3</dreb>
<reb>8</reb>
<ast>0</ast>
<stl>1</stl>
<blk>1</blk>
<to>0</to>
<pf>3</pf>
<pam>+5</pam>
<pts>6</pts>
<dnp>false</dnp>
</player>
<player>
<name>Ty Lawson</name>
<pos>PG</pos>
<start>true</start>
<min>34</min>
<fgm>7</fgm>
<fga>17</fga>
<tpm>0</tpm>
<tpa>3</tpa>
<ftm>5</ftm>
<fta>8</fta>
<oreb>3</oreb>
<dreb>3</dreb>
<reb>6</reb>
<ast>7</ast>
<stl>3</stl>
<blk>1</blk>
<to>1</to>
<pf>1</pf>
<pam>0</pam>
<pts>19</pts>
<dnp>false</dnp>
</player>
<player>
<name>Randy Foye</name>
<pos>SG</pos>
<start>true</start>
<min>24</min>
<fgm>3</fgm>
<fga>5</fga>
<tpm>2</tpm>
<tpa>3</tpa>
<ftm>0</ftm>
<fta>0</fta>
<oreb>1</oreb>
<dreb>0</dreb>
<reb>1</reb>
<ast>4</ast>
<stl>0</stl>
<blk>1</blk>
<to>2</to>
<pf>1</pf>
<pam>0</pam>
<pts>8</pts>
<dnp>false</dnp>
</player>
<player>
<name>Darrell Arthur</name>
<pos>PF</pos>
<start>false</start>
<min>18</min>
<fgm>1</fgm>
<fga>4</fga>
<tpm>0</tpm>
<tpa>0</tpa>
<ftm>0</ftm>
<fta>0</fta>
<oreb>1</oreb>
<dreb>3</dreb>
<reb>4</reb>
<ast>1</ast>
<stl>1</stl>
<blk>1</blk>
<to>0</to>
<pf>3</pf>
<pam>+7</pam>
<pts>2</pts>
<dnp>false</dnp>
</player>
<player>
<name>Wilson Chandler</name>
<pos>SF</pos>
<start>false</start>
<min>21</min>
<fgm>4</fgm>
<fga>11</fga>
<tpm>4</tpm>
<tpa>7</tpa>
<ftm>0</ftm>
<fta>0</fta>
<oreb>1</oreb>
<dreb>4</dreb>
<reb>5</reb>
<ast>0</ast>
<stl>2</stl>
<blk>0</blk>
<to>0</to>
<pf>3</pf>
<pam>+12</pam>
<pts>12</pts>
<dnp>false</dnp>
</player>
<player>
<name>Timofey Mozgov</name>
<pos>C</pos>
<start>false</start>
<min>28</min>
<fgm>8</fgm>
<fga>12</fga>
<tpm>0</tpm>
<tpa>1</tpa>
<ftm>7</ftm>
<fta>9</fta>
<oreb>2</oreb>
<dreb>7</dreb>
<reb>9</reb>
<ast>0</ast>
<stl>0</stl>
<blk>4</blk>
<to>2</to>
<pf>2</pf>
<pam>0</pam>
<pts>23</pts>
<dnp>false</dnp>
</player>
<player>
<name>Andre Miller</name>
<pos>PG</pos>
<start>false</start>
<min>21</min>
<fgm>3</fgm>
<fga>10</fga>
<tpm>0</tpm>
<tpa>2</tpa>
<ftm>1</ftm>
<fta>1</fta>
<oreb>0</oreb>
<dreb>2</dreb>
<reb>2</reb>
<ast>5</ast>
<stl>0</stl>
<blk>0</blk>
<to>1</to>
<pf>0</pf>
<pam>+8</pam>
<pts>7</pts>
<dnp>false</dnp>
</player>
<player>
<name>Nate Robinson</name>
<pos>PG</pos>
<start>false</start>
<min>19</min>
<fgm>1</fgm>
<fga>8</fga>
<tpm>0</tpm>
<tpa>2</tpa>
<ftm>0</ftm>
<fta>0</fta>
<oreb>0</oreb>
<dreb>3</dreb>
<reb>3</reb>
<ast>2</ast>
<stl>2</stl>
<blk>0</blk>
<to>1</to>
<pf>4</pf>
<pam>+10</pam>
<pts>2</pts>
<dnp>false</dnp>
</player>
<player>
<name>Evan Fournier</name>
<pos>SG</pos>
<start>false</start>
<min>15</min>
<fgm>1</fgm>
<fga>3</fga>
<tpm>0</tpm>
<tpa>0</tpa>
<ftm>3</ftm>
<fta>4</fta>
<oreb>1</oreb>
<dreb>0</dreb>
<reb>1</reb>
<ast>1</ast>
<stl>0</stl>
<blk>0</blk>
<to>0</to>
<pf>0</pf>
<pam>+10</pam>
<pts>5</pts>
<dnp>false</dnp>
</player>
<player>
<name>Anthony Randolph</name>
<pos>PF</pos>
<start>false</start>
<min>0</min>
<fgm>0</fgm>
<fga>0</fga>
<tpm>0</tpm>
<tpa>0</tpa>
<ftm>0</ftm>
<fta>0</fta>
<oreb>0</oreb>
<dreb>0</dreb>
<reb>0</reb>
<ast>0</ast>
<stl>0</stl>
<blk>0</blk>
<to>0</to>
<pf>0</pf>
<pam>0</pam>
<pts>0</pts>
<dnp>true</dnp>
</player>
<home>true</home>
<win>true</win>
<fgm>40</fgm>
<fga>100</fga>
<tpm>6</tpm>
<tpa>21</tpa>
<ftm>25</ftm>
<fta>37</fta>
<oreb>23</oreb>
<dreb>35</dreb>
<reb>58</reb>
<ast>23</ast>
<stl>11</stl>
<blk>8</blk>
<to>8</to>
<pf>20</pf>
<pts>111</pts>
</team>
</game>