<game>
<id>400489091</id>
<date>7:30 PM ET, November 27, 2013</date>
<team>
<name>Los Angeles Lakers</name>
<player>
<name>Pau Gasol</name>
<pos>PF</pos>
<start>true</start>
<min>35</min>
<fgm>9</fgm>
<fga>17</fga>
<tpm>0</tpm>
<tpa>0</tpa>
<ftm>3</ftm>
<fta>4</fta>
<oreb>1</oreb>
<dreb>7</dreb>
<reb>8</reb>
<ast>0</ast>
<stl>0</stl>
<blk>1</blk>
<to>4</to>
<pf>0</pf>
<pam>-5</pam>
<pts>21</pts>
<dnp>false</dnp>
</player>
<player>
<name>Jordan Hill</name>
<pos>PF</pos>
<start>true</start>
<min>21</min>
<fgm>1</fgm>
<fga>9</fga>
<tpm>0</tpm>
<tpa>0</tpa>
<ftm>0</ftm>
<fta>0</fta>
<oreb>4</oreb>
<dreb>8</dreb>
<reb>12</reb>
<ast>1</ast>
<stl>0</stl>
<blk>0</blk>
<to>1</to>
<pf>4</pf>
<pam>+1</pam>
<pts>2</pts>
<dnp>false</dnp>
</player>
<player>
<name>Wesley Johnson</name>
<pos>SF</pos>
<start>true</start>
<min>25</min>
<fgm>2</fgm>
<fga>6</fga>
<tpm>0</tpm>
<tpa>3</tpa>
<ftm>0</ftm>
<fta>0</fta>
<oreb>3</oreb>
<dreb>2</dreb>
<reb>5</reb>
<ast>2</ast>
<stl>2</stl>
<blk>0</blk>
<to>0</to>
<pf>5</pf>
<pam>-5</pam>
<pts>4</pts>
<dnp>false</dnp>
</player>
<player>
<name>Steve Blake</name>
<pos>PG</pos>
<start>true</start>
<min>29</min>
<fgm>3</fgm>
<fga>8</fga>
<tpm>2</tpm>
<tpa>5</tpa>
<ftm>1</ftm>
<fta>2</fta>
<oreb>0</oreb>
<dreb>4</dreb>
<reb>4</reb>
<ast>10</ast>
<stl>0</stl>
<blk>0</blk>
<to>1</to>
<pf>1</pf>
<pam>+1</pam>
<pts>9</pts>
<dnp>false</dnp>
</player>
<player>
<name>Jodie Meeks</name>
<pos>SG</pos>
<start>true</start>
<min>31</min>
<fgm>3</fgm>
<fga>10</fga>
<tpm>1</tpm>
<tpa>4</tpa>
<ftm>4</ftm>
<fta>4</fta>
<oreb>1</oreb>
<dreb>1</dreb>
<reb>2</reb>
<ast>3</ast>
<stl>0</stl>
<blk>0</blk>
<to>1</to>
<pf>2</pf>
<pam>-7</pam>
<pts>11</pts>
<dnp>false</dnp>
</player>
<player>
<name>Xavier Henry</name>
<pos>SF</pos>
<start>false</start>
<min>13</min>
<fgm>1</fgm>
<fga>1</fga>
<tpm>0</tpm>
<tpa>0</tpa>
<ftm>3</ftm>
<fta>4</fta>
<oreb>0</oreb>
<dreb>1</dreb>
<reb>1</reb>
<ast>0</ast>
<stl>0</stl>
<blk>0</blk>
<to>0</to>
<pf>1</pf>
<pam>+11</pam>
<pts>5</pts>
<dnp>false</dnp>
</player>
<player>
<name>Shawne Williams</name>
<pos>SF</pos>
<start>false</start>
<min>25</min>
<fgm>1</fgm>
<fga>7</fga>
<tpm>1</tpm>
<tpa>5</tpa>
<ftm>1</ftm>
<fta>2</fta>
<oreb>1</oreb>
<dreb>9</dreb>
<reb>10</reb>
<ast>1</ast>
<stl>0</stl>
<blk>2</blk>
<to>0</to>
<pf>5</pf>
<pam>+4</pam>
<pts>4</pts>
<dnp>false</dnp>
</player>
<player>
<name>Nick Young</name>
<pos>SF</pos>
<start>false</start>
<min>33</min>
<fgm>8</fgm>
<fga>16</fga>
<tpm>4</tpm>
<tpa>6</tpa>
<ftm>6</ftm>
<fta>6</fta>
<oreb>1</oreb>
<dreb>0</dreb>
<reb>1</reb>
<ast>1</ast>
<stl>1</stl>
<blk>1</blk>
<to>1</to>
<pf>5</pf>
<pam>+5</pam>
<pts>26</pts>
<dnp>false</dnp>
</player>
<player>
<name>Robert Sacre</name>
<pos>C</pos>
<start>false</start>
<min>8</min>
<fgm>1</fgm>
<fga>2</fga>
<tpm>0</tpm>
<tpa>0</tpa>
<ftm>0</ftm>
<fta>0</fta>
<oreb>0</oreb>
<dreb>1</dreb>
<reb>1</reb>
<ast>0</ast>
<stl>0</stl>
<blk>1</blk>
<to>0</to>
<pf>0</pf>
<pam>+11</pam>
<pts>2</pts>
<dnp>false</dnp>
</player>
<player>
<name>Jordan Farmar</name>
<pos>PG</pos>
<start>false</start>
<min>22</min>
<fgm>5</fgm>
<fga>9</fga>
<tpm>5</tpm>
<tpa>7</tpa>
<ftm>0</ftm>
<fta>0</fta>
<oreb>0</oreb>
<dreb>4</dreb>
<reb>4</reb>
<ast>3</ast>
<stl>2</stl>
<blk>2</blk>
<to>2</to>
<pf>1</pf>
<pam>+9</pam>
<pts>15</pts>
<dnp>false</dnp>
</player>
<player>
<name>Chris Kaman</name>
<pos>C</pos>
<start>false</start>
<min>0</min>
<fgm>0</fgm>
<fga>0</fga>
<tpm>0</tpm>
<tpa>0</tpa>
<ftm>0</ftm>
<fta>0</fta>
<oreb>0</oreb>
<dreb>0</dreb>
<reb>0</reb>
<ast>0</ast>
<stl>0</stl>
<blk>0</blk>
<to>0</to>
<pf>0</pf>
<pam>0</pam>
<pts>0</pts>
<dnp>true</dnp>
</player>
<home>false</home>
<win>true</win>
<fgm>34</fgm>
<fga>85</fga>
<tpm>13</tpm>
<tpa>30</tpa>
<ftm>18</ftm>
<fta>22</fta>
<oreb>11</oreb>
<dreb>37</dreb>
<reb>48</reb>
<ast>21</ast>
<stl>5</stl>
<blk>7</blk>
<to>10</to>
<pf>24</pf>
<pts>99</pts>
</team>
<team>
<name>Brooklyn Nets</name>
<player>
<name>Paul Pierce</name>
<pos>SF</pos>
<start>true</start>
<min>33</min>
<fgm>4</fgm>
<fga>17</fga>
<tpm>2</tpm>
<tpa>7</tpa>
<ftm>2</ftm>
<fta>3</fta>
<oreb>0</oreb>
<dreb>6</dreb>
<reb>6</reb>
<ast>5</ast>
<stl>0</stl>
<blk>0</blk>
<to>4</to>
<pf>3</pf>
<pam>-10</pam>
<pts>12</pts>
<dnp>false</dnp>
</player>
<player>
<name>Andray Blatche</name>
<pos>C</pos>
<start>true</start>
<min>27</min>
<fgm>4</fgm>
<fga>10</fga>
<tpm>0</tpm>
<tpa>1</tpa>
<ftm>6</ftm>
<fta>7</fta>
<oreb>2</oreb>
<dreb>6</dreb>
<reb>8</reb>
<ast>3</ast>
<stl>2</stl>
<blk>2</blk>
<to>1</to>
<pf>3</pf>
<pam>+6</pam>
<pts>14</pts>
<dnp>false</dnp>
</player>
<player>
<name>Kevin Garnett</name>
<pos>C</pos>
<start>true</start>
<min>23</min>
<fgm>2</fgm>
<fga>5</fga>
<tpm>0</tpm>
<tpa>0</tpa>
<ftm>0</ftm>
<fta>0</fta>
<oreb>4</oreb>
<dreb>5</dreb>
<reb>9</reb>
<ast>0</ast>
<stl>0</stl>
<blk>2</blk>
<to>1</to>
<pf>4</pf>
<pam>-8</pam>
<pts>4</pts>
<dnp>false</dnp>
</player>
<player>
<name>Shaun Livingston</name>
<pos>PG</pos>
<start>true</start>
<min>25</min>
<fgm>2</fgm>
<fga>5</fga>
<tpm>0</tpm>
<tpa>1</tpa>
<ftm>1</ftm>
<fta>2</fta>
<oreb>0</oreb>
<dreb>2</dreb>
<reb>2</reb>
<ast>3</ast>
<stl>1</stl>
<blk>0</blk>
<to>0</to>
<pf>1</pf>
<pam>+2</pam>
<pts>5</pts>
<dnp>false</dnp>
</player>
<player>
<name>Joe Johnson</name>
<pos>SG</pos>
<start>true</start>
<min>37</min>
<fgm>6</fgm>
<fga>19</fga>
<tpm>2</tpm>
<tpa>7</tpa>
<ftm>4</ftm>
<fta>4</fta>
<oreb>1</oreb>
<dreb>3</dreb>
<reb>4</reb>
<ast>3</ast>
<stl>0</stl>
<blk>1</blk>
<to>1</to>
<pf>4</pf>
<pam>+1</pam>
<pts>18</pts>
<dnp>false</dnp>
</player>
<player>
<name>Reggie Evans</name>
<pos>PF</pos>
<start>false</start>
<min>4</min>
<fgm>0</fgm>
<fga>0</fga>
<tpm>0</tpm>
<tpa>0</tpa>
<ftm>0</ftm>
<fta>0</fta>
<oreb>1</oreb>
<dreb>0</dreb>
<reb>1</reb>
<ast>0</ast>
<stl>0</stl>
<blk>0</blk>
<to>0</to>
<pf>0</pf>
<pam>-6</pam>
<pts>0</pts>
<dnp>false</dnp>
</player>
<player>
<name>Mirza Teletovic</name>
<pos>PF</pos>
<start>false</start>
<min>21</min>
<fgm>4</fgm>
<fga>8</fga>
<tpm>4</tpm>
<tpa>7</tpa>
<ftm>5</ftm>
<fta>6</fta>
<oreb>1</oreb>
<dreb>4</dreb>
<reb>5</reb>
<ast>2</ast>
<stl>1</stl>
<blk>1</blk>
<to>1</to>
<pf>1</pf>
<pam>-8</pam>
<pts>17</pts>
<dnp>false</dnp>
</player>
<player>
<name>Mason Plumlee</name>
<pos>PF</pos>
<start>false</start>
<min>21</min>
<fgm>2</fgm>
<fga>3</fga>
<tpm>0</tpm>
<tpa>0</tpa>
<ftm>2</ftm>
<fta>2</fta>
<oreb>1</oreb>
<dreb>3</dreb>
<reb>4</reb>
<ast>0</ast>
<stl>1</stl>
<blk>4</blk>
<to>0</to>
<pf>3</pf>
<pam>+9</pam>
<pts>6</pts>
<dnp>false</dnp>
</player>
<player>
<name>Alan Anderson</name>
<pos>SF</pos>
<start>false</start>
<min>35</min>
<fgm>5</fgm>
<fga>13</fga>
<tpm>3</tpm>
<tpa>7</tpa>
<ftm>1</ftm>
<fta>2</fta>
<oreb>1</oreb>
<dreb>3</dreb>
<reb>4</reb>
<ast>3</ast>
<stl>1</stl>
<blk>0</blk>
<to>0</to>
<pf>2</pf>
<pam>0</pam>
<pts>14</pts>
<dnp>false</dnp>
</player>
<player>
<name>Tyshawn Taylor</name>
<pos>PG</pos>
<start>false</start>
<min>15</min>
<fgm>2</fgm>
<fga>3</fga>
<tpm>0</tpm>
<tpa>0</tpa>
<ftm>0</ftm>
<fta>0</fta>
<oreb>0</oreb>
<dreb>1</dreb>
<reb>1</reb>
<ast>2</ast>
<stl>0</stl>
<blk>0</blk>
<to>4</to>
<pf>2</pf>
<pam>-11</pam>
<pts>4</pts>
<dnp>false</dnp>
</player>
<player>
<name>Tornike Shengelia</name>
<pos>SF</pos>
<start>false</start>
<min>0</min>
<fgm>0</fgm>
<fga>0</fga>
<tpm>0</tpm>
<tpa>0</tpa>
<ftm>0</ftm>
<fta>0</fta>
<oreb>0</oreb>
<dreb>0</dreb>
<reb>0</reb>
<ast>0</ast>
<stl>0</stl>
<blk>0</blk>
<to>0</to>
<pf>0</pf>
<pam>0</pam>
<pts>0</pts>
<dnp>true</dnp>
</player>
<player>
<name>Deron Williams</name>
<pos>PG</pos>
<start>false</start>
<min>0</min>
<fgm>0</fgm>
<fga>0</fga>
<tpm>0</tpm>
<tpa>0</tpa>
<ftm>0</ftm>
<fta>0</fta>
<oreb>0</oreb>
<dreb>0</dreb>
<reb>0</reb>
<ast>0</ast>
<stl>0</stl>
<blk>0</blk>
<to>0</to>
<pf>0</pf>
<pam>0</pam>
<pts>0</pts>
<dnp>true</dnp>
</player>
<home>true</home>
<win>false</win>
<fgm>31</fgm>
<fga>83</fga>
<tpm>11</tpm>
<tpa>30</tpa>
<ftm>21</ftm>
<fta>26</fta>
<oreb>11</oreb>
<dreb>33</dreb>
<reb>44</reb>
<ast>21</ast>
<stl>6</stl>
<blk>10</blk>
<to>12</to>
<pf>23</pf>
<pts>94</pts>
</team>
</game>