<game>
<id>400489008</id>
<date>10:30 PM ET, November 15, 2013</date>
<team>
<name>Detroit Pistons</name>
<player>
<name>Greg Monroe</name>
<pos>PF</pos>
<start>true</start>
<min>30</min>
<fgm>4</fgm>
<fga>9</fga>
<tpm>0</tpm>
<tpa>0</tpa>
<ftm>0</ftm>
<fta>1</fta>
<oreb>0</oreb>
<dreb>4</dreb>
<reb>4</reb>
<ast>0</ast>
<stl>2</stl>
<blk>0</blk>
<to>1</to>
<pf>5</pf>
<pam>+7</pam>
<pts>8</pts>
<dnp>false</dnp>
</player>
<player>
<name>Josh Smith</name>
<pos>SF</pos>
<start>true</start>
<min>44</min>
<fgm>6</fgm>
<fga>13</fga>
<tpm>2</tpm>
<tpa>6</tpa>
<ftm>7</ftm>
<fta>10</fta>
<oreb>0</oreb>
<dreb>8</dreb>
<reb>8</reb>
<ast>7</ast>
<stl>5</stl>
<blk>4</blk>
<to>4</to>
<pf>3</pf>
<pam>+11</pam>
<pts>21</pts>
<dnp>false</dnp>
</player>
<player>
<name>Andre Drummond</name>
<pos>C</pos>
<start>true</start>
<min>36</min>
<fgm>7</fgm>
<fga>13</fga>
<tpm>0</tpm>
<tpa>0</tpa>
<ftm>1</ftm>
<fta>3</fta>
<oreb>8</oreb>
<dreb>10</dreb>
<reb>18</reb>
<ast>1</ast>
<stl>2</stl>
<blk>0</blk>
<to>4</to>
<pf>2</pf>
<pam>+7</pam>
<pts>15</pts>
<dnp>false</dnp>
</player>
<player>
<name>Brandon Jennings</name>
<pos>PG</pos>
<start>true</start>
<min>39</min>
<fgm>5</fgm>
<fga>14</fga>
<tpm>1</tpm>
<tpa>5</tpa>
<ftm>0</ftm>
<fta>2</fta>
<oreb>2</oreb>
<dreb>4</dreb>
<reb>6</reb>
<ast>9</ast>
<stl>1</stl>
<blk>0</blk>
<to>1</to>
<pf>3</pf>
<pam>+11</pam>
<pts>11</pts>
<dnp>false</dnp>
</player>
<player>
<name>Kentavious Caldwell-Pope</name>
<pos>SG</pos>
<start>true</start>
<min>21</min>
<fgm>2</fgm>
<fga>5</fga>
<tpm>0</tpm>
<tpa>2</tpa>
<ftm>3</ftm>
<fta>3</fta>
<oreb>0</oreb>
<dreb>2</dreb>
<reb>2</reb>
<ast>2</ast>
<stl>0</stl>
<blk>0</blk>
<to>0</to>
<pf>1</pf>
<pam>+1</pam>
<pts>7</pts>
<dnp>false</dnp>
</player>
<player>
<name>Jonas Jerebko</name>
<pos>PF</pos>
<start>false</start>
<min>7</min>
<fgm>2</fgm>
<fga>2</fga>
<tpm>1</tpm>
<tpa>1</tpa>
<ftm>1</ftm>
<fta>2</fta>
<oreb>0</oreb>
<dreb>0</dreb>
<reb>0</reb>
<ast>1</ast>
<stl>0</stl>
<blk>0</blk>
<to>0</to>
<pf>1</pf>
<pam>-5</pam>
<pts>6</pts>
<dnp>false</dnp>
</player>
<player>
<name>Luigi Datome</name>
<pos>SF</pos>
<start>false</start>
<min>1</min>
<fgm>1</fgm>
<fga>3</fga>
<tpm>0</tpm>
<tpa>1</tpa>
<ftm>0</ftm>
<fta>0</fta>
<oreb>0</oreb>
<dreb>0</dreb>
<reb>0</reb>
<ast>0</ast>
<stl>0</stl>
<blk>0</blk>
<to>0</to>
<pf>0</pf>
<pam>+2</pam>
<pts>2</pts>
<dnp>false</dnp>
</player>
<player>
<name>Kyle Singler</name>
<pos>SF</pos>
<start>false</start>
<min>23</min>
<fgm>5</fgm>
<fga>11</fga>
<tpm>1</tpm>
<tpa>5</tpa>
<ftm>0</ftm>
<fta>0</fta>
<oreb>1</oreb>
<dreb>2</dreb>
<reb>3</reb>
<ast>1</ast>
<stl>0</stl>
<blk>1</blk>
<to>0</to>
<pf>3</pf>
<pam>+3</pam>
<pts>11</pts>
<dnp>false</dnp>
</player>
<player>
<name>Will Bynum</name>
<pos>PG</pos>
<start>false</start>
<min>8</min>
<fgm>0</fgm>
<fga>2</fga>
<tpm>0</tpm>
<tpa>0</tpa>
<ftm>0</ftm>
<fta>0</fta>
<oreb>1</oreb>
<dreb>0</dreb>
<reb>1</reb>
<ast>1</ast>
<stl>0</stl>
<blk>0</blk>
<to>1</to>
<pf>0</pf>
<pam>-7</pam>
<pts>0</pts>
<dnp>false</dnp>
</player>
<player>
<name>Rodney Stuckey</name>
<pos>PG</pos>
<start>false</start>
<min>30</min>
<fgm>6</fgm>
<fga>13</fga>
<tpm>1</tpm>
<tpa>3</tpa>
<ftm>3</ftm>
<fta>3</fta>
<oreb>1</oreb>
<dreb>3</dreb>
<reb>4</reb>
<ast>4</ast>
<stl>0</stl>
<blk>1</blk>
<to>1</to>
<pf>2</pf>
<pam>+5</pam>
<pts>16</pts>
<dnp>false</dnp>
</player>
<player>
<name>Tony Mitchell</name>
<pos>PF</pos>
<start>false</start>
<min>0</min>
<fgm>0</fgm>
<fga>0</fga>
<tpm>0</tpm>
<tpa>0</tpa>
<ftm>0</ftm>
<fta>0</fta>
<oreb>0</oreb>
<dreb>0</dreb>
<reb>0</reb>
<ast>0</ast>
<stl>0</stl>
<blk>0</blk>
<to>0</to>
<pf>0</pf>
<pam>0</pam>
<pts>0</pts>
<dnp>true</dnp>
</player>
<player>
<name>Charlie Villanueva</name>
<pos>PF</pos>
<start>false</start>
<min>0</min>
<fgm>0</fgm>
<fga>0</fga>
<tpm>0</tpm>
<tpa>0</tpa>
<ftm>0</ftm>
<fta>0</fta>
<oreb>0</oreb>
<dreb>0</dreb>
<reb>0</reb>
<ast>0</ast>
<stl>0</stl>
<blk>0</blk>
<to>0</to>
<pf>0</pf>
<pam>0</pam>
<pts>0</pts>
<dnp>true</dnp>
</player>
<home>false</home>
<win>true</win>
<fgm>38</fgm>
<fga>85</fga>
<tpm>6</tpm>
<tpa>23</tpa>
<ftm>15</ftm>
<fta>24</fta>
<oreb>13</oreb>
<dreb>33</dreb>
<reb>46</reb>
<ast>26</ast>
<stl>10</stl>
<blk>6</blk>
<to>12</to>
<pf>20</pf>
<pts>97</pts>
</team>
<team>
<name>Sacramento Kings</name>
<player>
<name>Jason Thompson</name>
<pos>PF</pos>
<start>true</start>
<min>28</min>
<fgm>2</fgm>
<fga>8</fga>
<tpm>0</tpm>
<tpa>0</tpa>
<ftm>0</ftm>
<fta>0</fta>
<oreb>3</oreb>
<dreb>6</dreb>
<reb>9</reb>
<ast>1</ast>
<stl>0</stl>
<blk>0</blk>
<to>1</to>
<pf>3</pf>
<pam>-2</pam>
<pts>4</pts>
<dnp>false</dnp>
</player>
<player>
<name>John Salmons</name>
<pos>SF</pos>
<start>true</start>
<min>16</min>
<fgm>1</fgm>
<fga>4</fga>
<tpm>1</tpm>
<tpa>2</tpa>
<ftm>0</ftm>
<fta>0</fta>
<oreb>1</oreb>
<dreb>3</dreb>
<reb>4</reb>
<ast>1</ast>
<stl>0</stl>
<blk>0</blk>
<to>0</to>
<pf>3</pf>
<pam>-8</pam>
<pts>3</pts>
<dnp>false</dnp>
</player>
<player>
<name>DeMarcus Cousins</name>
<pos>C</pos>
<start>true</start>
<min>36</min>
<fgm>12</fgm>
<fga>23</fga>
<tpm>0</tpm>
<tpa>0</tpa>
<ftm>2</ftm>
<fta>3</fta>
<oreb>3</oreb>
<dreb>10</dreb>
<reb>13</reb>
<ast>2</ast>
<stl>0</stl>
<blk>3</blk>
<to>4</to>
<pf>4</pf>
<pam>-3</pam>
<pts>26</pts>
<dnp>false</dnp>
</player>
<player>
<name>Greivis Vasquez</name>
<pos>PG</pos>
<start>true</start>
<min>29</min>
<fgm>5</fgm>
<fga>10</fga>
<tpm>3</tpm>
<tpa>6</tpa>
<ftm>0</ftm>
<fta>0</fta>
<oreb>0</oreb>
<dreb>0</dreb>
<reb>0</reb>
<ast>6</ast>
<stl>0</stl>
<blk>0</blk>
<to>8</to>
<pf>3</pf>
<pam>-3</pam>
<pts>13</pts>
<dnp>false</dnp>
</player>
<player>
<name>Ben McLemore</name>
<pos>SG</pos>
<start>true</start>
<min>32</min>
<fgm>2</fgm>
<fga>6</fga>
<tpm>1</tpm>
<tpa>4</tpa>
<ftm>2</ftm>
<fta>2</fta>
<oreb>1</oreb>
<dreb>5</dreb>
<reb>6</reb>
<ast>2</ast>
<stl>1</stl>
<blk>1</blk>
<to>0</to>
<pf>2</pf>
<pam>-14</pam>
<pts>7</pts>
<dnp>false</dnp>
</player>
<player>
<name>Patrick Patterson</name>
<pos>PF</pos>
<start>false</start>
<min>4</min>
<fgm>0</fgm>
<fga>1</fga>
<tpm>0</tpm>
<tpa>1</tpa>
<ftm>0</ftm>
<fta>0</fta>
<oreb>0</oreb>
<dreb>0</dreb>
<reb>0</reb>
<ast>0</ast>
<stl>1</stl>
<blk>0</blk>
<to>0</to>
<pf>0</pf>
<pam>+1</pam>
<pts>0</pts>
<dnp>false</dnp>
</player>
<player>
<name>Chuck Hayes</name>
<pos>PF</pos>
<start>false</start>
<min>8</min>
<fgm>1</fgm>
<fga>3</fga>
<tpm>0</tpm>
<tpa>0</tpa>
<ftm>1</ftm>
<fta>2</fta>
<oreb>2</oreb>
<dreb>1</dreb>
<reb>3</reb>
<ast>0</ast>
<stl>1</stl>
<blk>0</blk>
<to>0</to>
<pf>2</pf>
<pam>-3</pam>
<pts>3</pts>
<dnp>false</dnp>
</player>
<player>
<name>Luc Richard Mbah a Moute</name>
<pos>PF</pos>
<start>false</start>
<min>29</min>
<fgm>4</fgm>
<fga>7</fga>
<tpm>1</tpm>
<tpa>2</tpa>
<ftm>0</ftm>
<fta>0</fta>
<oreb>0</oreb>
<dreb>2</dreb>
<reb>2</reb>
<ast>1</ast>
<stl>1</stl>
<blk>1</blk>
<to>0</to>
<pf>1</pf>
<pam>-6</pam>
<pts>9</pts>
<dnp>false</dnp>
</player>
<player>
<name>Travis Outlaw</name>
<pos>SF</pos>
<start>false</start>
<min>5</min>
<fgm>0</fgm>
<fga>1</fga>
<tpm>0</tpm>
<tpa>1</tpa>
<ftm>2</ftm>
<fta>2</fta>
<oreb>0</oreb>
<dreb>0</dreb>
<reb>0</reb>
<ast>0</ast>
<stl>0</stl>
<blk>0</blk>
<to>0</to>
<pf>0</pf>
<pam>-2</pam>
<pts>2</pts>
<dnp>false</dnp>
</player>
<player>
<name>Isaiah Thomas</name>
<pos>PG</pos>
<start>false</start>
<min>31</min>
<fgm>6</fgm>
<fga>11</fga>
<tpm>3</tpm>
<tpa>4</tpa>
<ftm>3</ftm>
<fta>6</fta>
<oreb>0</oreb>
<dreb>2</dreb>
<reb>2</reb>
<ast>7</ast>
<stl>0</stl>
<blk>0</blk>
<to>4</to>
<pf>1</pf>
<pam>+2</pam>
<pts>18</pts>
<dnp>false</dnp>
</player>
<player>
<name>Marcus Thornton</name>
<pos>SG</pos>
<start>false</start>
<min>23</min>
<fgm>1</fgm>
<fga>6</fga>
<tpm>1</tpm>
<tpa>5</tpa>
<ftm>2</ftm>
<fta>2</fta>
<oreb>1</oreb>
<dreb>3</dreb>
<reb>4</reb>
<ast>2</ast>
<stl>0</stl>
<blk>0</blk>
<to>0</to>
<pf>0</pf>
<pam>+3</pam>
<pts>5</pts>
<dnp>false</dnp>
</player>
<player>
<name>Jimmer Fredette</name>
<pos>PG</pos>
<start>false</start>
<min>0</min>
<fgm>0</fgm>
<fga>0</fga>
<tpm>0</tpm>
<tpa>0</tpa>
<ftm>0</ftm>
<fta>0</fta>
<oreb>0</oreb>
<dreb>0</dreb>
<reb>0</reb>
<ast>0</ast>
<stl>0</stl>
<blk>0</blk>
<to>0</to>
<pf>0</pf>
<pam>0</pam>
<pts>0</pts>
<dnp>true</dnp>
</player>
<home>true</home>
<win>false</win>
<fgm>34</fgm>
<fga>80</fga>
<tpm>10</tpm>
<tpa>25</tpa>
<ftm>12</ftm>
<fta>17</fta>
<oreb>11</oreb>
<dreb>32</dreb>
<reb>43</reb>
<ast>22</ast>
<stl>4</stl>
<blk>5</blk>
<to>17</to>
<pf>19</pf>
<pts>90</pts>
</team>
</game>