<game>
<id>400488922</id>
<date>8:00 PM ET, November 4, 2013</date>
<team>
<name>Boston Celtics</name>
<player>
<name>Brandon Bass</name>
<pos>PF</pos>
<start>true</start>
<min>23</min>
<fgm>3</fgm>
<fga>11</fga>
<tpm>0</tpm>
<tpa>1</tpa>
<ftm>0</ftm>
<fta>0</fta>
<oreb>1</oreb>
<dreb>3</dreb>
<reb>4</reb>
<ast>1</ast>
<stl>1</stl>
<blk>3</blk>
<to>1</to>
<pf>2</pf>
<pam>-14</pam>
<pts>6</pts>
<dnp>false</dnp>
</player>
<player>
<name>Gerald Wallace</name>
<pos>SF</pos>
<start>true</start>
<min>28</min>
<fgm>0</fgm>
<fga>0</fga>
<tpm>0</tpm>
<tpa>0</tpa>
<ftm>0</ftm>
<fta>0</fta>
<oreb>0</oreb>
<dreb>3</dreb>
<reb>3</reb>
<ast>3</ast>
<stl>2</stl>
<blk>0</blk>
<to>3</to>
<pf>2</pf>
<pam>-11</pam>
<pts>0</pts>
<dnp>false</dnp>
</player>
<player>
<name>Jeff Green</name>
<pos>SF</pos>
<start>true</start>
<min>40</min>
<fgm>6</fgm>
<fga>12</fga>
<tpm>1</tpm>
<tpa>4</tpa>
<ftm>9</ftm>
<fta>12</fta>
<oreb>0</oreb>
<dreb>5</dreb>
<reb>5</reb>
<ast>1</ast>
<stl>0</stl>
<blk>1</blk>
<to>2</to>
<pf>2</pf>
<pam>-13</pam>
<pts>22</pts>
<dnp>false</dnp>
</player>
<player>
<name>Vitor Faverani</name>
<pos>C</pos>
<start>true</start>
<min>28</min>
<fgm>2</fgm>
<fga>4</fga>
<tpm>1</tpm>
<tpa>3</tpa>
<ftm>0</ftm>
<fta>0</fta>
<oreb>2</oreb>
<dreb>4</dreb>
<reb>6</reb>
<ast>0</ast>
<stl>1</stl>
<blk>1</blk>
<to>3</to>
<pf>4</pf>
<pam>-19</pam>
<pts>5</pts>
<dnp>false</dnp>
</player>
<player>
<name>Avery Bradley</name>
<pos>PG</pos>
<start>true</start>
<min>32</min>
<fgm>6</fgm>
<fga>12</fga>
<tpm>0</tpm>
<tpa>2</tpa>
<ftm>2</ftm>
<fta>2</fta>
<oreb>0</oreb>
<dreb>0</dreb>
<reb>0</reb>
<ast>3</ast>
<stl>1</stl>
<blk>0</blk>
<to>1</to>
<pf>3</pf>
<pam>-13</pam>
<pts>14</pts>
<dnp>false</dnp>
</player>
<player>
<name>Jared Sullinger</name>
<pos>C</pos>
<start>false</start>
<min>21</min>
<fgm>7</fgm>
<fga>11</fga>
<tpm>2</tpm>
<tpa>3</tpa>
<ftm>0</ftm>
<fta>0</fta>
<oreb>1</oreb>
<dreb>4</dreb>
<reb>5</reb>
<ast>0</ast>
<stl>0</stl>
<blk>0</blk>
<to>0</to>
<pf>4</pf>
<pam>+12</pam>
<pts>16</pts>
<dnp>false</dnp>
</player>
<player>
<name>Kelly Olynyk</name>
<pos>C</pos>
<start>false</start>
<min>25</min>
<fgm>1</fgm>
<fga>8</fga>
<tpm>0</tpm>
<tpa>1</tpa>
<ftm>2</ftm>
<fta>2</fta>
<oreb>0</oreb>
<dreb>4</dreb>
<reb>4</reb>
<ast>0</ast>
<stl>0</stl>
<blk>0</blk>
<to>4</to>
<pf>3</pf>
<pam>+7</pam>
<pts>4</pts>
<dnp>false</dnp>
</player>
<player>
<name>Jordan Crawford</name>
<pos>SG</pos>
<start>false</start>
<min>25</min>
<fgm>4</fgm>
<fga>7</fga>
<tpm>2</tpm>
<tpa>4</tpa>
<ftm>2</ftm>
<fta>2</fta>
<oreb>0</oreb>
<dreb>2</dreb>
<reb>2</reb>
<ast>4</ast>
<stl>3</stl>
<blk>1</blk>
<to>1</to>
<pf>1</pf>
<pam>-1</pam>
<pts>12</pts>
<dnp>false</dnp>
</player>
<player>
<name>Courtney Lee</name>
<pos>SG</pos>
<start>false</start>
<min>19</min>
<fgm>4</fgm>
<fga>5</fga>
<tpm>1</tpm>
<tpa>2</tpa>
<ftm>0</ftm>
<fta>0</fta>
<oreb>0</oreb>
<dreb>3</dreb>
<reb>3</reb>
<ast>2</ast>
<stl>1</stl>
<blk>0</blk>
<to>2</to>
<pf>0</pf>
<pam>+17</pam>
<pts>9</pts>
<dnp>false</dnp>
</player>
<player>
<name>Kris Humphries</name>
<pos>PF</pos>
<start>false</start>
<min>0</min>
<fgm>0</fgm>
<fga>0</fga>
<tpm>0</tpm>
<tpa>0</tpa>
<ftm>0</ftm>
<fta>0</fta>
<oreb>0</oreb>
<dreb>0</dreb>
<reb>0</reb>
<ast>0</ast>
<stl>0</stl>
<blk>0</blk>
<to>0</to>
<pf>0</pf>
<pam>0</pam>
<pts>0</pts>
<dnp>true</dnp>
</player>
<player>
<name>Phil Pressey</name>
<pos>PG</pos>
<start>false</start>
<min>0</min>
<fgm>0</fgm>
<fga>0</fga>
<tpm>0</tpm>
<tpa>0</tpa>
<ftm>0</ftm>
<fta>0</fta>
<oreb>0</oreb>
<dreb>0</dreb>
<reb>0</reb>
<ast>0</ast>
<stl>0</stl>
<blk>0</blk>
<to>0</to>
<pf>0</pf>
<pam>0</pam>
<pts>0</pts>
<dnp>true</dnp>
</player>
<player>
<name>MarShon Brooks</name>
<pos>SG</pos>
<start>false</start>
<min>0</min>
<fgm>0</fgm>
<fga>0</fga>
<tpm>0</tpm>
<tpa>0</tpa>
<ftm>0</ftm>
<fta>0</fta>
<oreb>0</oreb>
<dreb>0</dreb>
<reb>0</reb>
<ast>0</ast>
<stl>0</stl>
<blk>0</blk>
<to>0</to>
<pf>0</pf>
<pam>0</pam>
<pts>0</pts>
<dnp>true</dnp>
</player>
<home>false</home>
<win>false</win>
<fgm>33</fgm>
<fga>70</fga>
<tpm>7</tpm>
<tpa>20</tpa>
<ftm>15</ftm>
<fta>18</fta>
<oreb>4</oreb>
<dreb>28</dreb>
<reb>32</reb>
<ast>14</ast>
<stl>9</stl>
<blk>6</blk>
<to>17</to>
<pf>21</pf>
<pts>88</pts>
</team>
<team>
<name>Memphis Grizzlies</name>
<player>
<name>Zach Randolph</name>
<pos>PF</pos>
<start>true</start>
<min>32</min>
<fgm>6</fgm>
<fga>11</fga>
<tpm>0</tpm>
<tpa>0</tpa>
<ftm>3</ftm>
<fta>3</fta>
<oreb>4</oreb>
<dreb>3</dreb>
<reb>7</reb>
<ast>1</ast>
<stl>0</stl>
<blk>0</blk>
<to>5</to>
<pf>3</pf>
<pam>+17</pam>
<pts>15</pts>
<dnp>false</dnp>
</player>
<player>
<name>Tayshaun Prince</name>
<pos>SF</pos>
<start>true</start>
<min>20</min>
<fgm>2</fgm>
<fga>4</fga>
<tpm>0</tpm>
<tpa>0</tpa>
<ftm>0</ftm>
<fta>0</fta>
<oreb>1</oreb>
<dreb>2</dreb>
<reb>3</reb>
<ast>3</ast>
<stl>0</stl>
<blk>0</blk>
<to>1</to>
<pf>0</pf>
<pam>+7</pam>
<pts>4</pts>
<dnp>false</dnp>
</player>
<player>
<name>Marc Gasol</name>
<pos>C</pos>
<start>true</start>
<min>35</min>
<fgm>6</fgm>
<fga>10</fga>
<tpm>0</tpm>
<tpa>0</tpa>
<ftm>2</ftm>
<fta>2</fta>
<oreb>0</oreb>
<dreb>8</dreb>
<reb>8</reb>
<ast>2</ast>
<stl>0</stl>
<blk>0</blk>
<to>1</to>
<pf>3</pf>
<pam>+5</pam>
<pts>14</pts>
<dnp>false</dnp>
</player>
<player>
<name>Mike Conley</name>
<pos>PG</pos>
<start>true</start>
<min>33</min>
<fgm>5</fgm>
<fga>14</fga>
<tpm>1</tpm>
<tpa>3</tpa>
<ftm>4</ftm>
<fta>4</fta>
<oreb>0</oreb>
<dreb>2</dreb>
<reb>2</reb>
<ast>8</ast>
<stl>0</stl>
<blk>0</blk>
<to>2</to>
<pf>2</pf>
<pam>+7</pam>
<pts>15</pts>
<dnp>false</dnp>
</player>
<player>
<name>Tony Allen</name>
<pos>SG</pos>
<start>true</start>
<min>30</min>
<fgm>3</fgm>
<fga>5</fga>
<tpm>0</tpm>
<tpa>2</tpa>
<ftm>2</ftm>
<fta>4</fta>
<oreb>1</oreb>
<dreb>3</dreb>
<reb>4</reb>
<ast>3</ast>
<stl>4</stl>
<blk>0</blk>
<to>4</to>
<pf>2</pf>
<pam>+17</pam>
<pts>8</pts>
<dnp>false</dnp>
</player>
<player>
<name>Ed Davis</name>
<pos>PF</pos>
<start>false</start>
<min>8</min>
<fgm>2</fgm>
<fga>6</fga>
<tpm>0</tpm>
<tpa>0</tpa>
<ftm>0</ftm>
<fta>0</fta>
<oreb>2</oreb>
<dreb>1</dreb>
<reb>3</reb>
<ast>0</ast>
<stl>0</stl>
<blk>0</blk>
<to>2</to>
<pf>2</pf>
<pam>-13</pam>
<pts>4</pts>
<dnp>false</dnp>
</player>
<player>
<name>Jon Leuer</name>
<pos>PF</pos>
<start>false</start>
<min>7</min>
<fgm>1</fgm>
<fga>2</fga>
<tpm>0</tpm>
<tpa>1</tpa>
<ftm>2</ftm>
<fta>2</fta>
<oreb>0</oreb>
<dreb>0</dreb>
<reb>0</reb>
<ast>1</ast>
<stl>0</stl>
<blk>0</blk>
<to>0</to>
<pf>1</pf>
<pam>+4</pam>
<pts>4</pts>
<dnp>false</dnp>
</player>
<player>
<name>Quincy Pondexter</name>
<pos>SF</pos>
<start>false</start>
<min>19</min>
<fgm>2</fgm>
<fga>6</fga>
<tpm>2</tpm>
<tpa>3</tpa>
<ftm>2</ftm>
<fta>2</fta>
<oreb>0</oreb>
<dreb>1</dreb>
<reb>1</reb>
<ast>0</ast>
<stl>0</stl>
<blk>0</blk>
<to>2</to>
<pf>2</pf>
<pam>-14</pam>
<pts>8</pts>
<dnp>false</dnp>
</player>
<player>
<name>Mike Miller</name>
<pos>SF</pos>
<start>false</start>
<min>23</min>
<fgm>2</fgm>
<fga>4</fga>
<tpm>1</tpm>
<tpa>3</tpa>
<ftm>0</ftm>
<fta>0</fta>
<oreb>1</oreb>
<dreb>4</dreb>
<reb>5</reb>
<ast>2</ast>
<stl>0</stl>
<blk>0</blk>
<to>1</to>
<pf>1</pf>
<pam>-1</pam>
<pts>5</pts>
<dnp>false</dnp>
</player>
<player>
<name>Kosta Koufos</name>
<pos>C</pos>
<start>false</start>
<min>13</min>
<fgm>1</fgm>
<fga>1</fga>
<tpm>0</tpm>
<tpa>0</tpa>
<ftm>1</ftm>
<fta>3</fta>
<oreb>0</oreb>
<dreb>2</dreb>
<reb>2</reb>
<ast>2</ast>
<stl>0</stl>
<blk>1</blk>
<to>0</to>
<pf>2</pf>
<pam>0</pam>
<pts>3</pts>
<dnp>false</dnp>
</player>
<player>
<name>Jerryd Bayless</name>
<pos>PG</pos>
<start>false</start>
<min>21</min>
<fgm>6</fgm>
<fga>11</fga>
<tpm>1</tpm>
<tpa>3</tpa>
<ftm>2</ftm>
<fta>2</fta>
<oreb>0</oreb>
<dreb>1</dreb>
<reb>1</reb>
<ast>1</ast>
<stl>2</stl>
<blk>1</blk>
<to>0</to>
<pf>1</pf>
<pam>+6</pam>
<pts>15</pts>
<dnp>false</dnp>
</player>
<player>
<name>Nick Calathes</name>
<pos>SG</pos>
<start>false</start>
<min>0</min>
<fgm>0</fgm>
<fga>0</fga>
<tpm>0</tpm>
<tpa>0</tpa>
<ftm>0</ftm>
<fta>0</fta>
<oreb>0</oreb>
<dreb>0</dreb>
<reb>0</reb>
<ast>0</ast>
<stl>0</stl>
<blk>0</blk>
<to>0</to>
<pf>0</pf>
<pam>0</pam>
<pts>0</pts>
<dnp>true</dnp>
</player>
<home>true</home>
<win>true</win>
<fgm>36</fgm>
<fga>74</fga>
<tpm>5</tpm>
<tpa>15</tpa>
<ftm>18</ftm>
<fta>22</fta>
<oreb>9</oreb>
<dreb>27</dreb>
<reb>36</reb>
<ast>23</ast>
<stl>6</stl>
<blk>2</blk>
<to>18</to>
<pf>19</pf>
<pts>95</pts>
</team>
</game>