<game>
<id>400488937</id>
<date>7:30 PM ET, November 6, 2013</date>
<team>
<name>Utah Jazz</name>
<player>
<name>Richard Jefferson</name>
<pos>SF</pos>
<start>true</start>
<min>32</min>
<fgm>5</fgm>
<fga>12</fga>
<tpm>0</tpm>
<tpa>3</tpa>
<ftm>3</ftm>
<fta>4</fta>
<oreb>0</oreb>
<dreb>2</dreb>
<reb>2</reb>
<ast>3</ast>
<stl>5</stl>
<blk>0</blk>
<to>2</to>
<pf>3</pf>
<pam>-16</pam>
<pts>13</pts>
<dnp>false</dnp>
</player>
<player>
<name>Derrick Favors</name>
<pos>C</pos>
<start>true</start>
<min>34</min>
<fgm>4</fgm>
<fga>10</fga>
<tpm>0</tpm>
<tpa>0</tpa>
<ftm>2</ftm>
<fta>5</fta>
<oreb>3</oreb>
<dreb>11</dreb>
<reb>14</reb>
<ast>1</ast>
<stl>0</stl>
<blk>3</blk>
<to>3</to>
<pf>4</pf>
<pam>-12</pam>
<pts>10</pts>
<dnp>false</dnp>
</player>
<player>
<name>Enes Kanter</name>
<pos>C</pos>
<start>true</start>
<min>38</min>
<fgm>9</fgm>
<fga>14</fga>
<tpm>0</tpm>
<tpa>0</tpa>
<ftm>4</ftm>
<fta>5</fta>
<oreb>4</oreb>
<dreb>4</dreb>
<reb>8</reb>
<ast>0</ast>
<stl>0</stl>
<blk>0</blk>
<to>0</to>
<pf>2</pf>
<pam>-4</pam>
<pts>22</pts>
<dnp>false</dnp>
</player>
<player>
<name>Jamaal Tinsley</name>
<pos>PG</pos>
<start>true</start>
<min>20</min>
<fgm>0</fgm>
<fga>2</fga>
<tpm>0</tpm>
<tpa>1</tpa>
<ftm>0</ftm>
<fta>0</fta>
<oreb>0</oreb>
<dreb>0</dreb>
<reb>0</reb>
<ast>4</ast>
<stl>0</stl>
<blk>0</blk>
<to>2</to>
<pf>2</pf>
<pam>-11</pam>
<pts>0</pts>
<dnp>false</dnp>
</player>
<player>
<name>Gordon Hayward</name>
<pos>SG</pos>
<start>true</start>
<min>40</min>
<fgm>12</fgm>
<fga>20</fga>
<tpm>1</tpm>
<tpa>2</tpa>
<ftm>3</ftm>
<fta>4</fta>
<oreb>2</oreb>
<dreb>7</dreb>
<reb>9</reb>
<ast>5</ast>
<stl>1</stl>
<blk>0</blk>
<to>2</to>
<pf>3</pf>
<pam>-1</pam>
<pts>28</pts>
<dnp>false</dnp>
</player>
<player>
<name>Mike Harris</name>
<pos>SF</pos>
<start>false</start>
<min>18</min>
<fgm>1</fgm>
<fga>3</fga>
<tpm>0</tpm>
<tpa>0</tpa>
<ftm>0</ftm>
<fta>0</fta>
<oreb>1</oreb>
<dreb>1</dreb>
<reb>2</reb>
<ast>0</ast>
<stl>1</stl>
<blk>0</blk>
<to>3</to>
<pf>3</pf>
<pam>+7</pam>
<pts>2</pts>
<dnp>false</dnp>
</player>
<player>
<name>Rudy Gobert</name>
<pos>C</pos>
<start>false</start>
<min>6</min>
<fgm>0</fgm>
<fga>0</fga>
<tpm>0</tpm>
<tpa>0</tpa>
<ftm>0</ftm>
<fta>0</fta>
<oreb>0</oreb>
<dreb>0</dreb>
<reb>0</reb>
<ast>0</ast>
<stl>0</stl>
<blk>1</blk>
<to>1</to>
<pf>2</pf>
<pam>-11</pam>
<pts>0</pts>
<dnp>false</dnp>
</player>
<player>
<name>Alec Burks</name>
<pos>PG</pos>
<start>false</start>
<min>22</min>
<fgm>4</fgm>
<fga>9</fga>
<tpm>0</tpm>
<tpa>0</tpa>
<ftm>0</ftm>
<fta>0</fta>
<oreb>1</oreb>
<dreb>3</dreb>
<reb>4</reb>
<ast>0</ast>
<stl>1</stl>
<blk>0</blk>
<to>4</to>
<pf>0</pf>
<pam>+6</pam>
<pts>8</pts>
<dnp>false</dnp>
</player>
<player>
<name>John Lucas III</name>
<pos>PG</pos>
<start>false</start>
<min>13</min>
<fgm>2</fgm>
<fga>4</fga>
<tpm>0</tpm>
<tpa>1</tpa>
<ftm>0</ftm>
<fta>0</fta>
<oreb>0</oreb>
<dreb>1</dreb>
<reb>1</reb>
<ast>0</ast>
<stl>0</stl>
<blk>0</blk>
<to>2</to>
<pf>1</pf>
<pam>-13</pam>
<pts>4</pts>
<dnp>false</dnp>
</player>
<player>
<name>Ian Clark</name>
<pos>SG</pos>
<start>false</start>
<min>17</min>
<fgm>0</fgm>
<fga>6</fga>
<tpm>0</tpm>
<tpa>3</tpa>
<ftm>0</ftm>
<fta>0</fta>
<oreb>0</oreb>
<dreb>2</dreb>
<reb>2</reb>
<ast>1</ast>
<stl>0</stl>
<blk>0</blk>
<to>1</to>
<pf>2</pf>
<pam>+5</pam>
<pts>0</pts>
<dnp>false</dnp>
</player>
<player>
<name>Marvin Williams</name>
<pos>PF</pos>
<start>false</start>
<min>0</min>
<fgm>0</fgm>
<fga>0</fga>
<tpm>0</tpm>
<tpa>0</tpa>
<ftm>0</ftm>
<fta>0</fta>
<oreb>0</oreb>
<dreb>0</dreb>
<reb>0</reb>
<ast>0</ast>
<stl>0</stl>
<blk>0</blk>
<to>0</to>
<pf>0</pf>
<pam>0</pam>
<pts>0</pts>
<dnp>true</dnp>
</player>
<home>false</home>
<win>false</win>
<fgm>37</fgm>
<fga>80</fga>
<tpm>1</tpm>
<tpa>10</tpa>
<ftm>12</ftm>
<fta>18</fta>
<oreb>11</oreb>
<dreb>31</dreb>
<reb>42</reb>
<ast>14</ast>
<stl>8</stl>
<blk>4</blk>
<to>20</to>
<pf>22</pf>
<pts>87</pts>
</team>
<team>
<name>Boston Celtics</name>
<player>
<name>Brandon Bass</name>
<pos>PF</pos>
<start>true</start>
<min>31</min>
<fgm>9</fgm>
<fga>15</fga>
<tpm>0</tpm>
<tpa>0</tpa>
<ftm>2</ftm>
<fta>3</fta>
<oreb>3</oreb>
<dreb>1</dreb>
<reb>4</reb>
<ast>2</ast>
<stl>0</stl>
<blk>2</blk>
<to>3</to>
<pf>4</pf>
<pam>-3</pam>
<pts>20</pts>
<dnp>false</dnp>
</player>
<player>
<name>Jeff Green</name>
<pos>SF</pos>
<start>true</start>
<min>36</min>
<fgm>6</fgm>
<fga>13</fga>
<tpm>3</tpm>
<tpa>4</tpa>
<ftm>3</ftm>
<fta>3</fta>
<oreb>0</oreb>
<dreb>3</dreb>
<reb>3</reb>
<ast>4</ast>
<stl>1</stl>
<blk>0</blk>
<to>1</to>
<pf>1</pf>
<pam>+10</pam>
<pts>18</pts>
<dnp>false</dnp>
</player>
<player>
<name>Vitor Faverani</name>
<pos>C</pos>
<start>true</start>
<min>6</min>
<fgm>0</fgm>
<fga>4</fga>
<tpm>0</tpm>
<tpa>1</tpa>
<ftm>0</ftm>
<fta>0</fta>
<oreb>1</oreb>
<dreb>2</dreb>
<reb>3</reb>
<ast>2</ast>
<stl>0</stl>
<blk>0</blk>
<to>0</to>
<pf>1</pf>
<pam>-8</pam>
<pts>0</pts>
<dnp>false</dnp>
</player>
<player>
<name>Avery Bradley</name>
<pos>PG</pos>
<start>true</start>
<min>30</min>
<fgm>3</fgm>
<fga>8</fga>
<tpm>0</tpm>
<tpa>2</tpa>
<ftm>2</ftm>
<fta>2</fta>
<oreb>2</oreb>
<dreb>4</dreb>
<reb>6</reb>
<ast>1</ast>
<stl>1</stl>
<blk>0</blk>
<to>2</to>
<pf>2</pf>
<pam>-1</pam>
<pts>8</pts>
<dnp>false</dnp>
</player>
<player>
<name>Jordan Crawford</name>
<pos>SG</pos>
<start>true</start>
<min>27</min>
<fgm>3</fgm>
<fga>9</fga>
<tpm>1</tpm>
<tpa>3</tpa>
<ftm>0</ftm>
<fta>0</fta>
<oreb>0</oreb>
<dreb>2</dreb>
<reb>2</reb>
<ast>4</ast>
<stl>0</stl>
<blk>1</blk>
<to>0</to>
<pf>2</pf>
<pam>-8</pam>
<pts>7</pts>
<dnp>false</dnp>
</player>
<player>
<name>Kris Humphries</name>
<pos>PF</pos>
<start>false</start>
<min>6</min>
<fgm>1</fgm>
<fga>3</fga>
<tpm>0</tpm>
<tpa>0</tpa>
<ftm>0</ftm>
<fta>0</fta>
<oreb>0</oreb>
<dreb>0</dreb>
<reb>0</reb>
<ast>0</ast>
<stl>0</stl>
<blk>0</blk>
<to>1</to>
<pf>0</pf>
<pam>+3</pam>
<pts>2</pts>
<dnp>false</dnp>
</player>
<player>
<name>Gerald Wallace</name>
<pos>SF</pos>
<start>false</start>
<min>23</min>
<fgm>3</fgm>
<fga>5</fga>
<tpm>2</tpm>
<tpa>2</tpa>
<ftm>1</ftm>
<fta>4</fta>
<oreb>0</oreb>
<dreb>9</dreb>
<reb>9</reb>
<ast>3</ast>
<stl>1</stl>
<blk>0</blk>
<to>3</to>
<pf>2</pf>
<pam>+16</pam>
<pts>9</pts>
<dnp>false</dnp>
</player>
<player>
<name>Jared Sullinger</name>
<pos>C</pos>
<start>false</start>
<min>24</min>
<fgm>6</fgm>
<fga>11</fga>
<tpm>0</tpm>
<tpa>2</tpa>
<ftm>0</ftm>
<fta>0</fta>
<oreb>0</oreb>
<dreb>5</dreb>
<reb>5</reb>
<ast>0</ast>
<stl>0</stl>
<blk>1</blk>
<to>2</to>
<pf>2</pf>
<pam>+18</pam>
<pts>12</pts>
<dnp>false</dnp>
</player>
<player>
<name>Kelly Olynyk</name>
<pos>C</pos>
<start>false</start>
<min>29</min>
<fgm>6</fgm>
<fga>14</fga>
<tpm>0</tpm>
<tpa>3</tpa>
<ftm>2</ftm>
<fta>2</fta>
<oreb>4</oreb>
<dreb>4</dreb>
<reb>8</reb>
<ast>3</ast>
<stl>1</stl>
<blk>0</blk>
<to>2</to>
<pf>3</pf>
<pam>+10</pam>
<pts>14</pts>
<dnp>false</dnp>
</player>
<player>
<name>Phil Pressey</name>
<pos>PG</pos>
<start>false</start>
<min>17</min>
<fgm>1</fgm>
<fga>4</fga>
<tpm>0</tpm>
<tpa>2</tpa>
<ftm>0</ftm>
<fta>0</fta>
<oreb>0</oreb>
<dreb>0</dreb>
<reb>0</reb>
<ast>3</ast>
<stl>1</stl>
<blk>0</blk>
<to>0</to>
<pf>0</pf>
<pam>+8</pam>
<pts>2</pts>
<dnp>false</dnp>
</player>
<player>
<name>Courtney Lee</name>
<pos>SG</pos>
<start>false</start>
<min>11</min>
<fgm>2</fgm>
<fga>3</fga>
<tpm>1</tpm>
<tpa>1</tpa>
<ftm>0</ftm>
<fta>0</fta>
<oreb>0</oreb>
<dreb>2</dreb>
<reb>2</reb>
<ast>0</ast>
<stl>0</stl>
<blk>0</blk>
<to>0</to>
<pf>1</pf>
<pam>+5</pam>
<pts>5</pts>
<dnp>false</dnp>
</player>
<player>
<name>MarShon Brooks</name>
<pos>SG</pos>
<start>false</start>
<min>0</min>
<fgm>0</fgm>
<fga>0</fga>
<tpm>0</tpm>
<tpa>0</tpa>
<ftm>0</ftm>
<fta>0</fta>
<oreb>0</oreb>
<dreb>0</dreb>
<reb>0</reb>
<ast>0</ast>
<stl>0</stl>
<blk>0</blk>
<to>0</to>
<pf>0</pf>
<pam>0</pam>
<pts>0</pts>
<dnp>true</dnp>
</player>
<home>true</home>
<win>true</win>
<fgm>40</fgm>
<fga>89</fga>
<tpm>7</tpm>
<tpa>20</tpa>
<ftm>10</ftm>
<fta>14</fta>
<oreb>10</oreb>
<dreb>32</dreb>
<reb>42</reb>
<ast>22</ast>
<stl>5</stl>
<blk>4</blk>
<to>14</to>
<pf>18</pf>
<pts>97</pts>
</team>
</game>