<game>
<id>400489275</id>
<date>10:30 PM ET, December 21, 2013</date>
<team>
<name>Los Angeles Lakers</name>
<player>
<name>Jordan Hill</name>
<pos>PF</pos>
<start>true</start>
<min>20</min>
<fgm>6</fgm>
<fga>11</fga>
<tpm>0</tpm>
<tpa>0</tpa>
<ftm>2</ftm>
<fta>2</fta>
<oreb>5</oreb>
<dreb>5</dreb>
<reb>10</reb>
<ast>0</ast>
<stl>0</stl>
<blk>0</blk>
<to>2</to>
<pf>3</pf>
<pam>-6</pam>
<pts>14</pts>
<dnp>false</dnp>
</player>
<player>
<name>Xavier Henry</name>
<pos>SF</pos>
<start>true</start>
<min>36</min>
<fgm>2</fgm>
<fga>9</fga>
<tpm>0</tpm>
<tpa>3</tpa>
<ftm>9</ftm>
<fta>10</fta>
<oreb>0</oreb>
<dreb>3</dreb>
<reb>3</reb>
<ast>2</ast>
<stl>2</stl>
<blk>0</blk>
<to>3</to>
<pf>2</pf>
<pam>-19</pam>
<pts>13</pts>
<dnp>false</dnp>
</player>
<player>
<name>Wesley Johnson</name>
<pos>SF</pos>
<start>true</start>
<min>39</min>
<fgm>0</fgm>
<fga>7</fga>
<tpm>0</tpm>
<tpa>5</tpa>
<ftm>2</ftm>
<fta>2</fta>
<oreb>1</oreb>
<dreb>4</dreb>
<reb>5</reb>
<ast>2</ast>
<stl>1</stl>
<blk>0</blk>
<to>3</to>
<pf>3</pf>
<pam>-11</pam>
<pts>2</pts>
<dnp>false</dnp>
</player>
<player>
<name>Chris Kaman</name>
<pos>C</pos>
<start>true</start>
<min>28</min>
<fgm>5</fgm>
<fga>17</fga>
<tpm>0</tpm>
<tpa>1</tpa>
<ftm>0</ftm>
<fta>0</fta>
<oreb>2</oreb>
<dreb>15</dreb>
<reb>17</reb>
<ast>1</ast>
<stl>0</stl>
<blk>3</blk>
<to>2</to>
<pf>3</pf>
<pam>-8</pam>
<pts>10</pts>
<dnp>false</dnp>
</player>
<player>
<name>Jodie Meeks</name>
<pos>SG</pos>
<start>true</start>
<min>33</min>
<fgm>4</fgm>
<fga>11</fga>
<tpm>1</tpm>
<tpa>3</tpa>
<ftm>4</ftm>
<fta>5</fta>
<oreb>1</oreb>
<dreb>3</dreb>
<reb>4</reb>
<ast>4</ast>
<stl>3</stl>
<blk>0</blk>
<to>4</to>
<pf>0</pf>
<pam>-13</pam>
<pts>13</pts>
<dnp>false</dnp>
</player>
<player>
<name>Ryan Kelly</name>
<pos>PF</pos>
<start>false</start>
<min>4</min>
<fgm>0</fgm>
<fga>0</fga>
<tpm>0</tpm>
<tpa>0</tpa>
<ftm>0</ftm>
<fta>0</fta>
<oreb>0</oreb>
<dreb>1</dreb>
<reb>1</reb>
<ast>0</ast>
<stl>0</stl>
<blk>0</blk>
<to>0</to>
<pf>0</pf>
<pam>+1</pam>
<pts>0</pts>
<dnp>false</dnp>
</player>
<player>
<name>Shawne Williams</name>
<pos>SF</pos>
<start>false</start>
<min>23</min>
<fgm>1</fgm>
<fga>2</fga>
<tpm>1</tpm>
<tpa>1</tpa>
<ftm>0</ftm>
<fta>0</fta>
<oreb>0</oreb>
<dreb>2</dreb>
<reb>2</reb>
<ast>1</ast>
<stl>1</stl>
<blk>0</blk>
<to>1</to>
<pf>4</pf>
<pam>-14</pam>
<pts>3</pts>
<dnp>false</dnp>
</player>
<player>
<name>Nick Young</name>
<pos>SF</pos>
<start>false</start>
<min>31</min>
<fgm>5</fgm>
<fga>18</fga>
<tpm>1</tpm>
<tpa>6</tpa>
<ftm>9</ftm>
<fta>12</fta>
<oreb>2</oreb>
<dreb>2</dreb>
<reb>4</reb>
<ast>0</ast>
<stl>1</stl>
<blk>0</blk>
<to>4</to>
<pf>3</pf>
<pam>-13</pam>
<pts>20</pts>
<dnp>false</dnp>
</player>
<player>
<name>Robert Sacre</name>
<pos>C</pos>
<start>false</start>
<min>20</min>
<fgm>2</fgm>
<fga>4</fga>
<tpm>0</tpm>
<tpa>0</tpa>
<ftm>1</ftm>
<fta>2</fta>
<oreb>1</oreb>
<dreb>3</dreb>
<reb>4</reb>
<ast>1</ast>
<stl>0</stl>
<blk>2</blk>
<to>1</to>
<pf>0</pf>
<pam>-11</pam>
<pts>5</pts>
<dnp>false</dnp>
</player>
<player>
<name>Kendall Marshall</name>
<pos>PG</pos>
<start>false</start>
<min>6</min>
<fgm>1</fgm>
<fga>1</fga>
<tpm>1</tpm>
<tpa>1</tpa>
<ftm>0</ftm>
<fta>0</fta>
<oreb>0</oreb>
<dreb>0</dreb>
<reb>0</reb>
<ast>0</ast>
<stl>0</stl>
<blk>0</blk>
<to>4</to>
<pf>0</pf>
<pam>-1</pam>
<pts>3</pts>
<dnp>false</dnp>
</player>
<player>
<name>Pau Gasol</name>
<pos>PF</pos>
<start>false</start>
<min>0</min>
<fgm>0</fgm>
<fga>0</fga>
<tpm>0</tpm>
<tpa>0</tpa>
<ftm>0</ftm>
<fta>0</fta>
<oreb>0</oreb>
<dreb>0</dreb>
<reb>0</reb>
<ast>0</ast>
<stl>0</stl>
<blk>0</blk>
<to>0</to>
<pf>0</pf>
<pam>0</pam>
<pts>0</pts>
<dnp>true</dnp>
</player>
<player>
<name>Steve Blake</name>
<pos>PG</pos>
<start>false</start>
<min>0</min>
<fgm>0</fgm>
<fga>0</fga>
<tpm>0</tpm>
<tpa>0</tpa>
<ftm>0</ftm>
<fta>0</fta>
<oreb>0</oreb>
<dreb>0</dreb>
<reb>0</reb>
<ast>0</ast>
<stl>0</stl>
<blk>0</blk>
<to>0</to>
<pf>0</pf>
<pam>0</pam>
<pts>0</pts>
<dnp>true</dnp>
</player>
<home>false</home>
<win>false</win>
<fgm>26</fgm>
<fga>80</fga>
<tpm>4</tpm>
<tpa>20</tpa>
<ftm>27</ftm>
<fta>33</fta>
<oreb>12</oreb>
<dreb>38</dreb>
<reb>50</reb>
<ast>11</ast>
<stl>8</stl>
<blk>5</blk>
<to>24</to>
<pf>18</pf>
<pts>83</pts>
</team>
<team>
<name>Golden State Warriors</name>
<player>
<name>David Lee</name>
<pos>PF</pos>
<start>true</start>
<min>33</min>
<fgm>8</fgm>
<fga>18</fga>
<tpm>0</tpm>
<tpa>0</tpa>
<ftm>3</ftm>
<fta>4</fta>
<oreb>3</oreb>
<dreb>7</dreb>
<reb>10</reb>
<ast>0</ast>
<stl>1</stl>
<blk>0</blk>
<to>3</to>
<pf>3</pf>
<pam>+22</pam>
<pts>19</pts>
<dnp>false</dnp>
</player>
<player>
<name>Andre Iguodala</name>
<pos>SF</pos>
<start>true</start>
<min>24</min>
<fgm>1</fgm>
<fga>6</fga>
<tpm>0</tpm>
<tpa>3</tpa>
<ftm>1</ftm>
<fta>2</fta>
<oreb>1</oreb>
<dreb>1</dreb>
<reb>2</reb>
<ast>1</ast>
<stl>2</stl>
<blk>0</blk>
<to>3</to>
<pf>4</pf>
<pam>+8</pam>
<pts>3</pts>
<dnp>false</dnp>
</player>
<player>
<name>Andrew Bogut</name>
<pos>C</pos>
<start>true</start>
<min>28</min>
<fgm>6</fgm>
<fga>12</fga>
<tpm>0</tpm>
<tpa>0</tpa>
<ftm>0</ftm>
<fta>0</fta>
<oreb>9</oreb>
<dreb>11</dreb>
<reb>20</reb>
<ast>0</ast>
<stl>1</stl>
<blk>2</blk>
<to>2</to>
<pf>3</pf>
<pam>+10</pam>
<pts>12</pts>
<dnp>false</dnp>
</player>
<player>
<name>Stephen Curry</name>
<pos>PG</pos>
<start>true</start>
<min>33</min>
<fgm>5</fgm>
<fga>15</fga>
<tpm>4</tpm>
<tpa>9</tpa>
<ftm>4</ftm>
<fta>4</fta>
<oreb>1</oreb>
<dreb>5</dreb>
<reb>6</reb>
<ast>10</ast>
<stl>3</stl>
<blk>0</blk>
<to>1</to>
<pf>2</pf>
<pam>+26</pam>
<pts>18</pts>
<dnp>false</dnp>
</player>
<player>
<name>Klay Thompson</name>
<pos>SG</pos>
<start>true</start>
<min>33</min>
<fgm>5</fgm>
<fga>15</fga>
<tpm>4</tpm>
<tpa>8</tpa>
<ftm>3</ftm>
<fta>4</fta>
<oreb>0</oreb>
<dreb>3</dreb>
<reb>3</reb>
<ast>2</ast>
<stl>2</stl>
<blk>0</blk>
<to>2</to>
<pf>3</pf>
<pam>+19</pam>
<pts>17</pts>
<dnp>false</dnp>
</player>
<player>
<name>Hilton Armstrong</name>
<pos>PF</pos>
<start>false</start>
<min>3</min>
<fgm>0</fgm>
<fga>1</fga>
<tpm>0</tpm>
<tpa>0</tpa>
<ftm>0</ftm>
<fta>2</fta>
<oreb>0</oreb>
<dreb>0</dreb>
<reb>0</reb>
<ast>0</ast>
<stl>0</stl>
<blk>0</blk>
<to>0</to>
<pf>0</pf>
<pam>-5</pam>
<pts>0</pts>
<dnp>false</dnp>
</player>
<player>
<name>Marreese Speights</name>
<pos>PF</pos>
<start>false</start>
<min>13</min>
<fgm>5</fgm>
<fga>9</fga>
<tpm>0</tpm>
<tpa>1</tpa>
<ftm>0</ftm>
<fta>0</fta>
<oreb>1</oreb>
<dreb>2</dreb>
<reb>3</reb>
<ast>0</ast>
<stl>1</stl>
<blk>2</blk>
<to>0</to>
<pf>1</pf>
<pam>+7</pam>
<pts>10</pts>
<dnp>false</dnp>
</player>
<player>
<name>Harrison Barnes</name>
<pos>SF</pos>
<start>false</start>
<min>26</min>
<fgm>3</fgm>
<fga>7</fga>
<tpm>1</tpm>
<tpa>2</tpa>
<ftm>1</ftm>
<fta>1</fta>
<oreb>0</oreb>
<dreb>2</dreb>
<reb>2</reb>
<ast>0</ast>
<stl>1</stl>
<blk>0</blk>
<to>0</to>
<pf>1</pf>
<pam>+14</pam>
<pts>8</pts>
<dnp>false</dnp>
</player>
<player>
<name>Draymond Green</name>
<pos>SF</pos>
<start>false</start>
<min>21</min>
<fgm>2</fgm>
<fga>4</fga>
<tpm>1</tpm>
<tpa>3</tpa>
<ftm>2</ftm>
<fta>2</fta>
<oreb>1</oreb>
<dreb>4</dreb>
<reb>5</reb>
<ast>4</ast>
<stl>2</stl>
<blk>0</blk>
<to>3</to>
<pf>2</pf>
<pam>+2</pam>
<pts>7</pts>
<dnp>false</dnp>
</player>
<player>
<name>Toney Douglas</name>
<pos>PG</pos>
<start>false</start>
<min>15</min>
<fgm>1</fgm>
<fga>6</fga>
<tpm>1</tpm>
<tpa>4</tpa>
<ftm>0</ftm>
<fta>0</fta>
<oreb>0</oreb>
<dreb>3</dreb>
<reb>3</reb>
<ast>1</ast>
<stl>1</stl>
<blk>1</blk>
<to>2</to>
<pf>2</pf>
<pam>-7</pam>
<pts>3</pts>
<dnp>false</dnp>
</player>
<player>
<name>Kent Bazemore</name>
<pos>SG</pos>
<start>false</start>
<min>11</min>
<fgm>2</fgm>
<fga>5</fga>
<tpm>1</tpm>
<tpa>1</tpa>
<ftm>0</ftm>
<fta>0</fta>
<oreb>0</oreb>
<dreb>1</dreb>
<reb>1</reb>
<ast>1</ast>
<stl>0</stl>
<blk>0</blk>
<to>0</to>
<pf>3</pf>
<pam>-1</pam>
<pts>5</pts>
<dnp>false</dnp>
</player>
<home>true</home>
<win>true</win>
<fgm>38</fgm>
<fga>98</fga>
<tpm>12</tpm>
<tpa>31</tpa>
<ftm>14</ftm>
<fta>19</fta>
<oreb>16</oreb>
<dreb>39</dreb>
<reb>55</reb>
<ast>19</ast>
<stl>14</stl>
<blk>5</blk>
<to>16</to>
<pf>24</pf>
<pts>102</pts>
</team>
</game>