<game>
<id>400489039</id>
<date>7:30 PM ET, November 20, 2013</date>
<team>
<name>Detroit Pistons</name>
<player>
<name>Greg Monroe</name>
<pos>PF</pos>
<start>true</start>
<min>34</min>
<fgm>3</fgm>
<fga>8</fga>
<tpm>0</tpm>
<tpa>0</tpa>
<ftm>1</ftm>
<fta>2</fta>
<oreb>2</oreb>
<dreb>2</dreb>
<reb>4</reb>
<ast>4</ast>
<stl>2</stl>
<blk>0</blk>
<to>2</to>
<pf>2</pf>
<pam>-19</pam>
<pts>7</pts>
<dnp>false</dnp>
</player>
<player>
<name>Josh Smith</name>
<pos>SF</pos>
<start>true</start>
<min>36</min>
<fgm>5</fgm>
<fga>15</fga>
<tpm>0</tpm>
<tpa>4</tpa>
<ftm>1</ftm>
<fta>2</fta>
<oreb>2</oreb>
<dreb>4</dreb>
<reb>6</reb>
<ast>2</ast>
<stl>3</stl>
<blk>2</blk>
<to>1</to>
<pf>3</pf>
<pam>-18</pam>
<pts>11</pts>
<dnp>false</dnp>
</player>
<player>
<name>Andre Drummond</name>
<pos>C</pos>
<start>true</start>
<min>35</min>
<fgm>5</fgm>
<fga>11</fga>
<tpm>0</tpm>
<tpa>0</tpa>
<ftm>0</ftm>
<fta>0</fta>
<oreb>3</oreb>
<dreb>9</dreb>
<reb>12</reb>
<ast>0</ast>
<stl>4</stl>
<blk>1</blk>
<to>0</to>
<pf>4</pf>
<pam>+1</pam>
<pts>10</pts>
<dnp>false</dnp>
</player>
<player>
<name>Brandon Jennings</name>
<pos>PG</pos>
<start>true</start>
<min>41</min>
<fgm>9</fgm>
<fga>21</fga>
<tpm>3</tpm>
<tpa>6</tpa>
<ftm>0</ftm>
<fta>1</fta>
<oreb>3</oreb>
<dreb>4</dreb>
<reb>7</reb>
<ast>6</ast>
<stl>1</stl>
<blk>0</blk>
<to>4</to>
<pf>0</pf>
<pam>-16</pam>
<pts>21</pts>
<dnp>false</dnp>
</player>
<player>
<name>Kentavious Caldwell-Pope</name>
<pos>SG</pos>
<start>true</start>
<min>23</min>
<fgm>1</fgm>
<fga>9</fga>
<tpm>0</tpm>
<tpa>6</tpa>
<ftm>2</ftm>
<fta>2</fta>
<oreb>1</oreb>
<dreb>3</dreb>
<reb>4</reb>
<ast>1</ast>
<stl>0</stl>
<blk>0</blk>
<to>0</to>
<pf>1</pf>
<pam>-8</pam>
<pts>4</pts>
<dnp>false</dnp>
</player>
<player>
<name>Josh Harrellson</name>
<pos>PF</pos>
<start>false</start>
<min>6</min>
<fgm>1</fgm>
<fga>1</fga>
<tpm>1</tpm>
<tpa>1</tpa>
<ftm>0</ftm>
<fta>0</fta>
<oreb>1</oreb>
<dreb>0</dreb>
<reb>1</reb>
<ast>0</ast>
<stl>0</stl>
<blk>1</blk>
<to>1</to>
<pf>2</pf>
<pam>-3</pam>
<pts>3</pts>
<dnp>false</dnp>
</player>
<player>
<name>Luigi Datome</name>
<pos>SF</pos>
<start>false</start>
<min>11</min>
<fgm>2</fgm>
<fga>4</fga>
<tpm>1</tpm>
<tpa>3</tpa>
<ftm>0</ftm>
<fta>0</fta>
<oreb>0</oreb>
<dreb>1</dreb>
<reb>1</reb>
<ast>0</ast>
<stl>0</stl>
<blk>0</blk>
<to>0</to>
<pf>1</pf>
<pam>+12</pam>
<pts>5</pts>
<dnp>false</dnp>
</player>
<player>
<name>Kyle Singler</name>
<pos>SF</pos>
<start>false</start>
<min>22</min>
<fgm>2</fgm>
<fga>6</fga>
<tpm>0</tpm>
<tpa>1</tpa>
<ftm>2</ftm>
<fta>2</fta>
<oreb>3</oreb>
<dreb>4</dreb>
<reb>7</reb>
<ast>1</ast>
<stl>0</stl>
<blk>1</blk>
<to>2</to>
<pf>0</pf>
<pam>+3</pam>
<pts>6</pts>
<dnp>false</dnp>
</player>
<player>
<name>Peyton Siva</name>
<pos>PG</pos>
<start>false</start>
<min>6</min>
<fgm>0</fgm>
<fga>0</fga>
<tpm>0</tpm>
<tpa>0</tpa>
<ftm>0</ftm>
<fta>0</fta>
<oreb>0</oreb>
<dreb>1</dreb>
<reb>1</reb>
<ast>1</ast>
<stl>2</stl>
<blk>0</blk>
<to>0</to>
<pf>2</pf>
<pam>+11</pam>
<pts>0</pts>
<dnp>false</dnp>
</player>
<player>
<name>Rodney Stuckey</name>
<pos>PG</pos>
<start>false</start>
<min>26</min>
<fgm>7</fgm>
<fga>12</fga>
<tpm>1</tpm>
<tpa>1</tpa>
<ftm>3</ftm>
<fta>3</fta>
<oreb>0</oreb>
<dreb>0</dreb>
<reb>0</reb>
<ast>2</ast>
<stl>1</stl>
<blk>0</blk>
<to>5</to>
<pf>6</pf>
<pam>-3</pam>
<pts>18</pts>
<dnp>false</dnp>
</player>
<player>
<name>Tony Mitchell</name>
<pos>PF</pos>
<start>false</start>
<min>0</min>
<fgm>0</fgm>
<fga>0</fga>
<tpm>0</tpm>
<tpa>0</tpa>
<ftm>0</ftm>
<fta>0</fta>
<oreb>0</oreb>
<dreb>0</dreb>
<reb>0</reb>
<ast>0</ast>
<stl>0</stl>
<blk>0</blk>
<to>0</to>
<pf>0</pf>
<pam>0</pam>
<pts>0</pts>
<dnp>true</dnp>
</player>
<player>
<name>Jonas Jerebko</name>
<pos>PF</pos>
<start>false</start>
<min>0</min>
<fgm>0</fgm>
<fga>0</fga>
<tpm>0</tpm>
<tpa>0</tpa>
<ftm>0</ftm>
<fta>0</fta>
<oreb>0</oreb>
<dreb>0</dreb>
<reb>0</reb>
<ast>0</ast>
<stl>0</stl>
<blk>0</blk>
<to>0</to>
<pf>0</pf>
<pam>0</pam>
<pts>0</pts>
<dnp>true</dnp>
</player>
<home>false</home>
<win>false</win>
<fgm>35</fgm>
<fga>87</fga>
<tpm>6</tpm>
<tpa>22</tpa>
<ftm>9</ftm>
<fta>12</fta>
<oreb>15</oreb>
<dreb>28</dreb>
<reb>43</reb>
<ast>17</ast>
<stl>13</stl>
<blk>5</blk>
<to>15</to>
<pf>21</pf>
<pts>85</pts>
</team>
<team>
<name>Atlanta Hawks</name>
<player>
<name>Paul Millsap</name>
<pos>PF</pos>
<start>true</start>
<min>28</min>
<fgm>8</fgm>
<fga>14</fga>
<tpm>0</tpm>
<tpa>2</tpa>
<ftm>3</ftm>
<fta>4</fta>
<oreb>1</oreb>
<dreb>1</dreb>
<reb>2</reb>
<ast>0</ast>
<stl>1</stl>
<blk>0</blk>
<to>4</to>
<pf>1</pf>
<pam>+4</pam>
<pts>19</pts>
<dnp>false</dnp>
</player>
<player>
<name>DeMarre Carroll</name>
<pos>SF</pos>
<start>true</start>
<min>36</min>
<fgm>3</fgm>
<fga>6</fga>
<tpm>1</tpm>
<tpa>3</tpa>
<ftm>4</ftm>
<fta>6</fta>
<oreb>0</oreb>
<dreb>12</dreb>
<reb>12</reb>
<ast>3</ast>
<stl>2</stl>
<blk>2</blk>
<to>0</to>
<pf>2</pf>
<pam>+17</pam>
<pts>11</pts>
<dnp>false</dnp>
</player>
<player>
<name>Al Horford</name>
<pos>C</pos>
<start>true</start>
<min>32</min>
<fgm>5</fgm>
<fga>7</fga>
<tpm>0</tpm>
<tpa>0</tpa>
<ftm>0</ftm>
<fta>0</fta>
<oreb>2</oreb>
<dreb>6</dreb>
<reb>8</reb>
<ast>2</ast>
<stl>1</stl>
<blk>5</blk>
<to>2</to>
<pf>1</pf>
<pam>+17</pam>
<pts>10</pts>
<dnp>false</dnp>
</player>
<player>
<name>Jeff Teague</name>
<pos>PG</pos>
<start>true</start>
<min>34</min>
<fgm>8</fgm>
<fga>14</fga>
<tpm>0</tpm>
<tpa>2</tpa>
<ftm>2</ftm>
<fta>2</fta>
<oreb>0</oreb>
<dreb>1</dreb>
<reb>1</reb>
<ast>7</ast>
<stl>1</stl>
<blk>0</blk>
<to>5</to>
<pf>3</pf>
<pam>+15</pam>
<pts>18</pts>
<dnp>false</dnp>
</player>
<player>
<name>Kyle Korver</name>
<pos>SG</pos>
<start>true</start>
<min>32</min>
<fgm>2</fgm>
<fga>5</fga>
<tpm>2</tpm>
<tpa>3</tpa>
<ftm>2</ftm>
<fta>2</fta>
<oreb>0</oreb>
<dreb>5</dreb>
<reb>5</reb>
<ast>2</ast>
<stl>2</stl>
<blk>1</blk>
<to>2</to>
<pf>0</pf>
<pam>+12</pam>
<pts>8</pts>
<dnp>false</dnp>
</player>
<player>
<name>Gustavo Ayon</name>
<pos>PF</pos>
<start>false</start>
<min>17</min>
<fgm>3</fgm>
<fga>4</fga>
<tpm>0</tpm>
<tpa>0</tpa>
<ftm>1</ftm>
<fta>2</fta>
<oreb>1</oreb>
<dreb>2</dreb>
<reb>3</reb>
<ast>0</ast>
<stl>1</stl>
<blk>0</blk>
<to>1</to>
<pf>1</pf>
<pam>-8</pam>
<pts>7</pts>
<dnp>false</dnp>
</player>
<player>
<name>Mike Scott</name>
<pos>PF</pos>
<start>false</start>
<min>19</min>
<fgm>4</fgm>
<fga>9</fga>
<tpm>0</tpm>
<tpa>1</tpa>
<ftm>3</ftm>
<fta>5</fta>
<oreb>1</oreb>
<dreb>3</dreb>
<reb>4</reb>
<ast>0</ast>
<stl>0</stl>
<blk>0</blk>
<to>4</to>
<pf>3</pf>
<pam>+3</pam>
<pts>11</pts>
<dnp>false</dnp>
</player>
<player>
<name>Cartier Martin</name>
<pos>PF</pos>
<start>false</start>
<min>10</min>
<fgm>1</fgm>
<fga>3</fga>
<tpm>0</tpm>
<tpa>1</tpa>
<ftm>0</ftm>
<fta>0</fta>
<oreb>0</oreb>
<dreb>1</dreb>
<reb>1</reb>
<ast>1</ast>
<stl>2</stl>
<blk>0</blk>
<to>3</to>
<pf>1</pf>
<pam>-14</pam>
<pts>2</pts>
<dnp>false</dnp>
</player>
<player>
<name>Shelvin Mack</name>
<pos>PG</pos>
<start>false</start>
<min>17</min>
<fgm>0</fgm>
<fga>3</fga>
<tpm>0</tpm>
<tpa>1</tpa>
<ftm>1</ftm>
<fta>2</fta>
<oreb>0</oreb>
<dreb>2</dreb>
<reb>2</reb>
<ast>3</ast>
<stl>1</stl>
<blk>0</blk>
<to>0</to>
<pf>0</pf>
<pam>-6</pam>
<pts>1</pts>
<dnp>false</dnp>
</player>
<player>
<name>Louis Williams</name>
<pos>SG</pos>
<start>false</start>
<min>15</min>
<fgm>2</fgm>
<fga>6</fga>
<tpm>1</tpm>
<tpa>2</tpa>
<ftm>1</ftm>
<fta>1</fta>
<oreb>0</oreb>
<dreb>0</dreb>
<reb>0</reb>
<ast>5</ast>
<stl>0</stl>
<blk>0</blk>
<to>0</to>
<pf>0</pf>
<pam>0</pam>
<pts>6</pts>
<dnp>false</dnp>
</player>
<player>
<name>Elton Brand</name>
<pos>PF</pos>
<start>false</start>
<min>0</min>
<fgm>0</fgm>
<fga>0</fga>
<tpm>0</tpm>
<tpa>0</tpa>
<ftm>0</ftm>
<fta>0</fta>
<oreb>0</oreb>
<dreb>0</dreb>
<reb>0</reb>
<ast>0</ast>
<stl>0</stl>
<blk>0</blk>
<to>0</to>
<pf>0</pf>
<pam>0</pam>
<pts>0</pts>
<dnp>true</dnp>
</player>
<player>
<name>Pero Antic</name>
<pos>C</pos>
<start>false</start>
<min>0</min>
<fgm>0</fgm>
<fga>0</fga>
<tpm>0</tpm>
<tpa>0</tpa>
<ftm>0</ftm>
<fta>0</fta>
<oreb>0</oreb>
<dreb>0</dreb>
<reb>0</reb>
<ast>0</ast>
<stl>0</stl>
<blk>0</blk>
<to>0</to>
<pf>0</pf>
<pam>0</pam>
<pts>0</pts>
<dnp>true</dnp>
</player>
<home>true</home>
<win>true</win>
<fgm>36</fgm>
<fga>71</fga>
<tpm>4</tpm>
<tpa>15</tpa>
<ftm>17</ftm>
<fta>24</fta>
<oreb>5</oreb>
<dreb>33</dreb>
<reb>38</reb>
<ast>23</ast>
<stl>11</stl>
<blk>8</blk>
<to>21</to>
<pf>12</pf>
<pts>93</pts>
</team>
</game>