<game>
<id>400488970</id>
<date>9:30 PM ET, November 10, 2013</date>
<team>
<name>Minnesota Timberwolves</name>
<player>
<name>Kevin Love</name>
<pos>PF</pos>
<start>true</start>
<min>37</min>
<fgm>8</fgm>
<fga>17</fga>
<tpm>4</tpm>
<tpa>9</tpa>
<ftm>5</ftm>
<fta>5</fta>
<oreb>1</oreb>
<dreb>12</dreb>
<reb>13</reb>
<ast>3</ast>
<stl>1</stl>
<blk>0</blk>
<to>3</to>
<pf>2</pf>
<pam>+21</pam>
<pts>25</pts>
<dnp>false</dnp>
</player>
<player>
<name>Corey Brewer</name>
<pos>SF</pos>
<start>true</start>
<min>38</min>
<fgm>6</fgm>
<fga>9</fga>
<tpm>1</tpm>
<tpa>3</tpa>
<ftm>4</ftm>
<fta>6</fta>
<oreb>0</oreb>
<dreb>1</dreb>
<reb>1</reb>
<ast>3</ast>
<stl>4</stl>
<blk>2</blk>
<to>2</to>
<pf>2</pf>
<pam>+27</pam>
<pts>17</pts>
<dnp>false</dnp>
</player>
<player>
<name>Nikola Pekovic</name>
<pos>C</pos>
<start>true</start>
<min>34</min>
<fgm>6</fgm>
<fga>14</fga>
<tpm>0</tpm>
<tpa>0</tpa>
<ftm>2</ftm>
<fta>3</fta>
<oreb>4</oreb>
<dreb>6</dreb>
<reb>10</reb>
<ast>4</ast>
<stl>1</stl>
<blk>1</blk>
<to>3</to>
<pf>2</pf>
<pam>+16</pam>
<pts>14</pts>
<dnp>false</dnp>
</player>
<player>
<name>Ricky Rubio</name>
<pos>PG</pos>
<start>true</start>
<min>38</min>
<fgm>5</fgm>
<fga>9</fga>
<tpm>2</tpm>
<tpa>2</tpa>
<ftm>0</ftm>
<fta>0</fta>
<oreb>1</oreb>
<dreb>9</dreb>
<reb>10</reb>
<ast>14</ast>
<stl>5</stl>
<blk>0</blk>
<to>5</to>
<pf>1</pf>
<pam>+27</pam>
<pts>12</pts>
<dnp>false</dnp>
</player>
<player>
<name>Kevin Martin</name>
<pos>SG</pos>
<start>true</start>
<min>33</min>
<fgm>11</fgm>
<fga>23</fga>
<tpm>3</tpm>
<tpa>5</tpa>
<ftm>2</ftm>
<fta>2</fta>
<oreb>0</oreb>
<dreb>5</dreb>
<reb>5</reb>
<ast>1</ast>
<stl>2</stl>
<blk>0</blk>
<to>0</to>
<pf>1</pf>
<pam>+10</pam>
<pts>27</pts>
<dnp>false</dnp>
</player>
<player>
<name>Derrick Williams</name>
<pos>PF</pos>
<start>false</start>
<min>3</min>
<fgm>0</fgm>
<fga>1</fga>
<tpm>0</tpm>
<tpa>0</tpa>
<ftm>0</ftm>
<fta>0</fta>
<oreb>0</oreb>
<dreb>0</dreb>
<reb>0</reb>
<ast>0</ast>
<stl>0</stl>
<blk>0</blk>
<to>1</to>
<pf>0</pf>
<pam>+1</pam>
<pts>0</pts>
<dnp>false</dnp>
</player>
<player>
<name>Dante Cunningham</name>
<pos>PF</pos>
<start>false</start>
<min>19</min>
<fgm>1</fgm>
<fga>4</fga>
<tpm>0</tpm>
<tpa>0</tpa>
<ftm>0</ftm>
<fta>0</fta>
<oreb>2</oreb>
<dreb>3</dreb>
<reb>5</reb>
<ast>1</ast>
<stl>0</stl>
<blk>2</blk>
<to>0</to>
<pf>3</pf>
<pam>+8</pam>
<pts>2</pts>
<dnp>false</dnp>
</player>
<player>
<name>Robbie Hummel</name>
<pos>SF</pos>
<start>false</start>
<min>2</min>
<fgm>1</fgm>
<fga>1</fga>
<tpm>0</tpm>
<tpa>0</tpa>
<ftm>0</ftm>
<fta>0</fta>
<oreb>1</oreb>
<dreb>1</dreb>
<reb>2</reb>
<ast>0</ast>
<stl>0</stl>
<blk>0</blk>
<to>1</to>
<pf>0</pf>
<pam>0</pam>
<pts>2</pts>
<dnp>false</dnp>
</player>
<player>
<name>Shabazz Muhammad</name>
<pos>SF</pos>
<start>false</start>
<min>3</min>
<fgm>0</fgm>
<fga>1</fga>
<tpm>0</tpm>
<tpa>0</tpa>
<ftm>0</ftm>
<fta>0</fta>
<oreb>0</oreb>
<dreb>0</dreb>
<reb>0</reb>
<ast>0</ast>
<stl>0</stl>
<blk>0</blk>
<to>1</to>
<pf>1</pf>
<pam>0</pam>
<pts>0</pts>
<dnp>false</dnp>
</player>
<player>
<name>Gorgui Dieng</name>
<pos>C</pos>
<start>false</start>
<min>3</min>
<fgm>0</fgm>
<fga>1</fga>
<tpm>0</tpm>
<tpa>0</tpa>
<ftm>0</ftm>
<fta>0</fta>
<oreb>1</oreb>
<dreb>1</dreb>
<reb>2</reb>
<ast>0</ast>
<stl>0</stl>
<blk>0</blk>
<to>1</to>
<pf>0</pf>
<pam>0</pam>
<pts>0</pts>
<dnp>false</dnp>
</player>
<player>
<name>J.J. Barea</name>
<pos>PG</pos>
<start>false</start>
<min>19</min>
<fgm>4</fgm>
<fga>8</fga>
<tpm>0</tpm>
<tpa>1</tpa>
<ftm>1</ftm>
<fta>1</fta>
<oreb>0</oreb>
<dreb>3</dreb>
<reb>3</reb>
<ast>3</ast>
<stl>0</stl>
<blk>0</blk>
<to>3</to>
<pf>3</pf>
<pam>+8</pam>
<pts>9</pts>
<dnp>false</dnp>
</player>
<player>
<name>Alexey Shved</name>
<pos>PG</pos>
<start>false</start>
<min>8</min>
<fgm>1</fgm>
<fga>1</fga>
<tpm>0</tpm>
<tpa>0</tpa>
<ftm>1</ftm>
<fta>2</fta>
<oreb>2</oreb>
<dreb>0</dreb>
<reb>2</reb>
<ast>0</ast>
<stl>1</stl>
<blk>0</blk>
<to>1</to>
<pf>0</pf>
<pam>-4</pam>
<pts>3</pts>
<dnp>false</dnp>
</player>
<home>false</home>
<win>true</win>
<fgm>44</fgm>
<fga>90</fga>
<tpm>10</tpm>
<tpa>20</tpa>
<ftm>15</ftm>
<fta>19</fta>
<oreb>12</oreb>
<dreb>41</dreb>
<reb>53</reb>
<ast>29</ast>
<stl>14</stl>
<blk>5</blk>
<to>21</to>
<pf>15</pf>
<pts>113</pts>
</team>
<team>
<name>Los Angeles Lakers</name>
<player>
<name>Pau Gasol</name>
<pos>PF</pos>
<start>true</start>
<min>29</min>
<fgm>5</fgm>
<fga>12</fga>
<tpm>0</tpm>
<tpa>0</tpa>
<ftm>1</ftm>
<fta>3</fta>
<oreb>4</oreb>
<dreb>7</dreb>
<reb>11</reb>
<ast>4</ast>
<stl>0</stl>
<blk>4</blk>
<to>4</to>
<pf>3</pf>
<pam>-14</pam>
<pts>11</pts>
<dnp>false</dnp>
</player>
<player>
<name>Nick Young</name>
<pos>SF</pos>
<start>true</start>
<min>20</min>
<fgm>3</fgm>
<fga>9</fga>
<tpm>0</tpm>
<tpa>3</tpa>
<ftm>2</ftm>
<fta>2</fta>
<oreb>1</oreb>
<dreb>3</dreb>
<reb>4</reb>
<ast>0</ast>
<stl>0</stl>
<blk>0</blk>
<to>0</to>
<pf>2</pf>
<pam>-20</pam>
<pts>8</pts>
<dnp>false</dnp>
</player>
<player>
<name>Chris Kaman</name>
<pos>C</pos>
<start>true</start>
<min>19</min>
<fgm>4</fgm>
<fga>10</fga>
<tpm>0</tpm>
<tpa>0</tpa>
<ftm>0</ftm>
<fta>0</fta>
<oreb>0</oreb>
<dreb>5</dreb>
<reb>5</reb>
<ast>0</ast>
<stl>0</stl>
<blk>0</blk>
<to>3</to>
<pf>2</pf>
<pam>-17</pam>
<pts>8</pts>
<dnp>false</dnp>
</player>
<player>
<name>Steve Nash</name>
<pos>PG</pos>
<start>true</start>
<min>13</min>
<fgm>0</fgm>
<fga>3</fga>
<tpm>0</tpm>
<tpa>2</tpa>
<ftm>2</ftm>
<fta>2</fta>
<oreb>0</oreb>
<dreb>0</dreb>
<reb>0</reb>
<ast>3</ast>
<stl>0</stl>
<blk>0</blk>
<to>2</to>
<pf>1</pf>
<pam>-16</pam>
<pts>2</pts>
<dnp>false</dnp>
</player>
<player>
<name>Steve Blake</name>
<pos>PG</pos>
<start>true</start>
<min>35</min>
<fgm>7</fgm>
<fga>11</fga>
<tpm>5</tpm>
<tpa>7</tpa>
<ftm>0</ftm>
<fta>0</fta>
<oreb>0</oreb>
<dreb>3</dreb>
<reb>3</reb>
<ast>8</ast>
<stl>3</stl>
<blk>0</blk>
<to>1</to>
<pf>0</pf>
<pam>-14</pam>
<pts>19</pts>
<dnp>false</dnp>
</player>
<player>
<name>Jordan Hill</name>
<pos>PF</pos>
<start>false</start>
<min>19</min>
<fgm>3</fgm>
<fga>5</fga>
<tpm>0</tpm>
<tpa>0</tpa>
<ftm>1</ftm>
<fta>3</fta>
<oreb>6</oreb>
<dreb>3</dreb>
<reb>9</reb>
<ast>1</ast>
<stl>1</stl>
<blk>0</blk>
<to>2</to>
<pf>1</pf>
<pam>-9</pam>
<pts>7</pts>
<dnp>false</dnp>
</player>
<player>
<name>Xavier Henry</name>
<pos>SF</pos>
<start>false</start>
<min>14</min>
<fgm>1</fgm>
<fga>8</fga>
<tpm>0</tpm>
<tpa>0</tpa>
<ftm>0</ftm>
<fta>4</fta>
<oreb>3</oreb>
<dreb>5</dreb>
<reb>8</reb>
<ast>1</ast>
<stl>1</stl>
<blk>0</blk>
<to>0</to>
<pf>0</pf>
<pam>-11</pam>
<pts>2</pts>
<dnp>false</dnp>
</player>
<player>
<name>Wesley Johnson</name>
<pos>SF</pos>
<start>false</start>
<min>22</min>
<fgm>2</fgm>
<fga>10</fga>
<tpm>1</tpm>
<tpa>2</tpa>
<ftm>0</ftm>
<fta>0</fta>
<oreb>1</oreb>
<dreb>2</dreb>
<reb>3</reb>
<ast>1</ast>
<stl>0</stl>
<blk>1</blk>
<to>1</to>
<pf>2</pf>
<pam>-11</pam>
<pts>5</pts>
<dnp>false</dnp>
</player>
<player>
<name>Shawne Williams</name>
<pos>SF</pos>
<start>false</start>
<min>25</min>
<fgm>3</fgm>
<fga>7</fga>
<tpm>2</tpm>
<tpa>5</tpa>
<ftm>0</ftm>
<fta>0</fta>
<oreb>0</oreb>
<dreb>0</dreb>
<reb>0</reb>
<ast>4</ast>
<stl>1</stl>
<blk>2</blk>
<to>1</to>
<pf>3</pf>
<pam>+11</pam>
<pts>8</pts>
<dnp>false</dnp>
</player>
<player>
<name>Jordan Farmar</name>
<pos>PG</pos>
<start>false</start>
<min>14</min>
<fgm>1</fgm>
<fga>7</fga>
<tpm>0</tpm>
<tpa>1</tpa>
<ftm>2</ftm>
<fta>2</fta>
<oreb>1</oreb>
<dreb>0</dreb>
<reb>1</reb>
<ast>0</ast>
<stl>1</stl>
<blk>0</blk>
<to>3</to>
<pf>0</pf>
<pam>-15</pam>
<pts>4</pts>
<dnp>false</dnp>
</player>
<player>
<name>Jodie Meeks</name>
<pos>SG</pos>
<start>false</start>
<min>29</min>
<fgm>6</fgm>
<fga>10</fga>
<tpm>2</tpm>
<tpa>6</tpa>
<ftm>2</ftm>
<fta>2</fta>
<oreb>0</oreb>
<dreb>2</dreb>
<reb>2</reb>
<ast>2</ast>
<stl>1</stl>
<blk>1</blk>
<to>1</to>
<pf>2</pf>
<pam>+1</pam>
<pts>16</pts>
<dnp>false</dnp>
</player>
<player>
<name>Elias Harris</name>
<pos>SF</pos>
<start>false</start>
<min>0</min>
<fgm>0</fgm>
<fga>0</fga>
<tpm>0</tpm>
<tpa>0</tpa>
<ftm>0</ftm>
<fta>0</fta>
<oreb>0</oreb>
<dreb>0</dreb>
<reb>0</reb>
<ast>0</ast>
<stl>0</stl>
<blk>0</blk>
<to>0</to>
<pf>0</pf>
<pam>0</pam>
<pts>0</pts>
<dnp>true</dnp>
</player>
<home>true</home>
<win>false</win>
<fgm>35</fgm>
<fga>92</fga>
<tpm>10</tpm>
<tpa>26</tpa>
<ftm>10</ftm>
<fta>18</fta>
<oreb>16</oreb>
<dreb>30</dreb>
<reb>46</reb>
<ast>24</ast>
<stl>8</stl>
<blk>8</blk>
<to>18</to>
<pf>16</pf>
<pts>90</pts>
</team>
</game>