<game>
<id>400489051</id>
<date>7:00 PM ET, November 22, 2013</date>
<team>
<name>Washington Wizards</name>
<player>
<name>Nene Hilario</name>
<pos>PF</pos>
<start>true</start>
<min>37</min>
<fgm>5</fgm>
<fga>14</fga>
<tpm>0</tpm>
<tpa>0</tpa>
<ftm>0</ftm>
<fta>0</fta>
<oreb>0</oreb>
<dreb>10</dreb>
<reb>10</reb>
<ast>4</ast>
<stl>0</stl>
<blk>2</blk>
<to>4</to>
<pf>3</pf>
<pam>+2</pam>
<pts>10</pts>
<dnp>false</dnp>
</player>
<player>
<name>Martell Webster</name>
<pos>SF</pos>
<start>true</start>
<min>42</min>
<fgm>3</fgm>
<fga>8</fga>
<tpm>1</tpm>
<tpa>4</tpa>
<ftm>2</ftm>
<fta>3</fta>
<oreb>0</oreb>
<dreb>4</dreb>
<reb>4</reb>
<ast>5</ast>
<stl>2</stl>
<blk>1</blk>
<to>0</to>
<pf>4</pf>
<pam>+3</pam>
<pts>9</pts>
<dnp>false</dnp>
</player>
<player>
<name>Marcin Gortat</name>
<pos>C</pos>
<start>true</start>
<min>32</min>
<fgm>3</fgm>
<fga>10</fga>
<tpm>0</tpm>
<tpa>0</tpa>
<ftm>0</ftm>
<fta>0</fta>
<oreb>1</oreb>
<dreb>7</dreb>
<reb>8</reb>
<ast>2</ast>
<stl>0</stl>
<blk>1</blk>
<to>1</to>
<pf>4</pf>
<pam>+6</pam>
<pts>6</pts>
<dnp>false</dnp>
</player>
<player>
<name>John Wall</name>
<pos>PG</pos>
<start>true</start>
<min>40</min>
<fgm>15</fgm>
<fga>21</fga>
<tpm>2</tpm>
<tpa>2</tpa>
<ftm>5</ftm>
<fta>7</fta>
<oreb>1</oreb>
<dreb>5</dreb>
<reb>6</reb>
<ast>2</ast>
<stl>3</stl>
<blk>0</blk>
<to>4</to>
<pf>2</pf>
<pam>+7</pam>
<pts>37</pts>
<dnp>false</dnp>
</player>
<player>
<name>Bradley Beal</name>
<pos>SG</pos>
<start>true</start>
<min>43</min>
<fgm>7</fgm>
<fga>21</fga>
<tpm>2</tpm>
<tpa>9</tpa>
<ftm>1</ftm>
<fta>1</fta>
<oreb>1</oreb>
<dreb>3</dreb>
<reb>4</reb>
<ast>2</ast>
<stl>0</stl>
<blk>0</blk>
<to>1</to>
<pf>4</pf>
<pam>-6</pam>
<pts>17</pts>
<dnp>false</dnp>
</player>
<player>
<name>Trevor Booker</name>
<pos>PF</pos>
<start>false</start>
<min>4</min>
<fgm>0</fgm>
<fga>1</fga>
<tpm>0</tpm>
<tpa>0</tpa>
<ftm>0</ftm>
<fta>0</fta>
<oreb>1</oreb>
<dreb>0</dreb>
<reb>1</reb>
<ast>0</ast>
<stl>0</stl>
<blk>0</blk>
<to>0</to>
<pf>0</pf>
<pam>-9</pam>
<pts>0</pts>
<dnp>false</dnp>
</player>
<player>
<name>Jan Vesely</name>
<pos>PF</pos>
<start>false</start>
<min>11</min>
<fgm>0</fgm>
<fga>3</fga>
<tpm>0</tpm>
<tpa>0</tpa>
<ftm>0</ftm>
<fta>0</fta>
<oreb>3</oreb>
<dreb>1</dreb>
<reb>4</reb>
<ast>0</ast>
<stl>0</stl>
<blk>0</blk>
<to>1</to>
<pf>0</pf>
<pam>-13</pam>
<pts>0</pts>
<dnp>false</dnp>
</player>
<player>
<name>Kevin Seraphin</name>
<pos>C</pos>
<start>false</start>
<min>7</min>
<fgm>1</fgm>
<fga>3</fga>
<tpm>0</tpm>
<tpa>0</tpa>
<ftm>2</ftm>
<fta>2</fta>
<oreb>1</oreb>
<dreb>0</dreb>
<reb>1</reb>
<ast>0</ast>
<stl>0</stl>
<blk>0</blk>
<to>0</to>
<pf>4</pf>
<pam>-3</pam>
<pts>4</pts>
<dnp>false</dnp>
</player>
<player>
<name>Eric Maynor</name>
<pos>PG</pos>
<start>false</start>
<min>8</min>
<fgm>1</fgm>
<fga>2</fga>
<tpm>1</tpm>
<tpa>1</tpa>
<ftm>0</ftm>
<fta>0</fta>
<oreb>0</oreb>
<dreb>0</dreb>
<reb>0</reb>
<ast>1</ast>
<stl>0</stl>
<blk>0</blk>
<to>2</to>
<pf>0</pf>
<pam>-15</pam>
<pts>3</pts>
<dnp>false</dnp>
</player>
<player>
<name>Glen Rice Jr.</name>
<pos>SG</pos>
<start>false</start>
<min>0</min>
<fgm>0</fgm>
<fga>0</fga>
<tpm>0</tpm>
<tpa>0</tpa>
<ftm>0</ftm>
<fta>0</fta>
<oreb>0</oreb>
<dreb>0</dreb>
<reb>0</reb>
<ast>0</ast>
<stl>0</stl>
<blk>0</blk>
<to>0</to>
<pf>0</pf>
<pam>+3</pam>
<pts>0</pts>
<dnp>false</dnp>
</player>
<player>
<name>Garrett Temple</name>
<pos>SG</pos>
<start>false</start>
<min>17</min>
<fgm>1</fgm>
<fga>3</fga>
<tpm>0</tpm>
<tpa>1</tpa>
<ftm>0</ftm>
<fta>0</fta>
<oreb>1</oreb>
<dreb>0</dreb>
<reb>1</reb>
<ast>1</ast>
<stl>1</stl>
<blk>0</blk>
<to>1</to>
<pf>1</pf>
<pam>-15</pam>
<pts>2</pts>
<dnp>false</dnp>
</player>
<player>
<name>Al Harrington</name>
<pos>PF</pos>
<start>false</start>
<min>0</min>
<fgm>0</fgm>
<fga>0</fga>
<tpm>0</tpm>
<tpa>0</tpa>
<ftm>0</ftm>
<fta>0</fta>
<oreb>0</oreb>
<dreb>0</dreb>
<reb>0</reb>
<ast>0</ast>
<stl>0</stl>
<blk>0</blk>
<to>0</to>
<pf>0</pf>
<pam>0</pam>
<pts>0</pts>
<dnp>true</dnp>
</player>
<home>false</home>
<win>false</win>
<fgm>36</fgm>
<fga>86</fga>
<tpm>6</tpm>
<tpa>17</tpa>
<ftm>10</ftm>
<fta>13</fta>
<oreb>9</oreb>
<dreb>30</dreb>
<reb>39</reb>
<ast>17</ast>
<stl>6</stl>
<blk>4</blk>
<to>14</to>
<pf>22</pf>
<pts>88</pts>
</team>
<team>
<name>Toronto Raptors</name>
<player>
<name>Amir Johnson</name>
<pos>PF</pos>
<start>true</start>
<min>25</min>
<fgm>7</fgm>
<fga>8</fga>
<tpm>0</tpm>
<tpa>1</tpa>
<ftm>0</ftm>
<fta>1</fta>
<oreb>1</oreb>
<dreb>3</dreb>
<reb>4</reb>
<ast>2</ast>
<stl>1</stl>
<blk>1</blk>
<to>0</to>
<pf>5</pf>
<pam>+22</pam>
<pts>14</pts>
<dnp>false</dnp>
</player>
<player>
<name>Rudy Gay</name>
<pos>SF</pos>
<start>true</start>
<min>31</min>
<fgm>6</fgm>
<fga>16</fga>
<tpm>0</tpm>
<tpa>1</tpa>
<ftm>5</ftm>
<fta>6</fta>
<oreb>0</oreb>
<dreb>3</dreb>
<reb>3</reb>
<ast>1</ast>
<stl>1</stl>
<blk>4</blk>
<to>3</to>
<pf>1</pf>
<pam>+2</pam>
<pts>17</pts>
<dnp>false</dnp>
</player>
<player>
<name>Jonas Valanciunas</name>
<pos>C</pos>
<start>true</start>
<min>37</min>
<fgm>5</fgm>
<fga>14</fga>
<tpm>0</tpm>
<tpa>0</tpa>
<ftm>1</ftm>
<fta>2</fta>
<oreb>3</oreb>
<dreb>10</dreb>
<reb>13</reb>
<ast>0</ast>
<stl>0</stl>
<blk>1</blk>
<to>1</to>
<pf>1</pf>
<pam>-7</pam>
<pts>11</pts>
<dnp>false</dnp>
</player>
<player>
<name>Kyle Lowry</name>
<pos>PG</pos>
<start>true</start>
<min>36</min>
<fgm>4</fgm>
<fga>9</fga>
<tpm>2</tpm>
<tpa>5</tpa>
<ftm>2</ftm>
<fta>2</fta>
<oreb>2</oreb>
<dreb>4</dreb>
<reb>6</reb>
<ast>9</ast>
<stl>3</stl>
<blk>1</blk>
<to>3</to>
<pf>4</pf>
<pam>-2</pam>
<pts>12</pts>
<dnp>false</dnp>
</player>
<player>
<name>DeMar DeRozan</name>
<pos>SG</pos>
<start>true</start>
<min>37</min>
<fgm>7</fgm>
<fga>14</fga>
<tpm>0</tpm>
<tpa>2</tpa>
<ftm>3</ftm>
<fta>4</fta>
<oreb>1</oreb>
<dreb>5</dreb>
<reb>6</reb>
<ast>4</ast>
<stl>0</stl>
<blk>1</blk>
<to>4</to>
<pf>2</pf>
<pam>-7</pam>
<pts>17</pts>
<dnp>false</dnp>
</player>
<player>
<name>Tyler Hansbrough</name>
<pos>PF</pos>
<start>false</start>
<min>19</min>
<fgm>2</fgm>
<fga>5</fga>
<tpm>0</tpm>
<tpa>0</tpa>
<ftm>4</ftm>
<fta>6</fta>
<oreb>4</oreb>
<dreb>2</dreb>
<reb>6</reb>
<ast>0</ast>
<stl>0</stl>
<blk>0</blk>
<to>2</to>
<pf>3</pf>
<pam>-7</pam>
<pts>8</pts>
<dnp>false</dnp>
</player>
<player>
<name>Terrence Ross</name>
<pos>SF</pos>
<start>false</start>
<min>25</min>
<fgm>4</fgm>
<fga>7</fga>
<tpm>1</tpm>
<tpa>4</tpa>
<ftm>2</ftm>
<fta>2</fta>
<oreb>1</oreb>
<dreb>2</dreb>
<reb>3</reb>
<ast>1</ast>
<stl>0</stl>
<blk>0</blk>
<to>0</to>
<pf>2</pf>
<pam>+14</pam>
<pts>11</pts>
<dnp>false</dnp>
</player>
<player>
<name>Steve Novak</name>
<pos>SF</pos>
<start>false</start>
<min>19</min>
<fgm>1</fgm>
<fga>4</fga>
<tpm>1</tpm>
<tpa>4</tpa>
<ftm>0</ftm>
<fta>0</fta>
<oreb>1</oreb>
<dreb>2</dreb>
<reb>3</reb>
<ast>2</ast>
<stl>0</stl>
<blk>0</blk>
<to>0</to>
<pf>2</pf>
<pam>+15</pam>
<pts>3</pts>
<dnp>false</dnp>
</player>
<player>
<name>Julyan Stone</name>
<pos>PG</pos>
<start>false</start>
<min>6</min>
<fgm>0</fgm>
<fga>0</fga>
<tpm>0</tpm>
<tpa>0</tpa>
<ftm>0</ftm>
<fta>0</fta>
<oreb>0</oreb>
<dreb>1</dreb>
<reb>1</reb>
<ast>1</ast>
<stl>0</stl>
<blk>0</blk>
<to>0</to>
<pf>0</pf>
<pam>+4</pam>
<pts>0</pts>
<dnp>false</dnp>
</player>
<player>
<name>D.J. Augustin</name>
<pos>PG</pos>
<start>false</start>
<min>5</min>
<fgm>1</fgm>
<fga>1</fga>
<tpm>1</tpm>
<tpa>1</tpa>
<ftm>0</ftm>
<fta>0</fta>
<oreb>0</oreb>
<dreb>1</dreb>
<reb>1</reb>
<ast>2</ast>
<stl>0</stl>
<blk>0</blk>
<to>1</to>
<pf>0</pf>
<pam>+6</pam>
<pts>3</pts>
<dnp>false</dnp>
</player>
<player>
<name>Landry Fields</name>
<pos>SF</pos>
<start>false</start>
<min>0</min>
<fgm>0</fgm>
<fga>0</fga>
<tpm>0</tpm>
<tpa>0</tpa>
<ftm>0</ftm>
<fta>0</fta>
<oreb>0</oreb>
<dreb>0</dreb>
<reb>0</reb>
<ast>0</ast>
<stl>0</stl>
<blk>0</blk>
<to>0</to>
<pf>0</pf>
<pam>0</pam>
<pts>0</pts>
<dnp>true</dnp>
</player>
<player>
<name>Austin Daye</name>
<pos>SF</pos>
<start>false</start>
<min>0</min>
<fgm>0</fgm>
<fga>0</fga>
<tpm>0</tpm>
<tpa>0</tpa>
<ftm>0</ftm>
<fta>0</fta>
<oreb>0</oreb>
<dreb>0</dreb>
<reb>0</reb>
<ast>0</ast>
<stl>0</stl>
<blk>0</blk>
<to>0</to>
<pf>0</pf>
<pam>0</pam>
<pts>0</pts>
<dnp>true</dnp>
</player>
<home>true</home>
<win>true</win>
<fgm>37</fgm>
<fga>78</fga>
<tpm>5</tpm>
<tpa>18</tpa>
<ftm>17</ftm>
<fta>23</fta>
<oreb>13</oreb>
<dreb>33</dreb>
<reb>46</reb>
<ast>22</ast>
<stl>5</stl>
<blk>8</blk>
<to>14</to>
<pf>20</pf>
<pts>96</pts>
</team>
</game>