<game>
<id>400489084</id>
<date>7:00 PM ET, November 26, 2013</date>
<team>
<name>Brooklyn Nets</name>
<player>
<name>Paul Pierce</name>
<pos>SF</pos>
<start>true</start>
<min>32</min>
<fgm>5</fgm>
<fga>8</fga>
<tpm>1</tpm>
<tpa>3</tpa>
<ftm>5</ftm>
<fta>5</fta>
<oreb>0</oreb>
<dreb>4</dreb>
<reb>4</reb>
<ast>4</ast>
<stl>1</stl>
<blk>0</blk>
<to>4</to>
<pf>2</pf>
<pam>+12</pam>
<pts>16</pts>
<dnp>false</dnp>
</player>
<player>
<name>Andray Blatche</name>
<pos>C</pos>
<start>true</start>
<min>32</min>
<fgm>10</fgm>
<fga>16</fga>
<tpm>0</tpm>
<tpa>1</tpa>
<ftm>4</ftm>
<fta>4</fta>
<oreb>3</oreb>
<dreb>2</dreb>
<reb>5</reb>
<ast>0</ast>
<stl>2</stl>
<blk>2</blk>
<to>2</to>
<pf>0</pf>
<pam>+2</pam>
<pts>24</pts>
<dnp>false</dnp>
</player>
<player>
<name>Kevin Garnett</name>
<pos>C</pos>
<start>true</start>
<min>24</min>
<fgm>5</fgm>
<fga>11</fga>
<tpm>0</tpm>
<tpa>0</tpa>
<ftm>2</ftm>
<fta>2</fta>
<oreb>1</oreb>
<dreb>5</dreb>
<reb>6</reb>
<ast>4</ast>
<stl>1</stl>
<blk>0</blk>
<to>0</to>
<pf>2</pf>
<pam>+2</pam>
<pts>12</pts>
<dnp>false</dnp>
</player>
<player>
<name>Shaun Livingston</name>
<pos>PG</pos>
<start>true</start>
<min>29</min>
<fgm>1</fgm>
<fga>3</fga>
<tpm>0</tpm>
<tpa>0</tpa>
<ftm>3</ftm>
<fta>4</fta>
<oreb>2</oreb>
<dreb>4</dreb>
<reb>6</reb>
<ast>7</ast>
<stl>2</stl>
<blk>0</blk>
<to>2</to>
<pf>2</pf>
<pam>+3</pam>
<pts>5</pts>
<dnp>false</dnp>
</player>
<player>
<name>Joe Johnson</name>
<pos>SG</pos>
<start>true</start>
<min>39</min>
<fgm>7</fgm>
<fga>18</fga>
<tpm>3</tpm>
<tpa>5</tpa>
<ftm>4</ftm>
<fta>4</fta>
<oreb>1</oreb>
<dreb>5</dreb>
<reb>6</reb>
<ast>4</ast>
<stl>0</stl>
<blk>0</blk>
<to>2</to>
<pf>1</pf>
<pam>-3</pam>
<pts>21</pts>
<dnp>false</dnp>
</player>
<player>
<name>Mirza Teletovic</name>
<pos>PF</pos>
<start>false</start>
<min>21</min>
<fgm>0</fgm>
<fga>1</fga>
<tpm>0</tpm>
<tpa>0</tpa>
<ftm>0</ftm>
<fta>0</fta>
<oreb>1</oreb>
<dreb>4</dreb>
<reb>5</reb>
<ast>1</ast>
<stl>0</stl>
<blk>0</blk>
<to>2</to>
<pf>1</pf>
<pam>+7</pam>
<pts>0</pts>
<dnp>false</dnp>
</player>
<player>
<name>Mason Plumlee</name>
<pos>PF</pos>
<start>false</start>
<min>16</min>
<fgm>4</fgm>
<fga>5</fga>
<tpm>0</tpm>
<tpa>0</tpa>
<ftm>1</ftm>
<fta>1</fta>
<oreb>1</oreb>
<dreb>1</dreb>
<reb>2</reb>
<ast>0</ast>
<stl>0</stl>
<blk>1</blk>
<to>2</to>
<pf>4</pf>
<pam>-3</pam>
<pts>9</pts>
<dnp>false</dnp>
</player>
<player>
<name>Alan Anderson</name>
<pos>SF</pos>
<start>false</start>
<min>28</min>
<fgm>3</fgm>
<fga>8</fga>
<tpm>0</tpm>
<tpa>4</tpa>
<ftm>0</ftm>
<fta>0</fta>
<oreb>2</oreb>
<dreb>2</dreb>
<reb>4</reb>
<ast>1</ast>
<stl>1</stl>
<blk>0</blk>
<to>0</to>
<pf>2</pf>
<pam>-9</pam>
<pts>6</pts>
<dnp>false</dnp>
</player>
<player>
<name>Tyshawn Taylor</name>
<pos>PG</pos>
<start>false</start>
<min>19</min>
<fgm>4</fgm>
<fga>7</fga>
<tpm>0</tpm>
<tpa>1</tpa>
<ftm>1</ftm>
<fta>2</fta>
<oreb>0</oreb>
<dreb>1</dreb>
<reb>1</reb>
<ast>4</ast>
<stl>0</stl>
<blk>0</blk>
<to>1</to>
<pf>4</pf>
<pam>-1</pam>
<pts>9</pts>
<dnp>false</dnp>
</player>
<player>
<name>Reggie Evans</name>
<pos>PF</pos>
<start>false</start>
<min>0</min>
<fgm>0</fgm>
<fga>0</fga>
<tpm>0</tpm>
<tpa>0</tpa>
<ftm>0</ftm>
<fta>0</fta>
<oreb>0</oreb>
<dreb>0</dreb>
<reb>0</reb>
<ast>0</ast>
<stl>0</stl>
<blk>0</blk>
<to>0</to>
<pf>0</pf>
<pam>0</pam>
<pts>0</pts>
<dnp>true</dnp>
</player>
<player>
<name>Tornike Shengelia</name>
<pos>SF</pos>
<start>false</start>
<min>0</min>
<fgm>0</fgm>
<fga>0</fga>
<tpm>0</tpm>
<tpa>0</tpa>
<ftm>0</ftm>
<fta>0</fta>
<oreb>0</oreb>
<dreb>0</dreb>
<reb>0</reb>
<ast>0</ast>
<stl>0</stl>
<blk>0</blk>
<to>0</to>
<pf>0</pf>
<pam>0</pam>
<pts>0</pts>
<dnp>true</dnp>
</player>
<player>
<name>Deron Williams</name>
<pos>PG</pos>
<start>false</start>
<min>0</min>
<fgm>0</fgm>
<fga>0</fga>
<tpm>0</tpm>
<tpa>0</tpa>
<ftm>0</ftm>
<fta>0</fta>
<oreb>0</oreb>
<dreb>0</dreb>
<reb>0</reb>
<ast>0</ast>
<stl>0</stl>
<blk>0</blk>
<to>0</to>
<pf>0</pf>
<pam>0</pam>
<pts>0</pts>
<dnp>true</dnp>
</player>
<home>false</home>
<win>true</win>
<fgm>39</fgm>
<fga>77</fga>
<tpm>4</tpm>
<tpa>14</tpa>
<ftm>20</ftm>
<fta>22</fta>
<oreb>11</oreb>
<dreb>28</dreb>
<reb>39</reb>
<ast>25</ast>
<stl>7</stl>
<blk>3</blk>
<to>15</to>
<pf>18</pf>
<pts>102</pts>
</team>
<team>
<name>Toronto Raptors</name>
<player>
<name>Amir Johnson</name>
<pos>PF</pos>
<start>true</start>
<min>32</min>
<fgm>2</fgm>
<fga>7</fga>
<tpm>0</tpm>
<tpa>2</tpa>
<ftm>2</ftm>
<fta>2</fta>
<oreb>0</oreb>
<dreb>5</dreb>
<reb>5</reb>
<ast>1</ast>
<stl>0</stl>
<blk>0</blk>
<to>1</to>
<pf>5</pf>
<pam>+2</pam>
<pts>6</pts>
<dnp>false</dnp>
</player>
<player>
<name>Rudy Gay</name>
<pos>SF</pos>
<start>true</start>
<min>32</min>
<fgm>3</fgm>
<fga>12</fga>
<tpm>1</tpm>
<tpa>2</tpa>
<ftm>2</ftm>
<fta>2</fta>
<oreb>1</oreb>
<dreb>3</dreb>
<reb>4</reb>
<ast>4</ast>
<stl>0</stl>
<blk>1</blk>
<to>7</to>
<pf>3</pf>
<pam>+2</pam>
<pts>9</pts>
<dnp>false</dnp>
</player>
<player>
<name>Jonas Valanciunas</name>
<pos>C</pos>
<start>true</start>
<min>22</min>
<fgm>3</fgm>
<fga>6</fga>
<tpm>0</tpm>
<tpa>0</tpa>
<ftm>1</ftm>
<fta>1</fta>
<oreb>2</oreb>
<dreb>5</dreb>
<reb>7</reb>
<ast>0</ast>
<stl>0</stl>
<blk>0</blk>
<to>2</to>
<pf>1</pf>
<pam>-5</pam>
<pts>7</pts>
<dnp>false</dnp>
</player>
<player>
<name>Kyle Lowry</name>
<pos>PG</pos>
<start>true</start>
<min>38</min>
<fgm>8</fgm>
<fga>15</fga>
<tpm>2</tpm>
<tpa>5</tpa>
<ftm>6</ftm>
<fta>6</fta>
<oreb>0</oreb>
<dreb>0</dreb>
<reb>0</reb>
<ast>6</ast>
<stl>2</stl>
<blk>0</blk>
<to>2</to>
<pf>5</pf>
<pam>+6</pam>
<pts>24</pts>
<dnp>false</dnp>
</player>
<player>
<name>DeMar DeRozan</name>
<pos>SG</pos>
<start>true</start>
<min>39</min>
<fgm>9</fgm>
<fga>15</fga>
<tpm>4</tpm>
<tpa>6</tpa>
<ftm>5</ftm>
<fta>5</fta>
<oreb>0</oreb>
<dreb>6</dreb>
<reb>6</reb>
<ast>3</ast>
<stl>1</stl>
<blk>0</blk>
<to>3</to>
<pf>0</pf>
<pam>+4</pam>
<pts>27</pts>
<dnp>false</dnp>
</player>
<player>
<name>Tyler Hansbrough</name>
<pos>PF</pos>
<start>false</start>
<min>18</min>
<fgm>2</fgm>
<fga>5</fga>
<tpm>0</tpm>
<tpa>0</tpa>
<ftm>1</ftm>
<fta>2</fta>
<oreb>4</oreb>
<dreb>3</dreb>
<reb>7</reb>
<ast>0</ast>
<stl>0</stl>
<blk>0</blk>
<to>0</to>
<pf>3</pf>
<pam>+1</pam>
<pts>5</pts>
<dnp>false</dnp>
</player>
<player>
<name>Landry Fields</name>
<pos>SF</pos>
<start>false</start>
<min>3</min>
<fgm>0</fgm>
<fga>1</fga>
<tpm>0</tpm>
<tpa>0</tpa>
<ftm>0</ftm>
<fta>0</fta>
<oreb>0</oreb>
<dreb>0</dreb>
<reb>0</reb>
<ast>0</ast>
<stl>0</stl>
<blk>0</blk>
<to>0</to>
<pf>1</pf>
<pam>-6</pam>
<pts>0</pts>
<dnp>false</dnp>
</player>
<player>
<name>Terrence Ross</name>
<pos>SF</pos>
<start>false</start>
<min>21</min>
<fgm>3</fgm>
<fga>7</fga>
<tpm>1</tpm>
<tpa>4</tpa>
<ftm>0</ftm>
<fta>0</fta>
<oreb>0</oreb>
<dreb>1</dreb>
<reb>1</reb>
<ast>0</ast>
<stl>0</stl>
<blk>0</blk>
<to>0</to>
<pf>2</pf>
<pam>-4</pam>
<pts>7</pts>
<dnp>false</dnp>
</player>
<player>
<name>Steve Novak</name>
<pos>SF</pos>
<start>false</start>
<min>23</min>
<fgm>3</fgm>
<fga>6</fga>
<tpm>2</tpm>
<tpa>4</tpa>
<ftm>4</ftm>
<fta>4</fta>
<oreb>2</oreb>
<dreb>1</dreb>
<reb>3</reb>
<ast>2</ast>
<stl>1</stl>
<blk>0</blk>
<to>0</to>
<pf>2</pf>
<pam>-2</pam>
<pts>12</pts>
<dnp>false</dnp>
</player>
<player>
<name>Dwight Buycks</name>
<pos>PG</pos>
<start>false</start>
<min>6</min>
<fgm>1</fgm>
<fga>3</fga>
<tpm>1</tpm>
<tpa>2</tpa>
<ftm>0</ftm>
<fta>0</fta>
<oreb>0</oreb>
<dreb>1</dreb>
<reb>1</reb>
<ast>1</ast>
<stl>0</stl>
<blk>0</blk>
<to>0</to>
<pf>1</pf>
<pam>0</pam>
<pts>3</pts>
<dnp>false</dnp>
</player>
<player>
<name>D.J. Augustin</name>
<pos>PG</pos>
<start>false</start>
<min>4</min>
<fgm>0</fgm>
<fga>1</fga>
<tpm>0</tpm>
<tpa>1</tpa>
<ftm>0</ftm>
<fta>0</fta>
<oreb>0</oreb>
<dreb>0</dreb>
<reb>0</reb>
<ast>1</ast>
<stl>0</stl>
<blk>0</blk>
<to>0</to>
<pf>1</pf>
<pam>-8</pam>
<pts>0</pts>
<dnp>false</dnp>
</player>
<player>
<name>Aaron Gray</name>
<pos>C</pos>
<start>false</start>
<min>0</min>
<fgm>0</fgm>
<fga>0</fga>
<tpm>0</tpm>
<tpa>0</tpa>
<ftm>0</ftm>
<fta>0</fta>
<oreb>0</oreb>
<dreb>0</dreb>
<reb>0</reb>
<ast>0</ast>
<stl>0</stl>
<blk>0</blk>
<to>0</to>
<pf>0</pf>
<pam>0</pam>
<pts>0</pts>
<dnp>true</dnp>
</player>
<home>true</home>
<win>false</win>
<fgm>34</fgm>
<fga>78</fga>
<tpm>11</tpm>
<tpa>26</tpa>
<ftm>21</ftm>
<fta>22</fta>
<oreb>9</oreb>
<dreb>25</dreb>
<reb>34</reb>
<ast>18</ast>
<stl>4</stl>
<blk>1</blk>
<to>15</to>
<pf>24</pf>
<pts>100</pts>
</team>
</game>