<game>
<id>400489087</id>
<date>8:00 PM ET, November 26, 2013</date>
<team>
<name>Golden State Warriors</name>
<player>
<name>David Lee</name>
<pos>PF</pos>
<start>true</start>
<min>39</min>
<fgm>6</fgm>
<fga>14</fga>
<tpm>0</tpm>
<tpa>0</tpa>
<ftm>7</ftm>
<fta>7</fta>
<oreb>0</oreb>
<dreb>7</dreb>
<reb>7</reb>
<ast>3</ast>
<stl>0</stl>
<blk>0</blk>
<to>1</to>
<pf>2</pf>
<pam>-4</pam>
<pts>19</pts>
<dnp>false</dnp>
</player>
<player>
<name>Harrison Barnes</name>
<pos>SF</pos>
<start>true</start>
<min>39</min>
<fgm>6</fgm>
<fga>12</fga>
<tpm>1</tpm>
<tpa>2</tpa>
<ftm>1</ftm>
<fta>2</fta>
<oreb>1</oreb>
<dreb>3</dreb>
<reb>4</reb>
<ast>0</ast>
<stl>1</stl>
<blk>0</blk>
<to>1</to>
<pf>0</pf>
<pam>-7</pam>
<pts>14</pts>
<dnp>false</dnp>
</player>
<player>
<name>Jermaine O'Neal</name>
<pos>C</pos>
<start>true</start>
<min>26</min>
<fgm>9</fgm>
<fga>12</fga>
<tpm>0</tpm>
<tpa>0</tpa>
<ftm>0</ftm>
<fta>0</fta>
<oreb>2</oreb>
<dreb>6</dreb>
<reb>8</reb>
<ast>0</ast>
<stl>0</stl>
<blk>0</blk>
<to>2</to>
<pf>3</pf>
<pam>-4</pam>
<pts>18</pts>
<dnp>false</dnp>
</player>
<player>
<name>Stephen Curry</name>
<pos>PG</pos>
<start>true</start>
<min>42</min>
<fgm>7</fgm>
<fga>20</fga>
<tpm>2</tpm>
<tpa>5</tpa>
<ftm>0</ftm>
<fta>0</fta>
<oreb>1</oreb>
<dreb>7</dreb>
<reb>8</reb>
<ast>9</ast>
<stl>3</stl>
<blk>1</blk>
<to>2</to>
<pf>2</pf>
<pam>-2</pam>
<pts>16</pts>
<dnp>false</dnp>
</player>
<player>
<name>Klay Thompson</name>
<pos>SG</pos>
<start>true</start>
<min>43</min>
<fgm>8</fgm>
<fga>18</fga>
<tpm>3</tpm>
<tpa>6</tpa>
<ftm>3</ftm>
<fta>6</fta>
<oreb>2</oreb>
<dreb>3</dreb>
<reb>5</reb>
<ast>8</ast>
<stl>1</stl>
<blk>1</blk>
<to>4</to>
<pf>1</pf>
<pam>-2</pam>
<pts>22</pts>
<dnp>false</dnp>
</player>
<player>
<name>Marreese Speights</name>
<pos>PF</pos>
<start>false</start>
<min>11</min>
<fgm>2</fgm>
<fga>3</fga>
<tpm>0</tpm>
<tpa>0</tpa>
<ftm>2</ftm>
<fta>2</fta>
<oreb>2</oreb>
<dreb>1</dreb>
<reb>3</reb>
<ast>1</ast>
<stl>0</stl>
<blk>1</blk>
<to>0</to>
<pf>3</pf>
<pam>+1</pam>
<pts>6</pts>
<dnp>false</dnp>
</player>
<player>
<name>Draymond Green</name>
<pos>SF</pos>
<start>false</start>
<min>24</min>
<fgm>2</fgm>
<fga>6</fga>
<tpm>1</tpm>
<tpa>4</tpa>
<ftm>2</ftm>
<fta>4</fta>
<oreb>1</oreb>
<dreb>1</dreb>
<reb>2</reb>
<ast>3</ast>
<stl>3</stl>
<blk>3</blk>
<to>0</to>
<pf>1</pf>
<pam>+12</pam>
<pts>7</pts>
<dnp>false</dnp>
</player>
<player>
<name>Nemanja Nedovic</name>
<pos>PG</pos>
<start>false</start>
<min>13</min>
<fgm>0</fgm>
<fga>2</fga>
<tpm>0</tpm>
<tpa>1</tpa>
<ftm>0</ftm>
<fta>0</fta>
<oreb>0</oreb>
<dreb>2</dreb>
<reb>2</reb>
<ast>1</ast>
<stl>0</stl>
<blk>0</blk>
<to>0</to>
<pf>2</pf>
<pam>+8</pam>
<pts>0</pts>
<dnp>false</dnp>
</player>
<player>
<name>Kent Bazemore</name>
<pos>SG</pos>
<start>false</start>
<min>3</min>
<fgm>0</fgm>
<fga>1</fga>
<tpm>0</tpm>
<tpa>1</tpa>
<ftm>0</ftm>
<fta>0</fta>
<oreb>0</oreb>
<dreb>2</dreb>
<reb>2</reb>
<ast>0</ast>
<stl>0</stl>
<blk>0</blk>
<to>0</to>
<pf>0</pf>
<pam>+3</pam>
<pts>0</pts>
<dnp>false</dnp>
</player>
<player>
<name>Andre Iguodala</name>
<pos>SF</pos>
<start>false</start>
<min>0</min>
<fgm>0</fgm>
<fga>0</fga>
<tpm>0</tpm>
<tpa>0</tpa>
<ftm>0</ftm>
<fta>0</fta>
<oreb>0</oreb>
<dreb>0</dreb>
<reb>0</reb>
<ast>0</ast>
<stl>0</stl>
<blk>0</blk>
<to>0</to>
<pf>0</pf>
<pam>0</pam>
<pts>0</pts>
<dnp>true</dnp>
</player>
<player>
<name>Dewayne Dedmon</name>
<pos>C</pos>
<start>false</start>
<min>0</min>
<fgm>0</fgm>
<fga>0</fga>
<tpm>0</tpm>
<tpa>0</tpa>
<ftm>0</ftm>
<fta>0</fta>
<oreb>0</oreb>
<dreb>0</dreb>
<reb>0</reb>
<ast>0</ast>
<stl>0</stl>
<blk>0</blk>
<to>0</to>
<pf>0</pf>
<pam>0</pam>
<pts>0</pts>
<dnp>true</dnp>
</player>
<home>false</home>
<win>true</win>
<fgm>40</fgm>
<fga>88</fga>
<tpm>7</tpm>
<tpa>19</tpa>
<ftm>15</ftm>
<fta>21</fta>
<oreb>9</oreb>
<dreb>32</dreb>
<reb>41</reb>
<ast>25</ast>
<stl>8</stl>
<blk>6</blk>
<to>10</to>
<pf>14</pf>
<pts>102</pts>
</team>
<team>
<name>New Orleans Pelicans</name>
<player>
<name>Anthony Davis</name>
<pos>PF</pos>
<start>true</start>
<min>30</min>
<fgm>6</fgm>
<fga>9</fga>
<tpm>0</tpm>
<tpa>0</tpa>
<ftm>2</ftm>
<fta>2</fta>
<oreb>3</oreb>
<dreb>8</dreb>
<reb>11</reb>
<ast>1</ast>
<stl>0</stl>
<blk>2</blk>
<to>1</to>
<pf>4</pf>
<pam>+6</pam>
<pts>14</pts>
<dnp>false</dnp>
</player>
<player>
<name>Al-Farouq Aminu</name>
<pos>SF</pos>
<start>true</start>
<min>25</min>
<fgm>2</fgm>
<fga>3</fga>
<tpm>0</tpm>
<tpa>0</tpa>
<ftm>0</ftm>
<fta>0</fta>
<oreb>2</oreb>
<dreb>7</dreb>
<reb>9</reb>
<ast>1</ast>
<stl>0</stl>
<blk>1</blk>
<to>1</to>
<pf>0</pf>
<pam>+9</pam>
<pts>4</pts>
<dnp>false</dnp>
</player>
<player>
<name>Jason Smith</name>
<pos>C</pos>
<start>true</start>
<min>26</min>
<fgm>6</fgm>
<fga>14</fga>
<tpm>0</tpm>
<tpa>0</tpa>
<ftm>2</ftm>
<fta>2</fta>
<oreb>3</oreb>
<dreb>1</dreb>
<reb>4</reb>
<ast>1</ast>
<stl>0</stl>
<blk>1</blk>
<to>0</to>
<pf>2</pf>
<pam>+5</pam>
<pts>14</pts>
<dnp>false</dnp>
</player>
<player>
<name>Jrue Holiday</name>
<pos>PG</pos>
<start>true</start>
<min>37</min>
<fgm>7</fgm>
<fga>16</fga>
<tpm>3</tpm>
<tpa>5</tpa>
<ftm>0</ftm>
<fta>0</fta>
<oreb>1</oreb>
<dreb>3</dreb>
<reb>4</reb>
<ast>7</ast>
<stl>2</stl>
<blk>0</blk>
<to>2</to>
<pf>2</pf>
<pam>+7</pam>
<pts>17</pts>
<dnp>false</dnp>
</player>
<player>
<name>Eric Gordon</name>
<pos>SG</pos>
<start>true</start>
<min>36</min>
<fgm>6</fgm>
<fga>12</fga>
<tpm>2</tpm>
<tpa>5</tpa>
<ftm>2</ftm>
<fta>4</fta>
<oreb>0</oreb>
<dreb>0</dreb>
<reb>0</reb>
<ast>7</ast>
<stl>2</stl>
<blk>1</blk>
<to>3</to>
<pf>2</pf>
<pam>+11</pam>
<pts>16</pts>
<dnp>false</dnp>
</player>
<player>
<name>Ryan Anderson</name>
<pos>PF</pos>
<start>false</start>
<min>37</min>
<fgm>8</fgm>
<fga>17</fga>
<tpm>3</tpm>
<tpa>6</tpa>
<ftm>2</ftm>
<fta>2</fta>
<oreb>4</oreb>
<dreb>8</dreb>
<reb>12</reb>
<ast>1</ast>
<stl>0</stl>
<blk>0</blk>
<to>2</to>
<pf>4</pf>
<pam>-8</pam>
<pts>21</pts>
<dnp>false</dnp>
</player>
<player>
<name>Lou Amundson</name>
<pos>PF</pos>
<start>false</start>
<min>3</min>
<fgm>0</fgm>
<fga>1</fga>
<tpm>0</tpm>
<tpa>0</tpa>
<ftm>0</ftm>
<fta>0</fta>
<oreb>1</oreb>
<dreb>1</dreb>
<reb>2</reb>
<ast>0</ast>
<stl>0</stl>
<blk>1</blk>
<to>1</to>
<pf>3</pf>
<pam>-5</pam>
<pts>0</pts>
<dnp>false</dnp>
</player>
<player>
<name>Tyreke Evans</name>
<pos>SF</pos>
<start>false</start>
<min>23</min>
<fgm>5</fgm>
<fga>11</fga>
<tpm>0</tpm>
<tpa>1</tpa>
<ftm>2</ftm>
<fta>3</fta>
<oreb>0</oreb>
<dreb>4</dreb>
<reb>4</reb>
<ast>4</ast>
<stl>0</stl>
<blk>1</blk>
<to>4</to>
<pf>2</pf>
<pam>-10</pam>
<pts>12</pts>
<dnp>false</dnp>
</player>
<player>
<name>Brian Roberts</name>
<pos>PG</pos>
<start>false</start>
<min>11</min>
<fgm>0</fgm>
<fga>2</fga>
<tpm>0</tpm>
<tpa>0</tpa>
<ftm>0</ftm>
<fta>0</fta>
<oreb>0</oreb>
<dreb>0</dreb>
<reb>0</reb>
<ast>0</ast>
<stl>0</stl>
<blk>1</blk>
<to>1</to>
<pf>1</pf>
<pam>-8</pam>
<pts>0</pts>
<dnp>false</dnp>
</player>
<player>
<name>Anthony Morrow</name>
<pos>SG</pos>
<start>false</start>
<min>12</min>
<fgm>1</fgm>
<fga>2</fga>
<tpm>1</tpm>
<tpa>2</tpa>
<ftm>0</ftm>
<fta>0</fta>
<oreb>0</oreb>
<dreb>1</dreb>
<reb>1</reb>
<ast>0</ast>
<stl>1</stl>
<blk>0</blk>
<to>1</to>
<pf>1</pf>
<pam>-12</pam>
<pts>3</pts>
<dnp>false</dnp>
</player>
<player>
<name>Josh Childress</name>
<pos>SF</pos>
<start>false</start>
<min>0</min>
<fgm>0</fgm>
<fga>0</fga>
<tpm>0</tpm>
<tpa>0</tpa>
<ftm>0</ftm>
<fta>0</fta>
<oreb>0</oreb>
<dreb>0</dreb>
<reb>0</reb>
<ast>0</ast>
<stl>0</stl>
<blk>0</blk>
<to>0</to>
<pf>0</pf>
<pam>0</pam>
<pts>0</pts>
<dnp>true</dnp>
</player>
<player>
<name>Jeff Withey</name>
<pos>C</pos>
<start>false</start>
<min>0</min>
<fgm>0</fgm>
<fga>0</fga>
<tpm>0</tpm>
<tpa>0</tpa>
<ftm>0</ftm>
<fta>0</fta>
<oreb>0</oreb>
<dreb>0</dreb>
<reb>0</reb>
<ast>0</ast>
<stl>0</stl>
<blk>0</blk>
<to>0</to>
<pf>0</pf>
<pam>0</pam>
<pts>0</pts>
<dnp>true</dnp>
</player>
<home>true</home>
<win>false</win>
<fgm>41</fgm>
<fga>87</fga>
<tpm>9</tpm>
<tpa>19</tpa>
<ftm>10</ftm>
<fta>13</fta>
<oreb>14</oreb>
<dreb>33</dreb>
<reb>47</reb>
<ast>22</ast>
<stl>5</stl>
<blk>8</blk>
<to>16</to>
<pf>21</pf>
<pts>101</pts>
</team>
</game>