<game>
<id>400489153</id>
<date>7:00 PM ET, December 6, 2013</date>
<team>
<name>Philadelphia 76ers</name>
<player>
<name>Spencer Hawes</name>
<pos>PF</pos>
<start>true</start>
<min>29</min>
<fgm>3</fgm>
<fga>9</fga>
<tpm>2</tpm>
<tpa>5</tpa>
<ftm>2</ftm>
<fta>2</fta>
<oreb>2</oreb>
<dreb>11</dreb>
<reb>13</reb>
<ast>5</ast>
<stl>0</stl>
<blk>0</blk>
<to>5</to>
<pf>4</pf>
<pam>-10</pam>
<pts>10</pts>
<dnp>false</dnp>
</player>
<player>
<name>Thaddeus Young</name>
<pos>PF</pos>
<start>true</start>
<min>30</min>
<fgm>3</fgm>
<fga>9</fga>
<tpm>0</tpm>
<tpa>2</tpa>
<ftm>3</ftm>
<fta>4</fta>
<oreb>0</oreb>
<dreb>1</dreb>
<reb>1</reb>
<ast>2</ast>
<stl>1</stl>
<blk>1</blk>
<to>2</to>
<pf>3</pf>
<pam>-18</pam>
<pts>9</pts>
<dnp>false</dnp>
</player>
<player>
<name>Evan Turner</name>
<pos>SF</pos>
<start>true</start>
<min>40</min>
<fgm>7</fgm>
<fga>18</fga>
<tpm>2</tpm>
<tpa>6</tpa>
<ftm>0</ftm>
<fta>1</fta>
<oreb>1</oreb>
<dreb>5</dreb>
<reb>6</reb>
<ast>2</ast>
<stl>0</stl>
<blk>0</blk>
<to>2</to>
<pf>1</pf>
<pam>-5</pam>
<pts>16</pts>
<dnp>false</dnp>
</player>
<player>
<name>Tony Wroten</name>
<pos>SG</pos>
<start>true</start>
<min>35</min>
<fgm>10</fgm>
<fga>22</fga>
<tpm>0</tpm>
<tpa>4</tpa>
<ftm>1</ftm>
<fta>4</fta>
<oreb>3</oreb>
<dreb>5</dreb>
<reb>8</reb>
<ast>9</ast>
<stl>1</stl>
<blk>1</blk>
<to>2</to>
<pf>4</pf>
<pam>-5</pam>
<pts>21</pts>
<dnp>false</dnp>
</player>
<player>
<name>Hollis Thompson</name>
<pos>SG</pos>
<start>true</start>
<min>32</min>
<fgm>5</fgm>
<fga>7</fga>
<tpm>2</tpm>
<tpa>3</tpa>
<ftm>0</ftm>
<fta>0</fta>
<oreb>1</oreb>
<dreb>5</dreb>
<reb>6</reb>
<ast>0</ast>
<stl>0</stl>
<blk>0</blk>
<to>2</to>
<pf>4</pf>
<pam>0</pam>
<pts>12</pts>
<dnp>false</dnp>
</player>
<player>
<name>Brandon Davies</name>
<pos>PF</pos>
<start>false</start>
<min>10</min>
<fgm>2</fgm>
<fga>3</fga>
<tpm>0</tpm>
<tpa>0</tpa>
<ftm>0</ftm>
<fta>0</fta>
<oreb>0</oreb>
<dreb>2</dreb>
<reb>2</reb>
<ast>1</ast>
<stl>0</stl>
<blk>1</blk>
<to>2</to>
<pf>3</pf>
<pam>+4</pam>
<pts>4</pts>
<dnp>false</dnp>
</player>
<player>
<name>Lavoy Allen</name>
<pos>PF</pos>
<start>false</start>
<min>21</min>
<fgm>3</fgm>
<fga>6</fga>
<tpm>0</tpm>
<tpa>0</tpa>
<ftm>2</ftm>
<fta>2</fta>
<oreb>4</oreb>
<dreb>6</dreb>
<reb>10</reb>
<ast>0</ast>
<stl>1</stl>
<blk>1</blk>
<to>0</to>
<pf>1</pf>
<pam>-7</pam>
<pts>8</pts>
<dnp>false</dnp>
</player>
<player>
<name>Daniel Orton</name>
<pos>C</pos>
<start>false</start>
<min>4</min>
<fgm>0</fgm>
<fga>0</fga>
<tpm>0</tpm>
<tpa>0</tpa>
<ftm>0</ftm>
<fta>0</fta>
<oreb>0</oreb>
<dreb>2</dreb>
<reb>2</reb>
<ast>1</ast>
<stl>0</stl>
<blk>0</blk>
<to>0</to>
<pf>0</pf>
<pam>+1</pam>
<pts>0</pts>
<dnp>false</dnp>
</player>
<player>
<name>Lorenzo Brown</name>
<pos>PG</pos>
<start>false</start>
<min>13</min>
<fgm>2</fgm>
<fga>8</fga>
<tpm>0</tpm>
<tpa>3</tpa>
<ftm>0</ftm>
<fta>0</fta>
<oreb>0</oreb>
<dreb>1</dreb>
<reb>1</reb>
<ast>0</ast>
<stl>1</stl>
<blk>0</blk>
<to>0</to>
<pf>0</pf>
<pam>-12</pam>
<pts>4</pts>
<dnp>false</dnp>
</player>
<player>
<name>James Anderson</name>
<pos>SG</pos>
<start>false</start>
<min>20</min>
<fgm>2</fgm>
<fga>8</fga>
<tpm>0</tpm>
<tpa>4</tpa>
<ftm>0</ftm>
<fta>0</fta>
<oreb>0</oreb>
<dreb>1</dreb>
<reb>1</reb>
<ast>1</ast>
<stl>0</stl>
<blk>0</blk>
<to>0</to>
<pf>0</pf>
<pam>-23</pam>
<pts>4</pts>
<dnp>false</dnp>
</player>
<player>
<name>Elliot Williams</name>
<pos>SG</pos>
<start>false</start>
<min>6</min>
<fgm>0</fgm>
<fga>2</fga>
<tpm>0</tpm>
<tpa>0</tpa>
<ftm>0</ftm>
<fta>0</fta>
<oreb>0</oreb>
<dreb>0</dreb>
<reb>0</reb>
<ast>0</ast>
<stl>0</stl>
<blk>0</blk>
<to>0</to>
<pf>0</pf>
<pam>-10</pam>
<pts>0</pts>
<dnp>false</dnp>
</player>
<home>false</home>
<win>false</win>
<fgm>37</fgm>
<fga>92</fga>
<tpm>6</tpm>
<tpa>27</tpa>
<ftm>8</ftm>
<fta>13</fta>
<oreb>11</oreb>
<dreb>39</dreb>
<reb>50</reb>
<ast>21</ast>
<stl>4</stl>
<blk>4</blk>
<to>15</to>
<pf>20</pf>
<pts>88</pts>
</team>
<team>
<name>Charlotte Bobcats</name>
<player>
<name>Josh McRoberts</name>
<pos>PF</pos>
<start>true</start>
<min>33</min>
<fgm>2</fgm>
<fga>8</fga>
<tpm>0</tpm>
<tpa>4</tpa>
<ftm>0</ftm>
<fta>0</fta>
<oreb>1</oreb>
<dreb>9</dreb>
<reb>10</reb>
<ast>4</ast>
<stl>2</stl>
<blk>1</blk>
<to>0</to>
<pf>2</pf>
<pam>+11</pam>
<pts>4</pts>
<dnp>false</dnp>
</player>
<player>
<name>Jeff Taylor</name>
<pos>SF</pos>
<start>true</start>
<min>37</min>
<fgm>8</fgm>
<fga>16</fga>
<tpm>2</tpm>
<tpa>7</tpa>
<ftm>2</ftm>
<fta>2</fta>
<oreb>3</oreb>
<dreb>5</dreb>
<reb>8</reb>
<ast>1</ast>
<stl>1</stl>
<blk>1</blk>
<to>0</to>
<pf>1</pf>
<pam>+3</pam>
<pts>20</pts>
<dnp>false</dnp>
</player>
<player>
<name>Al Jefferson</name>
<pos>C</pos>
<start>true</start>
<min>32</min>
<fgm>6</fgm>
<fga>21</fga>
<tpm>0</tpm>
<tpa>0</tpa>
<ftm>2</ftm>
<fta>3</fta>
<oreb>6</oreb>
<dreb>6</dreb>
<reb>12</reb>
<ast>2</ast>
<stl>1</stl>
<blk>2</blk>
<to>1</to>
<pf>3</pf>
<pam>0</pam>
<pts>14</pts>
<dnp>false</dnp>
</player>
<player>
<name>Kemba Walker</name>
<pos>PG</pos>
<start>true</start>
<min>38</min>
<fgm>6</fgm>
<fga>13</fga>
<tpm>2</tpm>
<tpa>4</tpa>
<ftm>4</ftm>
<fta>6</fta>
<oreb>0</oreb>
<dreb>2</dreb>
<reb>2</reb>
<ast>10</ast>
<stl>3</stl>
<blk>0</blk>
<to>0</to>
<pf>0</pf>
<pam>+8</pam>
<pts>18</pts>
<dnp>false</dnp>
</player>
<player>
<name>Gerald Henderson</name>
<pos>SG</pos>
<start>true</start>
<min>36</min>
<fgm>6</fgm>
<fga>14</fga>
<tpm>0</tpm>
<tpa>3</tpa>
<ftm>6</ftm>
<fta>8</fta>
<oreb>1</oreb>
<dreb>2</dreb>
<reb>3</reb>
<ast>4</ast>
<stl>2</stl>
<blk>1</blk>
<to>3</to>
<pf>2</pf>
<pam>+16</pam>
<pts>18</pts>
<dnp>false</dnp>
</player>
<player>
<name>Anthony Tolliver</name>
<pos>PF</pos>
<start>false</start>
<min>3</min>
<fgm>0</fgm>
<fga>0</fga>
<tpm>0</tpm>
<tpa>0</tpa>
<ftm>0</ftm>
<fta>0</fta>
<oreb>0</oreb>
<dreb>1</dreb>
<reb>1</reb>
<ast>1</ast>
<stl>0</stl>
<blk>0</blk>
<to>1</to>
<pf>1</pf>
<pam>0</pam>
<pts>0</pts>
<dnp>false</dnp>
</player>
<player>
<name>Jeff Adrien</name>
<pos>SF</pos>
<start>false</start>
<min>8</min>
<fgm>0</fgm>
<fga>0</fga>
<tpm>0</tpm>
<tpa>0</tpa>
<ftm>0</ftm>
<fta>0</fta>
<oreb>0</oreb>
<dreb>1</dreb>
<reb>1</reb>
<ast>0</ast>
<stl>0</stl>
<blk>1</blk>
<to>0</to>
<pf>2</pf>
<pam>+3</pam>
<pts>0</pts>
<dnp>false</dnp>
</player>
<player>
<name>Cody Zeller</name>
<pos>C</pos>
<start>false</start>
<min>12</min>
<fgm>5</fgm>
<fga>6</fga>
<tpm>0</tpm>
<tpa>0</tpa>
<ftm>0</ftm>
<fta>1</fta>
<oreb>0</oreb>
<dreb>5</dreb>
<reb>5</reb>
<ast>0</ast>
<stl>0</stl>
<blk>0</blk>
<to>1</to>
<pf>2</pf>
<pam>+6</pam>
<pts>10</pts>
<dnp>false</dnp>
</player>
<player>
<name>Bismack Biyombo</name>
<pos>C</pos>
<start>false</start>
<min>7</min>
<fgm>2</fgm>
<fga>2</fga>
<tpm>0</tpm>
<tpa>0</tpa>
<ftm>0</ftm>
<fta>0</fta>
<oreb>1</oreb>
<dreb>2</dreb>
<reb>3</reb>
<ast>0</ast>
<stl>0</stl>
<blk>1</blk>
<to>0</to>
<pf>1</pf>
<pam>+14</pam>
<pts>4</pts>
<dnp>false</dnp>
</player>
<player>
<name>Ramon Sessions</name>
<pos>PG</pos>
<start>false</start>
<min>24</min>
<fgm>5</fgm>
<fga>7</fga>
<tpm>0</tpm>
<tpa>1</tpa>
<ftm>3</ftm>
<fta>4</fta>
<oreb>0</oreb>
<dreb>2</dreb>
<reb>2</reb>
<ast>4</ast>
<stl>0</stl>
<blk>0</blk>
<to>3</to>
<pf>1</pf>
<pam>+15</pam>
<pts>13</pts>
<dnp>false</dnp>
</player>
<player>
<name>Ben Gordon</name>
<pos>SG</pos>
<start>false</start>
<min>10</min>
<fgm>2</fgm>
<fga>4</fga>
<tpm>0</tpm>
<tpa>2</tpa>
<ftm>0</ftm>
<fta>1</fta>
<oreb>0</oreb>
<dreb>1</dreb>
<reb>1</reb>
<ast>3</ast>
<stl>0</stl>
<blk>0</blk>
<to>0</to>
<pf>0</pf>
<pam>+9</pam>
<pts>4</pts>
<dnp>false</dnp>
</player>
<player>
<name>James Southerland</name>
<pos>SF</pos>
<start>false</start>
<min>0</min>
<fgm>0</fgm>
<fga>0</fga>
<tpm>0</tpm>
<tpa>0</tpa>
<ftm>0</ftm>
<fta>0</fta>
<oreb>0</oreb>
<dreb>0</dreb>
<reb>0</reb>
<ast>0</ast>
<stl>0</stl>
<blk>0</blk>
<to>0</to>
<pf>0</pf>
<pam>0</pam>
<pts>0</pts>
<dnp>true</dnp>
</player>
<home>true</home>
<win>true</win>
<fgm>42</fgm>
<fga>91</fga>
<tpm>4</tpm>
<tpa>21</tpa>
<ftm>17</ftm>
<fta>25</fta>
<oreb>12</oreb>
<dreb>36</dreb>
<reb>48</reb>
<ast>29</ast>
<stl>9</stl>
<blk>7</blk>
<to>9</to>
<pf>15</pf>
<pts>105</pts>
</team>
</game>