<game>
<id>400489139</id>
<date>8:30 PM ET, December 3, 2013</date>
<team>
<name>Charlotte Bobcats</name>
<player>
<name>Josh McRoberts</name>
<pos>PF</pos>
<start>true</start>
<min>30</min>
<fgm>3</fgm>
<fga>6</fga>
<tpm>0</tpm>
<tpa>2</tpa>
<ftm>4</ftm>
<fta>4</fta>
<oreb>1</oreb>
<dreb>7</dreb>
<reb>8</reb>
<ast>3</ast>
<stl>3</stl>
<blk>0</blk>
<to>1</to>
<pf>5</pf>
<pam>-1</pam>
<pts>10</pts>
<dnp>false</dnp>
</player>
<player>
<name>Michael Kidd-Gilchrist</name>
<pos>SF</pos>
<start>true</start>
<min>19</min>
<fgm>2</fgm>
<fga>6</fga>
<tpm>0</tpm>
<tpa>0</tpa>
<ftm>2</ftm>
<fta>4</fta>
<oreb>0</oreb>
<dreb>3</dreb>
<reb>3</reb>
<ast>0</ast>
<stl>0</stl>
<blk>0</blk>
<to>0</to>
<pf>3</pf>
<pam>-1</pam>
<pts>6</pts>
<dnp>false</dnp>
</player>
<player>
<name>Al Jefferson</name>
<pos>C</pos>
<start>true</start>
<min>38</min>
<fgm>6</fgm>
<fga>10</fga>
<tpm>0</tpm>
<tpa>0</tpa>
<ftm>7</ftm>
<fta>10</fta>
<oreb>2</oreb>
<dreb>10</dreb>
<reb>12</reb>
<ast>2</ast>
<stl>0</stl>
<blk>3</blk>
<to>2</to>
<pf>2</pf>
<pam>-3</pam>
<pts>19</pts>
<dnp>false</dnp>
</player>
<player>
<name>Kemba Walker</name>
<pos>PG</pos>
<start>true</start>
<min>35</min>
<fgm>7</fgm>
<fga>15</fga>
<tpm>2</tpm>
<tpa>5</tpa>
<ftm>0</ftm>
<fta>0</fta>
<oreb>1</oreb>
<dreb>6</dreb>
<reb>7</reb>
<ast>5</ast>
<stl>0</stl>
<blk>1</blk>
<to>0</to>
<pf>0</pf>
<pam>+1</pam>
<pts>16</pts>
<dnp>false</dnp>
</player>
<player>
<name>Gerald Henderson</name>
<pos>SG</pos>
<start>true</start>
<min>26</min>
<fgm>7</fgm>
<fga>11</fga>
<tpm>0</tpm>
<tpa>0</tpa>
<ftm>2</ftm>
<fta>3</fta>
<oreb>1</oreb>
<dreb>2</dreb>
<reb>3</reb>
<ast>0</ast>
<stl>1</stl>
<blk>0</blk>
<to>2</to>
<pf>2</pf>
<pam>-7</pam>
<pts>16</pts>
<dnp>false</dnp>
</player>
<player>
<name>Anthony Tolliver</name>
<pos>PF</pos>
<start>false</start>
<min>26</min>
<fgm>1</fgm>
<fga>5</fga>
<tpm>1</tpm>
<tpa>5</tpa>
<ftm>0</ftm>
<fta>0</fta>
<oreb>0</oreb>
<dreb>3</dreb>
<reb>3</reb>
<ast>0</ast>
<stl>0</stl>
<blk>0</blk>
<to>0</to>
<pf>2</pf>
<pam>-6</pam>
<pts>3</pts>
<dnp>false</dnp>
</player>
<player>
<name>Jeff Taylor</name>
<pos>SF</pos>
<start>false</start>
<min>3</min>
<fgm>0</fgm>
<fga>2</fga>
<tpm>0</tpm>
<tpa>2</tpa>
<ftm>0</ftm>
<fta>0</fta>
<oreb>1</oreb>
<dreb>0</dreb>
<reb>1</reb>
<ast>0</ast>
<stl>0</stl>
<blk>0</blk>
<to>0</to>
<pf>2</pf>
<pam>0</pam>
<pts>0</pts>
<dnp>false</dnp>
</player>
<player>
<name>Cody Zeller</name>
<pos>C</pos>
<start>false</start>
<min>18</min>
<fgm>1</fgm>
<fga>5</fga>
<tpm>0</tpm>
<tpa>0</tpa>
<ftm>0</ftm>
<fta>0</fta>
<oreb>1</oreb>
<dreb>3</dreb>
<reb>4</reb>
<ast>1</ast>
<stl>0</stl>
<blk>0</blk>
<to>1</to>
<pf>2</pf>
<pam>-6</pam>
<pts>2</pts>
<dnp>false</dnp>
</player>
<player>
<name>Bismack Biyombo</name>
<pos>C</pos>
<start>false</start>
<min>10</min>
<fgm>0</fgm>
<fga>1</fga>
<tpm>0</tpm>
<tpa>0</tpa>
<ftm>0</ftm>
<fta>0</fta>
<oreb>3</oreb>
<dreb>2</dreb>
<reb>5</reb>
<ast>0</ast>
<stl>1</stl>
<blk>0</blk>
<to>0</to>
<pf>0</pf>
<pam>-4</pam>
<pts>0</pts>
<dnp>false</dnp>
</player>
<player>
<name>Ramon Sessions</name>
<pos>PG</pos>
<start>false</start>
<min>21</min>
<fgm>1</fgm>
<fga>9</fga>
<tpm>0</tpm>
<tpa>2</tpa>
<ftm>4</ftm>
<fta>4</fta>
<oreb>0</oreb>
<dreb>2</dreb>
<reb>2</reb>
<ast>0</ast>
<stl>0</stl>
<blk>0</blk>
<to>2</to>
<pf>0</pf>
<pam>-10</pam>
<pts>6</pts>
<dnp>false</dnp>
</player>
<player>
<name>Ben Gordon</name>
<pos>SG</pos>
<start>false</start>
<min>13</min>
<fgm>2</fgm>
<fga>8</fga>
<tpm>0</tpm>
<tpa>1</tpa>
<ftm>0</ftm>
<fta>0</fta>
<oreb>0</oreb>
<dreb>2</dreb>
<reb>2</reb>
<ast>0</ast>
<stl>0</stl>
<blk>0</blk>
<to>2</to>
<pf>0</pf>
<pam>+2</pam>
<pts>4</pts>
<dnp>false</dnp>
</player>
<player>
<name>Jeff Adrien</name>
<pos>SF</pos>
<start>false</start>
<min>0</min>
<fgm>0</fgm>
<fga>0</fga>
<tpm>0</tpm>
<tpa>0</tpa>
<ftm>0</ftm>
<fta>0</fta>
<oreb>0</oreb>
<dreb>0</dreb>
<reb>0</reb>
<ast>0</ast>
<stl>0</stl>
<blk>0</blk>
<to>0</to>
<pf>0</pf>
<pam>0</pam>
<pts>0</pts>
<dnp>true</dnp>
</player>
<home>false</home>
<win>false</win>
<fgm>30</fgm>
<fga>78</fga>
<tpm>3</tpm>
<tpa>17</tpa>
<ftm>19</ftm>
<fta>25</fta>
<oreb>10</oreb>
<dreb>40</dreb>
<reb>50</reb>
<ast>11</ast>
<stl>5</stl>
<blk>4</blk>
<to>10</to>
<pf>18</pf>
<pts>82</pts>
</team>
<team>
<name>Dallas Mavericks</name>
<player>
<name>Dirk Nowitzki</name>
<pos>PF</pos>
<start>true</start>
<min>35</min>
<fgm>10</fgm>
<fga>21</fga>
<tpm>2</tpm>
<tpa>6</tpa>
<ftm>3</ftm>
<fta>3</fta>
<oreb>0</oreb>
<dreb>3</dreb>
<reb>3</reb>
<ast>1</ast>
<stl>0</stl>
<blk>1</blk>
<to>2</to>
<pf>0</pf>
<pam>+14</pam>
<pts>25</pts>
<dnp>false</dnp>
</player>
<player>
<name>Shawn Marion</name>
<pos>SF</pos>
<start>true</start>
<min>33</min>
<fgm>4</fgm>
<fga>10</fga>
<tpm>0</tpm>
<tpa>2</tpa>
<ftm>0</ftm>
<fta>0</fta>
<oreb>2</oreb>
<dreb>8</dreb>
<reb>10</reb>
<ast>1</ast>
<stl>1</stl>
<blk>0</blk>
<to>0</to>
<pf>2</pf>
<pam>+1</pam>
<pts>8</pts>
<dnp>false</dnp>
</player>
<player>
<name>Samuel Dalembert</name>
<pos>C</pos>
<start>true</start>
<min>17</min>
<fgm>0</fgm>
<fga>3</fga>
<tpm>0</tpm>
<tpa>0</tpa>
<ftm>2</ftm>
<fta>2</fta>
<oreb>2</oreb>
<dreb>4</dreb>
<reb>6</reb>
<ast>0</ast>
<stl>0</stl>
<blk>0</blk>
<to>0</to>
<pf>4</pf>
<pam>-1</pam>
<pts>2</pts>
<dnp>false</dnp>
</player>
<player>
<name>Jose Calderon</name>
<pos>PG</pos>
<start>true</start>
<min>33</min>
<fgm>4</fgm>
<fga>10</fga>
<tpm>4</tpm>
<tpa>5</tpa>
<ftm>0</ftm>
<fta>0</fta>
<oreb>0</oreb>
<dreb>1</dreb>
<reb>1</reb>
<ast>1</ast>
<stl>0</stl>
<blk>1</blk>
<to>0</to>
<pf>2</pf>
<pam>-3</pam>
<pts>12</pts>
<dnp>false</dnp>
</player>
<player>
<name>Monta Ellis</name>
<pos>SG</pos>
<start>true</start>
<min>38</min>
<fgm>8</fgm>
<fga>18</fga>
<tpm>0</tpm>
<tpa>2</tpa>
<ftm>6</ftm>
<fta>6</fta>
<oreb>0</oreb>
<dreb>5</dreb>
<reb>5</reb>
<ast>5</ast>
<stl>0</stl>
<blk>1</blk>
<to>3</to>
<pf>2</pf>
<pam>-5</pam>
<pts>22</pts>
<dnp>false</dnp>
</player>
<player>
<name>Jae Crowder</name>
<pos>SF</pos>
<start>false</start>
<min>12</min>
<fgm>1</fgm>
<fga>1</fga>
<tpm>0</tpm>
<tpa>0</tpa>
<ftm>1</ftm>
<fta>1</fta>
<oreb>0</oreb>
<dreb>1</dreb>
<reb>1</reb>
<ast>1</ast>
<stl>0</stl>
<blk>0</blk>
<to>0</to>
<pf>0</pf>
<pam>+8</pam>
<pts>3</pts>
<dnp>false</dnp>
</player>
<player>
<name>DeJuan Blair</name>
<pos>C</pos>
<start>false</start>
<min>21</min>
<fgm>1</fgm>
<fga>4</fga>
<tpm>0</tpm>
<tpa>0</tpa>
<ftm>0</ftm>
<fta>0</fta>
<oreb>1</oreb>
<dreb>6</dreb>
<reb>7</reb>
<ast>3</ast>
<stl>0</stl>
<blk>0</blk>
<to>1</to>
<pf>5</pf>
<pam>+11</pam>
<pts>2</pts>
<dnp>false</dnp>
</player>
<player>
<name>Bernard James</name>
<pos>C</pos>
<start>false</start>
<min>10</min>
<fgm>2</fgm>
<fga>3</fga>
<tpm>0</tpm>
<tpa>0</tpa>
<ftm>1</ftm>
<fta>1</fta>
<oreb>2</oreb>
<dreb>2</dreb>
<reb>4</reb>
<ast>0</ast>
<stl>0</stl>
<blk>0</blk>
<to>0</to>
<pf>1</pf>
<pam>-3</pam>
<pts>5</pts>
<dnp>false</dnp>
</player>
<player>
<name>Gal Mekel</name>
<pos>PG</pos>
<start>false</start>
<min>6</min>
<fgm>0</fgm>
<fga>0</fga>
<tpm>0</tpm>
<tpa>0</tpa>
<ftm>0</ftm>
<fta>0</fta>
<oreb>0</oreb>
<dreb>0</dreb>
<reb>0</reb>
<ast>1</ast>
<stl>1</stl>
<blk>0</blk>
<to>2</to>
<pf>1</pf>
<pam>+4</pam>
<pts>0</pts>
<dnp>false</dnp>
</player>
<player>
<name>Shane Larkin</name>
<pos>PG</pos>
<start>false</start>
<min>9</min>
<fgm>0</fgm>
<fga>4</fga>
<tpm>0</tpm>
<tpa>1</tpa>
<ftm>0</ftm>
<fta>0</fta>
<oreb>0</oreb>
<dreb>1</dreb>
<reb>1</reb>
<ast>0</ast>
<stl>0</stl>
<blk>0</blk>
<to>0</to>
<pf>0</pf>
<pam>+6</pam>
<pts>0</pts>
<dnp>false</dnp>
</player>
<player>
<name>Vince Carter</name>
<pos>SG</pos>
<start>false</start>
<min>26</min>
<fgm>3</fgm>
<fga>8</fga>
<tpm>2</tpm>
<tpa>5</tpa>
<ftm>2</ftm>
<fta>4</fta>
<oreb>0</oreb>
<dreb>7</dreb>
<reb>7</reb>
<ast>3</ast>
<stl>1</stl>
<blk>0</blk>
<to>1</to>
<pf>1</pf>
<pam>+3</pam>
<pts>10</pts>
<dnp>false</dnp>
</player>
<home>true</home>
<win>true</win>
<fgm>33</fgm>
<fga>82</fga>
<tpm>8</tpm>
<tpa>21</tpa>
<ftm>15</ftm>
<fta>17</fta>
<oreb>7</oreb>
<dreb>38</dreb>
<reb>45</reb>
<ast>16</ast>
<stl>3</stl>
<blk>3</blk>
<to>9</to>
<pf>18</pf>
<pts>89</pts>
</team>
</game>