<game>
<id>400489047</id>
<date>8:00 PM ET, November 21, 2013</date>
<team>
<name>Los Angeles Clippers</name>
<player>
<name>Blake Griffin</name>
<pos>PF</pos>
<start>true</start>
<min>37</min>
<fgm>12</fgm>
<fga>23</fga>
<tpm>0</tpm>
<tpa>0</tpa>
<ftm>3</ftm>
<fta>4</fta>
<oreb>2</oreb>
<dreb>8</dreb>
<reb>10</reb>
<ast>5</ast>
<stl>2</stl>
<blk>0</blk>
<to>3</to>
<pf>1</pf>
<pam>-2</pam>
<pts>27</pts>
<dnp>false</dnp>
</player>
<player>
<name>Jared Dudley</name>
<pos>SF</pos>
<start>true</start>
<min>34</min>
<fgm>3</fgm>
<fga>9</fga>
<tpm>1</tpm>
<tpa>4</tpa>
<ftm>0</ftm>
<fta>0</fta>
<oreb>1</oreb>
<dreb>0</dreb>
<reb>1</reb>
<ast>2</ast>
<stl>2</stl>
<blk>0</blk>
<to>2</to>
<pf>4</pf>
<pam>-19</pam>
<pts>7</pts>
<dnp>false</dnp>
</player>
<player>
<name>DeAndre Jordan</name>
<pos>C</pos>
<start>true</start>
<min>32</min>
<fgm>2</fgm>
<fga>8</fga>
<tpm>0</tpm>
<tpa>0</tpa>
<ftm>0</ftm>
<fta>4</fta>
<oreb>4</oreb>
<dreb>8</dreb>
<reb>12</reb>
<ast>1</ast>
<stl>0</stl>
<blk>1</blk>
<to>1</to>
<pf>3</pf>
<pam>-8</pam>
<pts>4</pts>
<dnp>false</dnp>
</player>
<player>
<name>Chris Paul</name>
<pos>PG</pos>
<start>true</start>
<min>35</min>
<fgm>7</fgm>
<fga>11</fga>
<tpm>3</tpm>
<tpa>4</tpa>
<ftm>0</ftm>
<fta>0</fta>
<oreb>0</oreb>
<dreb>5</dreb>
<reb>5</reb>
<ast>12</ast>
<stl>0</stl>
<blk>0</blk>
<to>3</to>
<pf>2</pf>
<pam>-10</pam>
<pts>17</pts>
<dnp>false</dnp>
</player>
<player>
<name>J.J. Redick</name>
<pos>SG</pos>
<start>true</start>
<min>27</min>
<fgm>3</fgm>
<fga>11</fga>
<tpm>1</tpm>
<tpa>6</tpa>
<ftm>1</ftm>
<fta>1</fta>
<oreb>0</oreb>
<dreb>3</dreb>
<reb>3</reb>
<ast>0</ast>
<stl>2</stl>
<blk>0</blk>
<to>0</to>
<pf>1</pf>
<pam>-7</pam>
<pts>8</pts>
<dnp>false</dnp>
</player>
<player>
<name>Byron Mullens</name>
<pos>C</pos>
<start>false</start>
<min>5</min>
<fgm>0</fgm>
<fga>1</fga>
<tpm>0</tpm>
<tpa>1</tpa>
<ftm>0</ftm>
<fta>0</fta>
<oreb>0</oreb>
<dreb>0</dreb>
<reb>0</reb>
<ast>0</ast>
<stl>0</stl>
<blk>0</blk>
<to>0</to>
<pf>0</pf>
<pam>+2</pam>
<pts>0</pts>
<dnp>false</dnp>
</player>
<player>
<name>Ryan Hollins</name>
<pos>C</pos>
<start>false</start>
<min>10</min>
<fgm>2</fgm>
<fga>2</fga>
<tpm>0</tpm>
<tpa>0</tpa>
<ftm>1</ftm>
<fta>2</fta>
<oreb>1</oreb>
<dreb>3</dreb>
<reb>4</reb>
<ast>0</ast>
<stl>0</stl>
<blk>1</blk>
<to>1</to>
<pf>6</pf>
<pam>-4</pam>
<pts>5</pts>
<dnp>false</dnp>
</player>
<player>
<name>Darren Collison</name>
<pos>PG</pos>
<start>false</start>
<min>14</min>
<fgm>0</fgm>
<fga>5</fga>
<tpm>0</tpm>
<tpa>1</tpa>
<ftm>0</ftm>
<fta>0</fta>
<oreb>1</oreb>
<dreb>1</dreb>
<reb>2</reb>
<ast>2</ast>
<stl>3</stl>
<blk>0</blk>
<to>0</to>
<pf>1</pf>
<pam>-7</pam>
<pts>0</pts>
<dnp>false</dnp>
</player>
<player>
<name>Reggie Bullock</name>
<pos>SG</pos>
<start>false</start>
<min>17</min>
<fgm>2</fgm>
<fga>6</fga>
<tpm>1</tpm>
<tpa>5</tpa>
<ftm>0</ftm>
<fta>0</fta>
<oreb>1</oreb>
<dreb>1</dreb>
<reb>2</reb>
<ast>0</ast>
<stl>0</stl>
<blk>0</blk>
<to>0</to>
<pf>2</pf>
<pam>-3</pam>
<pts>5</pts>
<dnp>false</dnp>
</player>
<player>
<name>Jamal Crawford</name>
<pos>SG</pos>
<start>false</start>
<min>29</min>
<fgm>7</fgm>
<fga>16</fga>
<tpm>2</tpm>
<tpa>7</tpa>
<ftm>2</ftm>
<fta>4</fta>
<oreb>0</oreb>
<dreb>2</dreb>
<reb>2</reb>
<ast>4</ast>
<stl>0</stl>
<blk>0</blk>
<to>0</to>
<pf>0</pf>
<pam>-12</pam>
<pts>18</pts>
<dnp>false</dnp>
</player>
<player>
<name>Antawn Jamison</name>
<pos>PF</pos>
<start>false</start>
<min>0</min>
<fgm>0</fgm>
<fga>0</fga>
<tpm>0</tpm>
<tpa>0</tpa>
<ftm>0</ftm>
<fta>0</fta>
<oreb>0</oreb>
<dreb>0</dreb>
<reb>0</reb>
<ast>0</ast>
<stl>0</stl>
<blk>0</blk>
<to>0</to>
<pf>0</pf>
<pam>0</pam>
<pts>0</pts>
<dnp>true</dnp>
</player>
<player>
<name>Matt Barnes</name>
<pos>SF</pos>
<start>false</start>
<min>0</min>
<fgm>0</fgm>
<fga>0</fga>
<tpm>0</tpm>
<tpa>0</tpa>
<ftm>0</ftm>
<fta>0</fta>
<oreb>0</oreb>
<dreb>0</dreb>
<reb>0</reb>
<ast>0</ast>
<stl>0</stl>
<blk>0</blk>
<to>0</to>
<pf>0</pf>
<pam>0</pam>
<pts>0</pts>
<dnp>true</dnp>
</player>
<home>false</home>
<win>false</win>
<fgm>38</fgm>
<fga>92</fga>
<tpm>8</tpm>
<tpa>28</tpa>
<ftm>7</ftm>
<fta>15</fta>
<oreb>10</oreb>
<dreb>31</dreb>
<reb>41</reb>
<ast>26</ast>
<stl>9</stl>
<blk>2</blk>
<to>10</to>
<pf>20</pf>
<pts>91</pts>
</team>
<team>
<name>Oklahoma City Thunder</name>
<player>
<name>Serge Ibaka</name>
<pos>PF</pos>
<start>true</start>
<min>31</min>
<fgm>8</fgm>
<fga>10</fga>
<tpm>0</tpm>
<tpa>0</tpa>
<ftm>1</ftm>
<fta>2</fta>
<oreb>0</oreb>
<dreb>5</dreb>
<reb>5</reb>
<ast>1</ast>
<stl>1</stl>
<blk>3</blk>
<to>3</to>
<pf>3</pf>
<pam>+9</pam>
<pts>17</pts>
<dnp>false</dnp>
</player>
<player>
<name>Kevin Durant</name>
<pos>SF</pos>
<start>true</start>
<min>39</min>
<fgm>10</fgm>
<fga>19</fga>
<tpm>2</tpm>
<tpa>5</tpa>
<ftm>6</ftm>
<fta>9</fta>
<oreb>0</oreb>
<dreb>6</dreb>
<reb>6</reb>
<ast>8</ast>
<stl>1</stl>
<blk>0</blk>
<to>1</to>
<pf>0</pf>
<pam>+9</pam>
<pts>28</pts>
<dnp>false</dnp>
</player>
<player>
<name>Kendrick Perkins</name>
<pos>C</pos>
<start>true</start>
<min>20</min>
<fgm>3</fgm>
<fga>6</fga>
<tpm>0</tpm>
<tpa>0</tpa>
<ftm>0</ftm>
<fta>0</fta>
<oreb>2</oreb>
<dreb>2</dreb>
<reb>4</reb>
<ast>1</ast>
<stl>0</stl>
<blk>0</blk>
<to>1</to>
<pf>1</pf>
<pam>+3</pam>
<pts>6</pts>
<dnp>false</dnp>
</player>
<player>
<name>Russell Westbrook</name>
<pos>PG</pos>
<start>true</start>
<min>31</min>
<fgm>5</fgm>
<fga>13</fga>
<tpm>0</tpm>
<tpa>6</tpa>
<ftm>2</ftm>
<fta>3</fta>
<oreb>0</oreb>
<dreb>6</dreb>
<reb>6</reb>
<ast>5</ast>
<stl>1</stl>
<blk>0</blk>
<to>3</to>
<pf>3</pf>
<pam>+1</pam>
<pts>12</pts>
<dnp>false</dnp>
</player>
<player>
<name>Thabo Sefolosha</name>
<pos>SG</pos>
<start>true</start>
<min>22</min>
<fgm>2</fgm>
<fga>6</fga>
<tpm>1</tpm>
<tpa>3</tpa>
<ftm>2</ftm>
<fta>2</fta>
<oreb>1</oreb>
<dreb>4</dreb>
<reb>5</reb>
<ast>1</ast>
<stl>0</stl>
<blk>0</blk>
<to>1</to>
<pf>1</pf>
<pam>+3</pam>
<pts>7</pts>
<dnp>false</dnp>
</player>
<player>
<name>Nick Collison</name>
<pos>PF</pos>
<start>false</start>
<min>12</min>
<fgm>1</fgm>
<fga>1</fga>
<tpm>0</tpm>
<tpa>0</tpa>
<ftm>2</ftm>
<fta>3</fta>
<oreb>1</oreb>
<dreb>2</dreb>
<reb>3</reb>
<ast>1</ast>
<stl>2</stl>
<blk>0</blk>
<to>0</to>
<pf>1</pf>
<pam>+1</pam>
<pts>4</pts>
<dnp>false</dnp>
</player>
<player>
<name>Perry Jones</name>
<pos>SF</pos>
<start>false</start>
<min>2</min>
<fgm>0</fgm>
<fga>0</fga>
<tpm>0</tpm>
<tpa>0</tpa>
<ftm>1</ftm>
<fta>2</fta>
<oreb>0</oreb>
<dreb>1</dreb>
<reb>1</reb>
<ast>0</ast>
<stl>0</stl>
<blk>0</blk>
<to>1</to>
<pf>0</pf>
<pam>0</pam>
<pts>1</pts>
<dnp>false</dnp>
</player>
<player>
<name>Steven Adams</name>
<pos>C</pos>
<start>false</start>
<min>24</min>
<fgm>2</fgm>
<fga>5</fga>
<tpm>0</tpm>
<tpa>0</tpa>
<ftm>2</ftm>
<fta>4</fta>
<oreb>3</oreb>
<dreb>4</dreb>
<reb>7</reb>
<ast>2</ast>
<stl>0</stl>
<blk>3</blk>
<to>1</to>
<pf>4</pf>
<pam>+10</pam>
<pts>6</pts>
<dnp>false</dnp>
</player>
<player>
<name>Reggie Jackson</name>
<pos>PG</pos>
<start>false</start>
<min>21</min>
<fgm>4</fgm>
<fga>8</fga>
<tpm>0</tpm>
<tpa>0</tpa>
<ftm>1</ftm>
<fta>2</fta>
<oreb>1</oreb>
<dreb>5</dreb>
<reb>6</reb>
<ast>3</ast>
<stl>0</stl>
<blk>0</blk>
<to>3</to>
<pf>2</pf>
<pam>+14</pam>
<pts>9</pts>
<dnp>false</dnp>
</player>
<player>
<name>Derek Fisher</name>
<pos>PG</pos>
<start>false</start>
<min>18</min>
<fgm>1</fgm>
<fga>1</fga>
<tpm>0</tpm>
<tpa>0</tpa>
<ftm>2</ftm>
<fta>2</fta>
<oreb>0</oreb>
<dreb>2</dreb>
<reb>2</reb>
<ast>1</ast>
<stl>2</stl>
<blk>0</blk>
<to>2</to>
<pf>1</pf>
<pam>+11</pam>
<pts>4</pts>
<dnp>false</dnp>
</player>
<player>
<name>Jeremy Lamb</name>
<pos>SG</pos>
<start>false</start>
<min>20</min>
<fgm>5</fgm>
<fga>10</fga>
<tpm>1</tpm>
<tpa>5</tpa>
<ftm>0</ftm>
<fta>0</fta>
<oreb>1</oreb>
<dreb>3</dreb>
<reb>4</reb>
<ast>2</ast>
<stl>0</stl>
<blk>1</blk>
<to>1</to>
<pf>0</pf>
<pam>+9</pam>
<pts>11</pts>
<dnp>false</dnp>
</player>
<player>
<name>Andre Roberson</name>
<pos>SG</pos>
<start>false</start>
<min>2</min>
<fgm>0</fgm>
<fga>0</fga>
<tpm>0</tpm>
<tpa>0</tpa>
<ftm>0</ftm>
<fta>0</fta>
<oreb>0</oreb>
<dreb>0</dreb>
<reb>0</reb>
<ast>0</ast>
<stl>0</stl>
<blk>0</blk>
<to>0</to>
<pf>1</pf>
<pam>0</pam>
<pts>0</pts>
<dnp>false</dnp>
</player>
<home>true</home>
<win>true</win>
<fgm>41</fgm>
<fga>79</fga>
<tpm>4</tpm>
<tpa>19</tpa>
<ftm>19</ftm>
<fta>29</fta>
<oreb>9</oreb>
<dreb>40</dreb>
<reb>49</reb>
<ast>25</ast>
<stl>7</stl>
<blk>7</blk>
<to>17</to>
<pf>17</pf>
<pts>105</pts>
</team>
</game>