<game>
<id>400489154</id>
<date>7:00 PM ET, December 6, 2013</date>
<team>
<name>Milwaukee Bucks</name>
<player>
<name>Ersan Ilyasova</name>
<pos>PF</pos>
<start>true</start>
<min>28</min>
<fgm>2</fgm>
<fga>8</fga>
<tpm>0</tpm>
<tpa>3</tpa>
<ftm>3</ftm>
<fta>4</fta>
<oreb>0</oreb>
<dreb>5</dreb>
<reb>5</reb>
<ast>2</ast>
<stl>0</stl>
<blk>0</blk>
<to>1</to>
<pf>5</pf>
<pam>+8</pam>
<pts>7</pts>
<dnp>false</dnp>
</player>
<player>
<name>Khris Middleton</name>
<pos>PF</pos>
<start>true</start>
<min>47</min>
<fgm>11</fgm>
<fga>22</fga>
<tpm>4</tpm>
<tpa>7</tpa>
<ftm>3</ftm>
<fta>3</fta>
<oreb>2</oreb>
<dreb>5</dreb>
<reb>7</reb>
<ast>2</ast>
<stl>2</stl>
<blk>1</blk>
<to>1</to>
<pf>4</pf>
<pam>+7</pam>
<pts>29</pts>
<dnp>false</dnp>
</player>
<player>
<name>John Henson</name>
<pos>C</pos>
<start>true</start>
<min>45</min>
<fgm>8</fgm>
<fga>10</fga>
<tpm>0</tpm>
<tpa>0</tpa>
<ftm>3</ftm>
<fta>5</fta>
<oreb>5</oreb>
<dreb>12</dreb>
<reb>17</reb>
<ast>4</ast>
<stl>0</stl>
<blk>1</blk>
<to>1</to>
<pf>0</pf>
<pam>+11</pam>
<pts>19</pts>
<dnp>false</dnp>
</player>
<player>
<name>Brandon Knight</name>
<pos>PG</pos>
<start>true</start>
<min>33</min>
<fgm>6</fgm>
<fga>16</fga>
<tpm>1</tpm>
<tpa>4</tpa>
<ftm>7</ftm>
<fta>8</fta>
<oreb>1</oreb>
<dreb>5</dreb>
<reb>6</reb>
<ast>6</ast>
<stl>3</stl>
<blk>0</blk>
<to>4</to>
<pf>4</pf>
<pam>+8</pam>
<pts>20</pts>
<dnp>false</dnp>
</player>
<player>
<name>O.J. Mayo</name>
<pos>SG</pos>
<start>true</start>
<min>39</min>
<fgm>7</fgm>
<fga>16</fga>
<tpm>1</tpm>
<tpa>4</tpa>
<ftm>2</ftm>
<fta>4</fta>
<oreb>0</oreb>
<dreb>0</dreb>
<reb>0</reb>
<ast>3</ast>
<stl>1</stl>
<blk>0</blk>
<to>4</to>
<pf>5</pf>
<pam>+4</pam>
<pts>17</pts>
<dnp>false</dnp>
</player>
<player>
<name>Ekpe Udoh</name>
<pos>PF</pos>
<start>false</start>
<min>33</min>
<fgm>3</fgm>
<fga>5</fga>
<tpm>0</tpm>
<tpa>0</tpa>
<ftm>1</ftm>
<fta>1</fta>
<oreb>2</oreb>
<dreb>4</dreb>
<reb>6</reb>
<ast>1</ast>
<stl>0</stl>
<blk>0</blk>
<to>2</to>
<pf>3</pf>
<pam>-12</pam>
<pts>7</pts>
<dnp>false</dnp>
</player>
<player>
<name>Nate Wolters</name>
<pos>PG</pos>
<start>false</start>
<min>17</min>
<fgm>2</fgm>
<fga>8</fga>
<tpm>0</tpm>
<tpa>0</tpa>
<ftm>0</ftm>
<fta>0</fta>
<oreb>0</oreb>
<dreb>3</dreb>
<reb>3</reb>
<ast>5</ast>
<stl>0</stl>
<blk>0</blk>
<to>1</to>
<pf>2</pf>
<pam>+4</pam>
<pts>4</pts>
<dnp>false</dnp>
</player>
<player>
<name>Luke Ridnour</name>
<pos>PG</pos>
<start>false</start>
<min>3</min>
<fgm>0</fgm>
<fga>1</fga>
<tpm>0</tpm>
<tpa>0</tpa>
<ftm>0</ftm>
<fta>0</fta>
<oreb>0</oreb>
<dreb>0</dreb>
<reb>0</reb>
<ast>0</ast>
<stl>0</stl>
<blk>0</blk>
<to>0</to>
<pf>0</pf>
<pam>-7</pam>
<pts>0</pts>
<dnp>false</dnp>
</player>
<player>
<name>Giannis Antetokounmpo</name>
<pos>SG</pos>
<start>false</start>
<min>20</min>
<fgm>3</fgm>
<fga>6</fga>
<tpm>0</tpm>
<tpa>2</tpa>
<ftm>0</ftm>
<fta>1</fta>
<oreb>2</oreb>
<dreb>2</dreb>
<reb>4</reb>
<ast>1</ast>
<stl>0</stl>
<blk>1</blk>
<to>1</to>
<pf>2</pf>
<pam>-3</pam>
<pts>6</pts>
<dnp>false</dnp>
</player>
<player>
<name>Caron Butler</name>
<pos>SF</pos>
<start>false</start>
<min>0</min>
<fgm>0</fgm>
<fga>0</fga>
<tpm>0</tpm>
<tpa>0</tpa>
<ftm>0</ftm>
<fta>0</fta>
<oreb>0</oreb>
<dreb>0</dreb>
<reb>0</reb>
<ast>0</ast>
<stl>0</stl>
<blk>0</blk>
<to>0</to>
<pf>0</pf>
<pam>0</pam>
<pts>0</pts>
<dnp>true</dnp>
</player>
<player>
<name>Miroslav Raduljica</name>
<pos>C</pos>
<start>false</start>
<min>0</min>
<fgm>0</fgm>
<fga>0</fga>
<tpm>0</tpm>
<tpa>0</tpa>
<ftm>0</ftm>
<fta>0</fta>
<oreb>0</oreb>
<dreb>0</dreb>
<reb>0</reb>
<ast>0</ast>
<stl>0</stl>
<blk>0</blk>
<to>0</to>
<pf>0</pf>
<pam>0</pam>
<pts>0</pts>
<dnp>true</dnp>
</player>
<player>
<name>Zaza Pachulia</name>
<pos>C</pos>
<start>false</start>
<min>0</min>
<fgm>0</fgm>
<fga>0</fga>
<tpm>0</tpm>
<tpa>0</tpa>
<ftm>0</ftm>
<fta>0</fta>
<oreb>0</oreb>
<dreb>0</dreb>
<reb>0</reb>
<ast>0</ast>
<stl>0</stl>
<blk>0</blk>
<to>0</to>
<pf>0</pf>
<pam>0</pam>
<pts>0</pts>
<dnp>true</dnp>
</player>
<home>false</home>
<win>true</win>
<fgm>42</fgm>
<fga>92</fga>
<tpm>6</tpm>
<tpa>20</tpa>
<ftm>19</ftm>
<fta>26</fta>
<oreb>12</oreb>
<dreb>36</dreb>
<reb>48</reb>
<ast>24</ast>
<stl>6</stl>
<blk>3</blk>
<to>15</to>
<pf>25</pf>
<pts>109</pts>
</team>
<team>
<name>Washington Wizards</name>
<player>
<name>Nene Hilario</name>
<pos>PF</pos>
<start>true</start>
<min>25</min>
<fgm>5</fgm>
<fga>8</fga>
<tpm>0</tpm>
<tpa>0</tpa>
<ftm>0</ftm>
<fta>4</fta>
<oreb>0</oreb>
<dreb>2</dreb>
<reb>2</reb>
<ast>2</ast>
<stl>2</stl>
<blk>1</blk>
<to>0</to>
<pf>1</pf>
<pam>-1</pam>
<pts>10</pts>
<dnp>false</dnp>
</player>
<player>
<name>Martell Webster</name>
<pos>SF</pos>
<start>true</start>
<min>12</min>
<fgm>3</fgm>
<fga>7</fga>
<tpm>2</tpm>
<tpa>5</tpa>
<ftm>0</ftm>
<fta>0</fta>
<oreb>0</oreb>
<dreb>0</dreb>
<reb>0</reb>
<ast>0</ast>
<stl>0</stl>
<blk>0</blk>
<to>0</to>
<pf>0</pf>
<pam>-4</pam>
<pts>8</pts>
<dnp>false</dnp>
</player>
<player>
<name>Marcin Gortat</name>
<pos>C</pos>
<start>true</start>
<min>39</min>
<fgm>4</fgm>
<fga>7</fga>
<tpm>0</tpm>
<tpa>0</tpa>
<ftm>6</ftm>
<fta>7</fta>
<oreb>2</oreb>
<dreb>6</dreb>
<reb>8</reb>
<ast>0</ast>
<stl>1</stl>
<blk>2</blk>
<to>2</to>
<pf>3</pf>
<pam>+3</pam>
<pts>14</pts>
<dnp>false</dnp>
</player>
<player>
<name>John Wall</name>
<pos>PG</pos>
<start>true</start>
<min>48</min>
<fgm>9</fgm>
<fga>23</fga>
<tpm>0</tpm>
<tpa>5</tpa>
<ftm>12</ftm>
<fta>13</fta>
<oreb>0</oreb>
<dreb>3</dreb>
<reb>3</reb>
<ast>8</ast>
<stl>2</stl>
<blk>3</blk>
<to>5</to>
<pf>5</pf>
<pam>+5</pam>
<pts>30</pts>
<dnp>false</dnp>
</player>
<player>
<name>Trevor Ariza</name>
<pos>SG</pos>
<start>true</start>
<min>46</min>
<fgm>6</fgm>
<fga>12</fga>
<tpm>5</tpm>
<tpa>10</tpa>
<ftm>5</ftm>
<fta>6</fta>
<oreb>0</oreb>
<dreb>12</dreb>
<reb>12</reb>
<ast>4</ast>
<stl>4</stl>
<blk>2</blk>
<to>3</to>
<pf>3</pf>
<pam>+2</pam>
<pts>22</pts>
<dnp>false</dnp>
</player>
<player>
<name>Trevor Booker</name>
<pos>PF</pos>
<start>false</start>
<min>26</min>
<fgm>3</fgm>
<fga>6</fga>
<tpm>0</tpm>
<tpa>0</tpa>
<ftm>3</ftm>
<fta>6</fta>
<oreb>4</oreb>
<dreb>5</dreb>
<reb>9</reb>
<ast>2</ast>
<stl>0</stl>
<blk>1</blk>
<to>0</to>
<pf>2</pf>
<pam>0</pam>
<pts>9</pts>
<dnp>false</dnp>
</player>
<player>
<name>Jan Vesely</name>
<pos>PF</pos>
<start>false</start>
<min>16</min>
<fgm>1</fgm>
<fga>2</fga>
<tpm>0</tpm>
<tpa>0</tpa>
<ftm>0</ftm>
<fta>0</fta>
<oreb>0</oreb>
<dreb>2</dreb>
<reb>2</reb>
<ast>1</ast>
<stl>0</stl>
<blk>1</blk>
<to>1</to>
<pf>5</pf>
<pam>-10</pam>
<pts>2</pts>
<dnp>false</dnp>
</player>
<player>
<name>Chris Singleton</name>
<pos>SF</pos>
<start>false</start>
<min>33</min>
<fgm>1</fgm>
<fga>10</fga>
<tpm>1</tpm>
<tpa>4</tpa>
<ftm>4</ftm>
<fta>4</fta>
<oreb>6</oreb>
<dreb>2</dreb>
<reb>8</reb>
<ast>2</ast>
<stl>3</stl>
<blk>0</blk>
<to>2</to>
<pf>3</pf>
<pam>-5</pam>
<pts>7</pts>
<dnp>false</dnp>
</player>
<player>
<name>Otto Porter Jr.</name>
<pos>SF</pos>
<start>false</start>
<min>14</min>
<fgm>0</fgm>
<fga>3</fga>
<tpm>0</tpm>
<tpa>1</tpa>
<ftm>0</ftm>
<fta>0</fta>
<oreb>1</oreb>
<dreb>1</dreb>
<reb>2</reb>
<ast>1</ast>
<stl>0</stl>
<blk>0</blk>
<to>1</to>
<pf>2</pf>
<pam>-1</pam>
<pts>0</pts>
<dnp>false</dnp>
</player>
<player>
<name>Eric Maynor</name>
<pos>PG</pos>
<start>false</start>
<min>4</min>
<fgm>1</fgm>
<fga>4</fga>
<tpm>0</tpm>
<tpa>1</tpa>
<ftm>1</ftm>
<fta>1</fta>
<oreb>0</oreb>
<dreb>0</dreb>
<reb>0</reb>
<ast>1</ast>
<stl>0</stl>
<blk>0</blk>
<to>0</to>
<pf>0</pf>
<pam>-6</pam>
<pts>3</pts>
<dnp>false</dnp>
</player>
<player>
<name>Glen Rice Jr.</name>
<pos>SG</pos>
<start>false</start>
<min>0</min>
<fgm>0</fgm>
<fga>1</fga>
<tpm>0</tpm>
<tpa>1</tpa>
<ftm>0</ftm>
<fta>0</fta>
<oreb>0</oreb>
<dreb>0</dreb>
<reb>0</reb>
<ast>0</ast>
<stl>0</stl>
<blk>0</blk>
<to>0</to>
<pf>1</pf>
<pam>0</pam>
<pts>0</pts>
<dnp>false</dnp>
</player>
<player>
<name>Garrett Temple</name>
<pos>SG</pos>
<start>false</start>
<min>1</min>
<fgm>0</fgm>
<fga>0</fga>
<tpm>0</tpm>
<tpa>0</tpa>
<ftm>0</ftm>
<fta>0</fta>
<oreb>0</oreb>
<dreb>0</dreb>
<reb>0</reb>
<ast>1</ast>
<stl>0</stl>
<blk>0</blk>
<to>0</to>
<pf>1</pf>
<pam>-3</pam>
<pts>0</pts>
<dnp>false</dnp>
</player>
<home>true</home>
<win>false</win>
<fgm>33</fgm>
<fga>83</fga>
<tpm>8</tpm>
<tpa>27</tpa>
<ftm>31</ftm>
<fta>41</fta>
<oreb>13</oreb>
<dreb>33</dreb>
<reb>46</reb>
<ast>22</ast>
<stl>12</stl>
<blk>10</blk>
<to>14</to>
<pf>26</pf>
<pts>105</pts>
</team>
</game>