<game>
<id>400489260</id>
<date>7:30 PM ET, December 20, 2013</date>
<team>
<name>Sacramento Kings</name>
<player>
<name>Jason Thompson</name>
<pos>PF</pos>
<start>true</start>
<min>22</min>
<fgm>5</fgm>
<fga>6</fga>
<tpm>0</tpm>
<tpa>0</tpa>
<ftm>1</ftm>
<fta>2</fta>
<oreb>1</oreb>
<dreb>2</dreb>
<reb>3</reb>
<ast>1</ast>
<stl>0</stl>
<blk>0</blk>
<to>1</to>
<pf>1</pf>
<pam>-18</pam>
<pts>11</pts>
<dnp>false</dnp>
</player>
<player>
<name>Rudy Gay</name>
<pos>SF</pos>
<start>true</start>
<min>35</min>
<fgm>7</fgm>
<fga>13</fga>
<tpm>0</tpm>
<tpa>3</tpa>
<ftm>0</ftm>
<fta>2</fta>
<oreb>0</oreb>
<dreb>6</dreb>
<reb>6</reb>
<ast>6</ast>
<stl>3</stl>
<blk>1</blk>
<to>7</to>
<pf>3</pf>
<pam>-24</pam>
<pts>14</pts>
<dnp>false</dnp>
</player>
<player>
<name>DeMarcus Cousins</name>
<pos>C</pos>
<start>true</start>
<min>32</min>
<fgm>11</fgm>
<fga>15</fga>
<tpm>0</tpm>
<tpa>0</tpa>
<ftm>5</ftm>
<fta>8</fta>
<oreb>1</oreb>
<dreb>7</dreb>
<reb>8</reb>
<ast>5</ast>
<stl>2</stl>
<blk>0</blk>
<to>3</to>
<pf>2</pf>
<pam>-10</pam>
<pts>27</pts>
<dnp>false</dnp>
</player>
<player>
<name>Isaiah Thomas</name>
<pos>PG</pos>
<start>true</start>
<min>36</min>
<fgm>4</fgm>
<fga>11</fga>
<tpm>1</tpm>
<tpa>6</tpa>
<ftm>2</ftm>
<fta>5</fta>
<oreb>0</oreb>
<dreb>2</dreb>
<reb>2</reb>
<ast>7</ast>
<stl>1</stl>
<blk>0</blk>
<to>3</to>
<pf>2</pf>
<pam>-9</pam>
<pts>11</pts>
<dnp>false</dnp>
</player>
<player>
<name>Ben McLemore</name>
<pos>SG</pos>
<start>true</start>
<min>33</min>
<fgm>8</fgm>
<fga>13</fga>
<tpm>4</tpm>
<tpa>7</tpa>
<ftm>0</ftm>
<fta>0</fta>
<oreb>2</oreb>
<dreb>2</dreb>
<reb>4</reb>
<ast>1</ast>
<stl>1</stl>
<blk>0</blk>
<to>2</to>
<pf>2</pf>
<pam>-13</pam>
<pts>20</pts>
<dnp>false</dnp>
</player>
<player>
<name>Derrick Williams</name>
<pos>PF</pos>
<start>false</start>
<min>27</min>
<fgm>3</fgm>
<fga>5</fga>
<tpm>0</tpm>
<tpa>1</tpa>
<ftm>1</ftm>
<fta>5</fta>
<oreb>0</oreb>
<dreb>2</dreb>
<reb>2</reb>
<ast>3</ast>
<stl>3</stl>
<blk>0</blk>
<to>0</to>
<pf>2</pf>
<pam>-16</pam>
<pts>7</pts>
<dnp>false</dnp>
</player>
<player>
<name>Travis Outlaw</name>
<pos>SF</pos>
<start>false</start>
<min>23</min>
<fgm>2</fgm>
<fga>4</fga>
<tpm>2</tpm>
<tpa>3</tpa>
<ftm>0</ftm>
<fta>0</fta>
<oreb>0</oreb>
<dreb>2</dreb>
<reb>2</reb>
<ast>1</ast>
<stl>2</stl>
<blk>0</blk>
<to>0</to>
<pf>3</pf>
<pam>+3</pam>
<pts>6</pts>
<dnp>false</dnp>
</player>
<player>
<name>Quincy Acy</name>
<pos>SF</pos>
<start>false</start>
<min>15</min>
<fgm>2</fgm>
<fga>3</fga>
<tpm>0</tpm>
<tpa>1</tpa>
<ftm>1</ftm>
<fta>2</fta>
<oreb>1</oreb>
<dreb>1</dreb>
<reb>2</reb>
<ast>0</ast>
<stl>0</stl>
<blk>0</blk>
<to>0</to>
<pf>0</pf>
<pam>-2</pam>
<pts>5</pts>
<dnp>false</dnp>
</player>
<player>
<name>Jimmer Fredette</name>
<pos>PG</pos>
<start>false</start>
<min>4</min>
<fgm>0</fgm>
<fga>0</fga>
<tpm>0</tpm>
<tpa>0</tpa>
<ftm>0</ftm>
<fta>0</fta>
<oreb>0</oreb>
<dreb>0</dreb>
<reb>0</reb>
<ast>0</ast>
<stl>0</stl>
<blk>0</blk>
<to>2</to>
<pf>0</pf>
<pam>-8</pam>
<pts>0</pts>
<dnp>false</dnp>
</player>
<player>
<name>Ray McCallum</name>
<pos>PG</pos>
<start>false</start>
<min>5</min>
<fgm>0</fgm>
<fga>2</fga>
<tpm>0</tpm>
<tpa>1</tpa>
<ftm>0</ftm>
<fta>0</fta>
<oreb>0</oreb>
<dreb>1</dreb>
<reb>1</reb>
<ast>1</ast>
<stl>0</stl>
<blk>0</blk>
<to>1</to>
<pf>0</pf>
<pam>+4</pam>
<pts>0</pts>
<dnp>false</dnp>
</player>
<player>
<name>Marcus Thornton</name>
<pos>SG</pos>
<start>false</start>
<min>9</min>
<fgm>1</fgm>
<fga>2</fga>
<tpm>0</tpm>
<tpa>0</tpa>
<ftm>0</ftm>
<fta>0</fta>
<oreb>2</oreb>
<dreb>0</dreb>
<reb>2</reb>
<ast>0</ast>
<stl>2</stl>
<blk>0</blk>
<to>1</to>
<pf>1</pf>
<pam>-2</pam>
<pts>2</pts>
<dnp>false</dnp>
</player>
<player>
<name>Hamady Ndiaye</name>
<pos>C</pos>
<start>false</start>
<min>0</min>
<fgm>0</fgm>
<fga>0</fga>
<tpm>0</tpm>
<tpa>0</tpa>
<ftm>0</ftm>
<fta>0</fta>
<oreb>0</oreb>
<dreb>0</dreb>
<reb>0</reb>
<ast>0</ast>
<stl>0</stl>
<blk>0</blk>
<to>0</to>
<pf>0</pf>
<pam>0</pam>
<pts>0</pts>
<dnp>true</dnp>
</player>
<home>false</home>
<win>false</win>
<fgm>43</fgm>
<fga>74</fga>
<tpm>7</tpm>
<tpa>22</tpa>
<ftm>10</ftm>
<fta>24</fta>
<oreb>7</oreb>
<dreb>25</dreb>
<reb>32</reb>
<ast>25</ast>
<stl>14</stl>
<blk>1</blk>
<to>20</to>
<pf>16</pf>
<pts>103</pts>
</team>
<team>
<name>Miami Heat</name>
<player>
<name>Shane Battier</name>
<pos>SF</pos>
<start>true</start>
<min>24</min>
<fgm>3</fgm>
<fga>7</fga>
<tpm>3</tpm>
<tpa>7</tpa>
<ftm>0</ftm>
<fta>0</fta>
<oreb>0</oreb>
<dreb>4</dreb>
<reb>4</reb>
<ast>1</ast>
<stl>0</stl>
<blk>0</blk>
<to>0</to>
<pf>1</pf>
<pam>+6</pam>
<pts>9</pts>
<dnp>false</dnp>
</player>
<player>
<name>LeBron James</name>
<pos>SF</pos>
<start>true</start>
<min>31</min>
<fgm>8</fgm>
<fga>11</fga>
<tpm>1</tpm>
<tpa>2</tpa>
<ftm>1</ftm>
<fta>2</fta>
<oreb>2</oreb>
<dreb>4</dreb>
<reb>6</reb>
<ast>8</ast>
<stl>1</stl>
<blk>1</blk>
<to>1</to>
<pf>1</pf>
<pam>+14</pam>
<pts>18</pts>
<dnp>false</dnp>
</player>
<player>
<name>Chris Bosh</name>
<pos>C</pos>
<start>true</start>
<min>25</min>
<fgm>11</fgm>
<fga>16</fga>
<tpm>0</tpm>
<tpa>0</tpa>
<ftm>3</ftm>
<fta>3</fta>
<oreb>2</oreb>
<dreb>6</dreb>
<reb>8</reb>
<ast>1</ast>
<stl>1</stl>
<blk>0</blk>
<to>3</to>
<pf>1</pf>
<pam>+15</pam>
<pts>25</pts>
<dnp>false</dnp>
</player>
<player>
<name>Mario Chalmers</name>
<pos>PG</pos>
<start>true</start>
<min>33</min>
<fgm>5</fgm>
<fga>7</fga>
<tpm>1</tpm>
<tpa>2</tpa>
<ftm>5</ftm>
<fta>6</fta>
<oreb>0</oreb>
<dreb>1</dreb>
<reb>1</reb>
<ast>5</ast>
<stl>4</stl>
<blk>1</blk>
<to>4</to>
<pf>5</pf>
<pam>+19</pam>
<pts>16</pts>
<dnp>false</dnp>
</player>
<player>
<name>Dwyane Wade</name>
<pos>SG</pos>
<start>true</start>
<min>31</min>
<fgm>9</fgm>
<fga>16</fga>
<tpm>2</tpm>
<tpa>3</tpa>
<ftm>0</ftm>
<fta>1</fta>
<oreb>1</oreb>
<dreb>4</dreb>
<reb>5</reb>
<ast>5</ast>
<stl>3</stl>
<blk>0</blk>
<to>2</to>
<pf>1</pf>
<pam>+28</pam>
<pts>20</pts>
<dnp>false</dnp>
</player>
<player>
<name>Udonis Haslem</name>
<pos>PF</pos>
<start>false</start>
<min>4</min>
<fgm>0</fgm>
<fga>0</fga>
<tpm>0</tpm>
<tpa>0</tpa>
<ftm>0</ftm>
<fta>0</fta>
<oreb>0</oreb>
<dreb>2</dreb>
<reb>2</reb>
<ast>0</ast>
<stl>0</stl>
<blk>1</blk>
<to>1</to>
<pf>0</pf>
<pam>-1</pam>
<pts>0</pts>
<dnp>false</dnp>
</player>
<player>
<name>Chris Andersen</name>
<pos>PF</pos>
<start>false</start>
<min>21</min>
<fgm>3</fgm>
<fga>5</fga>
<tpm>0</tpm>
<tpa>1</tpa>
<ftm>0</ftm>
<fta>0</fta>
<oreb>1</oreb>
<dreb>6</dreb>
<reb>7</reb>
<ast>0</ast>
<stl>2</stl>
<blk>0</blk>
<to>0</to>
<pf>2</pf>
<pam>+7</pam>
<pts>6</pts>
<dnp>false</dnp>
</player>
<player>
<name>Rashard Lewis</name>
<pos>PF</pos>
<start>false</start>
<min>19</min>
<fgm>2</fgm>
<fga>4</fga>
<tpm>1</tpm>
<tpa>1</tpa>
<ftm>0</ftm>
<fta>0</fta>
<oreb>1</oreb>
<dreb>2</dreb>
<reb>3</reb>
<ast>2</ast>
<stl>1</stl>
<blk>0</blk>
<to>0</to>
<pf>0</pf>
<pam>+5</pam>
<pts>5</pts>
<dnp>false</dnp>
</player>
<player>
<name>James Jones</name>
<pos>SF</pos>
<start>false</start>
<min>2</min>
<fgm>0</fgm>
<fga>0</fga>
<tpm>0</tpm>
<tpa>0</tpa>
<ftm>1</ftm>
<fta>2</fta>
<oreb>0</oreb>
<dreb>0</dreb>
<reb>0</reb>
<ast>0</ast>
<stl>0</stl>
<blk>0</blk>
<to>0</to>
<pf>0</pf>
<pam>-4</pam>
<pts>1</pts>
<dnp>false</dnp>
</player>
<player>
<name>Joel Anthony</name>
<pos>C</pos>
<start>false</start>
<min>1</min>
<fgm>0</fgm>
<fga>0</fga>
<tpm>0</tpm>
<tpa>0</tpa>
<ftm>0</ftm>
<fta>0</fta>
<oreb>0</oreb>
<dreb>0</dreb>
<reb>0</reb>
<ast>0</ast>
<stl>0</stl>
<blk>0</blk>
<to>0</to>
<pf>0</pf>
<pam>-1</pam>
<pts>0</pts>
<dnp>false</dnp>
</player>
<player>
<name>Norris Cole</name>
<pos>PG</pos>
<start>false</start>
<min>18</min>
<fgm>2</fgm>
<fga>3</fga>
<tpm>0</tpm>
<tpa>0</tpa>
<ftm>0</ftm>
<fta>0</fta>
<oreb>0</oreb>
<dreb>1</dreb>
<reb>1</reb>
<ast>5</ast>
<stl>1</stl>
<blk>0</blk>
<to>2</to>
<pf>1</pf>
<pam>+9</pam>
<pts>4</pts>
<dnp>false</dnp>
</player>
<player>
<name>Roger Mason Jr.</name>
<pos>SG</pos>
<start>false</start>
<min>5</min>
<fgm>0</fgm>
<fga>1</fga>
<tpm>0</tpm>
<tpa>1</tpa>
<ftm>0</ftm>
<fta>0</fta>
<oreb>0</oreb>
<dreb>1</dreb>
<reb>1</reb>
<ast>0</ast>
<stl>1</stl>
<blk>0</blk>
<to>0</to>
<pf>0</pf>
<pam>-4</pam>
<pts>0</pts>
<dnp>false</dnp>
</player>
<home>true</home>
<win>true</win>
<fgm>51</fgm>
<fga>83</fga>
<tpm>10</tpm>
<tpa>23</tpa>
<ftm>10</ftm>
<fta>14</fta>
<oreb>7</oreb>
<dreb>32</dreb>
<reb>39</reb>
<ast>32</ast>
<stl>15</stl>
<blk>3</blk>
<to>17</to>
<pf>16</pf>
<pts>122</pts>
</team>
</game>