<game>
<id>400489309</id>
<date>1:00 PM ET, December 28, 2013</date>
<team>
<name>Cleveland Cavaliers</name>
<player>
<name>Tristan Thompson</name>
<pos>PF</pos>
<start>true</start>
<min>26</min>
<fgm>3</fgm>
<fga>5</fga>
<tpm>0</tpm>
<tpa>0</tpa>
<ftm>1</ftm>
<fta>2</fta>
<oreb>2</oreb>
<dreb>5</dreb>
<reb>7</reb>
<ast>0</ast>
<stl>0</stl>
<blk>0</blk>
<to>4</to>
<pf>3</pf>
<pam>-9</pam>
<pts>7</pts>
<dnp>false</dnp>
</player>
<player>
<name>Earl Clark</name>
<pos>SF</pos>
<start>true</start>
<min>24</min>
<fgm>4</fgm>
<fga>9</fga>
<tpm>3</tpm>
<tpa>5</tpa>
<ftm>1</ftm>
<fta>2</fta>
<oreb>0</oreb>
<dreb>3</dreb>
<reb>3</reb>
<ast>1</ast>
<stl>1</stl>
<blk>1</blk>
<to>1</to>
<pf>1</pf>
<pam>-12</pam>
<pts>12</pts>
<dnp>false</dnp>
</player>
<player>
<name>Anderson Varejao</name>
<pos>C</pos>
<start>true</start>
<min>29</min>
<fgm>1</fgm>
<fga>2</fga>
<tpm>0</tpm>
<tpa>0</tpa>
<ftm>4</ftm>
<fta>4</fta>
<oreb>1</oreb>
<dreb>7</dreb>
<reb>8</reb>
<ast>2</ast>
<stl>0</stl>
<blk>0</blk>
<to>1</to>
<pf>2</pf>
<pam>0</pam>
<pts>6</pts>
<dnp>false</dnp>
</player>
<player>
<name>Kyrie Irving</name>
<pos>PG</pos>
<start>true</start>
<min>41</min>
<fgm>13</fgm>
<fga>22</fga>
<tpm>4</tpm>
<tpa>6</tpa>
<ftm>2</ftm>
<fta>2</fta>
<oreb>0</oreb>
<dreb>2</dreb>
<reb>2</reb>
<ast>3</ast>
<stl>1</stl>
<blk>0</blk>
<to>2</to>
<pf>1</pf>
<pam>+6</pam>
<pts>32</pts>
<dnp>false</dnp>
</player>
<player>
<name>C.J. Miles</name>
<pos>SG</pos>
<start>true</start>
<min>11</min>
<fgm>0</fgm>
<fga>5</fga>
<tpm>0</tpm>
<tpa>1</tpa>
<ftm>0</ftm>
<fta>0</fta>
<oreb>0</oreb>
<dreb>0</dreb>
<reb>0</reb>
<ast>0</ast>
<stl>0</stl>
<blk>1</blk>
<to>0</to>
<pf>2</pf>
<pam>-6</pam>
<pts>0</pts>
<dnp>false</dnp>
</player>
<player>
<name>Anthony Bennett</name>
<pos>SF</pos>
<start>false</start>
<min>19</min>
<fgm>2</fgm>
<fga>6</fga>
<tpm>0</tpm>
<tpa>2</tpa>
<ftm>1</ftm>
<fta>2</fta>
<oreb>3</oreb>
<dreb>2</dreb>
<reb>5</reb>
<ast>2</ast>
<stl>1</stl>
<blk>1</blk>
<to>1</to>
<pf>3</pf>
<pam>+9</pam>
<pts>5</pts>
<dnp>false</dnp>
</player>
<player>
<name>Tyler Zeller</name>
<pos>C</pos>
<start>false</start>
<min>22</min>
<fgm>2</fgm>
<fga>5</fga>
<tpm>0</tpm>
<tpa>0</tpa>
<ftm>1</ftm>
<fta>2</fta>
<oreb>4</oreb>
<dreb>6</dreb>
<reb>10</reb>
<ast>3</ast>
<stl>0</stl>
<blk>1</blk>
<to>3</to>
<pf>1</pf>
<pam>-6</pam>
<pts>5</pts>
<dnp>false</dnp>
</player>
<player>
<name>Jarrett Jack</name>
<pos>PG</pos>
<start>false</start>
<min>31</min>
<fgm>5</fgm>
<fga>8</fga>
<tpm>2</tpm>
<tpa>2</tpa>
<ftm>2</ftm>
<fta>2</fta>
<oreb>0</oreb>
<dreb>1</dreb>
<reb>1</reb>
<ast>4</ast>
<stl>0</stl>
<blk>0</blk>
<to>0</to>
<pf>3</pf>
<pam>+1</pam>
<pts>14</pts>
<dnp>false</dnp>
</player>
<player>
<name>Dion Waiters</name>
<pos>SG</pos>
<start>false</start>
<min>32</min>
<fgm>6</fgm>
<fga>16</fga>
<tpm>0</tpm>
<tpa>2</tpa>
<ftm>5</ftm>
<fta>8</fta>
<oreb>0</oreb>
<dreb>3</dreb>
<reb>3</reb>
<ast>2</ast>
<stl>2</stl>
<blk>0</blk>
<to>3</to>
<pf>3</pf>
<pam>+5</pam>
<pts>17</pts>
<dnp>false</dnp>
</player>
<player>
<name>Matthew Dellavedova</name>
<pos>SG</pos>
<start>false</start>
<min>5</min>
<fgm>1</fgm>
<fga>1</fga>
<tpm>0</tpm>
<tpa>0</tpa>
<ftm>0</ftm>
<fta>0</fta>
<oreb>0</oreb>
<dreb>1</dreb>
<reb>1</reb>
<ast>0</ast>
<stl>0</stl>
<blk>0</blk>
<to>0</to>
<pf>2</pf>
<pam>-3</pam>
<pts>2</pts>
<dnp>false</dnp>
</player>
<player>
<name>Alonzo Gee</name>
<pos>SF</pos>
<start>false</start>
<min>0</min>
<fgm>0</fgm>
<fga>0</fga>
<tpm>0</tpm>
<tpa>0</tpa>
<ftm>0</ftm>
<fta>0</fta>
<oreb>0</oreb>
<dreb>0</dreb>
<reb>0</reb>
<ast>0</ast>
<stl>0</stl>
<blk>0</blk>
<to>0</to>
<pf>0</pf>
<pam>0</pam>
<pts>0</pts>
<dnp>true</dnp>
</player>
<player>
<name>Henry Sims</name>
<pos>C</pos>
<start>false</start>
<min>0</min>
<fgm>0</fgm>
<fga>0</fga>
<tpm>0</tpm>
<tpa>0</tpa>
<ftm>0</ftm>
<fta>0</fta>
<oreb>0</oreb>
<dreb>0</dreb>
<reb>0</reb>
<ast>0</ast>
<stl>0</stl>
<blk>0</blk>
<to>0</to>
<pf>0</pf>
<pam>0</pam>
<pts>0</pts>
<dnp>true</dnp>
</player>
<home>false</home>
<win>false</win>
<fgm>37</fgm>
<fga>79</fga>
<tpm>9</tpm>
<tpa>18</tpa>
<ftm>17</ftm>
<fta>24</fta>
<oreb>10</oreb>
<dreb>30</dreb>
<reb>40</reb>
<ast>17</ast>
<stl>5</stl>
<blk>4</blk>
<to>15</to>
<pf>21</pf>
<pts>100</pts>
</team>
<team>
<name>Boston Celtics</name>
<player>
<name>Brandon Bass</name>
<pos>PF</pos>
<start>true</start>
<min>34</min>
<fgm>5</fgm>
<fga>8</fga>
<tpm>1</tpm>
<tpa>1</tpa>
<ftm>4</ftm>
<fta>4</fta>
<oreb>4</oreb>
<dreb>2</dreb>
<reb>6</reb>
<ast>4</ast>
<stl>0</stl>
<blk>2</blk>
<to>1</to>
<pf>1</pf>
<pam>0</pam>
<pts>15</pts>
<dnp>false</dnp>
</player>
<player>
<name>Jeff Green</name>
<pos>SF</pos>
<start>true</start>
<min>36</min>
<fgm>5</fgm>
<fga>12</fga>
<tpm>2</tpm>
<tpa>5</tpa>
<ftm>7</ftm>
<fta>7</fta>
<oreb>0</oreb>
<dreb>8</dreb>
<reb>8</reb>
<ast>1</ast>
<stl>2</stl>
<blk>1</blk>
<to>1</to>
<pf>1</pf>
<pam>+3</pam>
<pts>19</pts>
<dnp>false</dnp>
</player>
<player>
<name>Jared Sullinger</name>
<pos>C</pos>
<start>true</start>
<min>31</min>
<fgm>4</fgm>
<fga>14</fga>
<tpm>0</tpm>
<tpa>3</tpa>
<ftm>0</ftm>
<fta>0</fta>
<oreb>2</oreb>
<dreb>1</dreb>
<reb>3</reb>
<ast>2</ast>
<stl>0</stl>
<blk>1</blk>
<to>1</to>
<pf>4</pf>
<pam>+1</pam>
<pts>8</pts>
<dnp>false</dnp>
</player>
<player>
<name>Avery Bradley</name>
<pos>PG</pos>
<start>true</start>
<min>37</min>
<fgm>8</fgm>
<fga>16</fga>
<tpm>1</tpm>
<tpa>4</tpa>
<ftm>1</ftm>
<fta>2</fta>
<oreb>3</oreb>
<dreb>5</dreb>
<reb>8</reb>
<ast>3</ast>
<stl>2</stl>
<blk>0</blk>
<to>2</to>
<pf>3</pf>
<pam>+5</pam>
<pts>18</pts>
<dnp>false</dnp>
</player>
<player>
<name>Jordan Crawford</name>
<pos>SG</pos>
<start>true</start>
<min>34</min>
<fgm>7</fgm>
<fga>11</fga>
<tpm>3</tpm>
<tpa>5</tpa>
<ftm>2</ftm>
<fta>2</fta>
<oreb>0</oreb>
<dreb>5</dreb>
<reb>5</reb>
<ast>5</ast>
<stl>1</stl>
<blk>0</blk>
<to>3</to>
<pf>1</pf>
<pam>+4</pam>
<pts>19</pts>
<dnp>false</dnp>
</player>
<player>
<name>Kris Humphries</name>
<pos>PF</pos>
<start>false</start>
<min>17</min>
<fgm>4</fgm>
<fga>7</fga>
<tpm>0</tpm>
<tpa>0</tpa>
<ftm>2</ftm>
<fta>2</fta>
<oreb>1</oreb>
<dreb>2</dreb>
<reb>3</reb>
<ast>1</ast>
<stl>0</stl>
<blk>0</blk>
<to>1</to>
<pf>1</pf>
<pam>+2</pam>
<pts>10</pts>
<dnp>false</dnp>
</player>
<player>
<name>Gerald Wallace</name>
<pos>SF</pos>
<start>false</start>
<min>9</min>
<fgm>1</fgm>
<fga>1</fga>
<tpm>0</tpm>
<tpa>0</tpa>
<ftm>0</ftm>
<fta>3</fta>
<oreb>0</oreb>
<dreb>2</dreb>
<reb>2</reb>
<ast>2</ast>
<stl>0</stl>
<blk>0</blk>
<to>1</to>
<pf>1</pf>
<pam>+4</pam>
<pts>2</pts>
<dnp>false</dnp>
</player>
<player>
<name>Kelly Olynyk</name>
<pos>C</pos>
<start>false</start>
<min>14</min>
<fgm>0</fgm>
<fga>2</fga>
<tpm>0</tpm>
<tpa>1</tpa>
<ftm>1</ftm>
<fta>4</fta>
<oreb>3</oreb>
<dreb>4</dreb>
<reb>7</reb>
<ast>1</ast>
<stl>1</stl>
<blk>1</blk>
<to>3</to>
<pf>3</pf>
<pam>+3</pam>
<pts>1</pts>
<dnp>false</dnp>
</player>
<player>
<name>Phil Pressey</name>
<pos>PG</pos>
<start>false</start>
<min>12</min>
<fgm>0</fgm>
<fga>1</fga>
<tpm>0</tpm>
<tpa>1</tpa>
<ftm>0</ftm>
<fta>0</fta>
<oreb>0</oreb>
<dreb>0</dreb>
<reb>0</reb>
<ast>1</ast>
<stl>2</stl>
<blk>0</blk>
<to>0</to>
<pf>2</pf>
<pam>-3</pam>
<pts>0</pts>
<dnp>false</dnp>
</player>
<player>
<name>Courtney Lee</name>
<pos>SG</pos>
<start>false</start>
<min>17</min>
<fgm>4</fgm>
<fga>11</fga>
<tpm>2</tpm>
<tpa>5</tpa>
<ftm>1</ftm>
<fta>1</fta>
<oreb>0</oreb>
<dreb>1</dreb>
<reb>1</reb>
<ast>2</ast>
<stl>1</stl>
<blk>0</blk>
<to>2</to>
<pf>1</pf>
<pam>-4</pam>
<pts>11</pts>
<dnp>false</dnp>
</player>
<player>
<name>Vitor Faverani</name>
<pos>C</pos>
<start>false</start>
<min>0</min>
<fgm>0</fgm>
<fga>0</fga>
<tpm>0</tpm>
<tpa>0</tpa>
<ftm>0</ftm>
<fta>0</fta>
<oreb>0</oreb>
<dreb>0</dreb>
<reb>0</reb>
<ast>0</ast>
<stl>0</stl>
<blk>0</blk>
<to>0</to>
<pf>0</pf>
<pam>0</pam>
<pts>0</pts>
<dnp>true</dnp>
</player>
<player>
<name>MarShon Brooks</name>
<pos>SG</pos>
<start>false</start>
<min>0</min>
<fgm>0</fgm>
<fga>0</fga>
<tpm>0</tpm>
<tpa>0</tpa>
<ftm>0</ftm>
<fta>0</fta>
<oreb>0</oreb>
<dreb>0</dreb>
<reb>0</reb>
<ast>0</ast>
<stl>0</stl>
<blk>0</blk>
<to>0</to>
<pf>0</pf>
<pam>0</pam>
<pts>0</pts>
<dnp>true</dnp>
</player>
<home>true</home>
<win>true</win>
<fgm>38</fgm>
<fga>83</fga>
<tpm>9</tpm>
<tpa>25</tpa>
<ftm>18</ftm>
<fta>25</fta>
<oreb>13</oreb>
<dreb>30</dreb>
<reb>43</reb>
<ast>22</ast>
<stl>9</stl>
<blk>5</blk>
<to>15</to>
<pf>18</pf>
<pts>103</pts>
</team>
</game>