<game>
<id>400489214</id>
<date>10:30 PM ET, December 13, 2013</date>
<team>
<name>Houston Rockets</name>
<player>
<name>Terrence Jones</name>
<pos>PF</pos>
<start>true</start>
<min>35</min>
<fgm>2</fgm>
<fga>8</fga>
<tpm>0</tpm>
<tpa>3</tpa>
<ftm>3</ftm>
<fta>4</fta>
<oreb>0</oreb>
<dreb>8</dreb>
<reb>8</reb>
<ast>0</ast>
<stl>2</stl>
<blk>0</blk>
<to>0</to>
<pf>2</pf>
<pam>+17</pam>
<pts>7</pts>
<dnp>false</dnp>
</player>
<player>
<name>Chandler Parsons</name>
<pos>SF</pos>
<start>true</start>
<min>33</min>
<fgm>9</fgm>
<fga>14</fga>
<tpm>2</tpm>
<tpa>4</tpa>
<ftm>3</ftm>
<fta>3</fta>
<oreb>0</oreb>
<dreb>1</dreb>
<reb>1</reb>
<ast>3</ast>
<stl>3</stl>
<blk>1</blk>
<to>2</to>
<pf>3</pf>
<pam>0</pam>
<pts>23</pts>
<dnp>false</dnp>
</player>
<player>
<name>Dwight Howard</name>
<pos>C</pos>
<start>true</start>
<min>31</min>
<fgm>5</fgm>
<fga>6</fga>
<tpm>1</tpm>
<tpa>1</tpa>
<ftm>7</ftm>
<fta>7</fta>
<oreb>2</oreb>
<dreb>9</dreb>
<reb>11</reb>
<ast>3</ast>
<stl>0</stl>
<blk>1</blk>
<to>5</to>
<pf>5</pf>
<pam>-4</pam>
<pts>18</pts>
<dnp>false</dnp>
</player>
<player>
<name>Patrick Beverley</name>
<pos>PG</pos>
<start>true</start>
<min>30</min>
<fgm>7</fgm>
<fga>9</fga>
<tpm>2</tpm>
<tpa>3</tpa>
<ftm>0</ftm>
<fta>0</fta>
<oreb>2</oreb>
<dreb>1</dreb>
<reb>3</reb>
<ast>2</ast>
<stl>2</stl>
<blk>0</blk>
<to>0</to>
<pf>6</pf>
<pam>+13</pam>
<pts>16</pts>
<dnp>false</dnp>
</player>
<player>
<name>James Harden</name>
<pos>SG</pos>
<start>true</start>
<min>42</min>
<fgm>9</fgm>
<fga>22</fga>
<tpm>3</tpm>
<tpa>8</tpa>
<ftm>5</ftm>
<fta>8</fta>
<oreb>1</oreb>
<dreb>1</dreb>
<reb>2</reb>
<ast>9</ast>
<stl>0</stl>
<blk>0</blk>
<to>3</to>
<pf>1</pf>
<pam>+19</pam>
<pts>26</pts>
<dnp>false</dnp>
</player>
<player>
<name>Donatas Motiejunas</name>
<pos>PF</pos>
<start>false</start>
<min>9</min>
<fgm>0</fgm>
<fga>3</fga>
<tpm>0</tpm>
<tpa>1</tpa>
<ftm>2</ftm>
<fta>4</fta>
<oreb>0</oreb>
<dreb>1</dreb>
<reb>1</reb>
<ast>0</ast>
<stl>0</stl>
<blk>0</blk>
<to>0</to>
<pf>1</pf>
<pam>-7</pam>
<pts>2</pts>
<dnp>false</dnp>
</player>
<player>
<name>Omri Casspi</name>
<pos>SF</pos>
<start>false</start>
<min>21</min>
<fgm>3</fgm>
<fga>8</fga>
<tpm>1</tpm>
<tpa>3</tpa>
<ftm>3</ftm>
<fta>5</fta>
<oreb>1</oreb>
<dreb>1</dreb>
<reb>2</reb>
<ast>1</ast>
<stl>3</stl>
<blk>1</blk>
<to>1</to>
<pf>0</pf>
<pam>0</pam>
<pts>10</pts>
<dnp>false</dnp>
</player>
<player>
<name>Jeremy Lin</name>
<pos>PG</pos>
<start>false</start>
<min>21</min>
<fgm>2</fgm>
<fga>4</fga>
<tpm>1</tpm>
<tpa>3</tpa>
<ftm>3</ftm>
<fta>4</fta>
<oreb>0</oreb>
<dreb>0</dreb>
<reb>0</reb>
<ast>2</ast>
<stl>0</stl>
<blk>0</blk>
<to>4</to>
<pf>3</pf>
<pam>-13</pam>
<pts>8</pts>
<dnp>false</dnp>
</player>
<player>
<name>Francisco Garcia</name>
<pos>SG</pos>
<start>false</start>
<min>18</min>
<fgm>2</fgm>
<fga>5</fga>
<tpm>2</tpm>
<tpa>3</tpa>
<ftm>0</ftm>
<fta>0</fta>
<oreb>1</oreb>
<dreb>3</dreb>
<reb>4</reb>
<ast>0</ast>
<stl>0</stl>
<blk>0</blk>
<to>0</to>
<pf>2</pf>
<pam>-5</pam>
<pts>6</pts>
<dnp>false</dnp>
</player>
<player>
<name>Greg Smith</name>
<pos>PF</pos>
<start>false</start>
<min>0</min>
<fgm>0</fgm>
<fga>0</fga>
<tpm>0</tpm>
<tpa>0</tpa>
<ftm>0</ftm>
<fta>0</fta>
<oreb>0</oreb>
<dreb>0</dreb>
<reb>0</reb>
<ast>0</ast>
<stl>0</stl>
<blk>0</blk>
<to>0</to>
<pf>0</pf>
<pam>0</pam>
<pts>0</pts>
<dnp>true</dnp>
</player>
<player>
<name>Ronnie Brewer</name>
<pos>SF</pos>
<start>false</start>
<min>0</min>
<fgm>0</fgm>
<fga>0</fga>
<tpm>0</tpm>
<tpa>0</tpa>
<ftm>0</ftm>
<fta>0</fta>
<oreb>0</oreb>
<dreb>0</dreb>
<reb>0</reb>
<ast>0</ast>
<stl>0</stl>
<blk>0</blk>
<to>0</to>
<pf>0</pf>
<pam>0</pam>
<pts>0</pts>
<dnp>true</dnp>
</player>
<player>
<name>Omer Asik</name>
<pos>C</pos>
<start>false</start>
<min>0</min>
<fgm>0</fgm>
<fga>0</fga>
<tpm>0</tpm>
<tpa>0</tpa>
<ftm>0</ftm>
<fta>0</fta>
<oreb>0</oreb>
<dreb>0</dreb>
<reb>0</reb>
<ast>0</ast>
<stl>0</stl>
<blk>0</blk>
<to>0</to>
<pf>0</pf>
<pam>0</pam>
<pts>0</pts>
<dnp>true</dnp>
</player>
<home>false</home>
<win>true</win>
<fgm>39</fgm>
<fga>79</fga>
<tpm>12</tpm>
<tpa>29</tpa>
<ftm>26</ftm>
<fta>35</fta>
<oreb>7</oreb>
<dreb>25</dreb>
<reb>32</reb>
<ast>20</ast>
<stl>10</stl>
<blk>3</blk>
<to>15</to>
<pf>23</pf>
<pts>116</pts>
</team>
<team>
<name>Golden State Warriors</name>
<player>
<name>David Lee</name>
<pos>PF</pos>
<start>true</start>
<min>37</min>
<fgm>8</fgm>
<fga>13</fga>
<tpm>0</tpm>
<tpa>0</tpa>
<ftm>7</ftm>
<fta>8</fta>
<oreb>3</oreb>
<dreb>7</dreb>
<reb>10</reb>
<ast>0</ast>
<stl>1</stl>
<blk>2</blk>
<to>2</to>
<pf>4</pf>
<pam>-7</pam>
<pts>23</pts>
<dnp>false</dnp>
</player>
<player>
<name>Harrison Barnes</name>
<pos>SF</pos>
<start>true</start>
<min>38</min>
<fgm>9</fgm>
<fga>16</fga>
<tpm>2</tpm>
<tpa>5</tpa>
<ftm>0</ftm>
<fta>0</fta>
<oreb>4</oreb>
<dreb>8</dreb>
<reb>12</reb>
<ast>4</ast>
<stl>1</stl>
<blk>0</blk>
<to>3</to>
<pf>5</pf>
<pam>+8</pam>
<pts>20</pts>
<dnp>false</dnp>
</player>
<player>
<name>Andrew Bogut</name>
<pos>C</pos>
<start>true</start>
<min>27</min>
<fgm>5</fgm>
<fga>7</fga>
<tpm>0</tpm>
<tpa>0</tpa>
<ftm>0</ftm>
<fta>0</fta>
<oreb>3</oreb>
<dreb>8</dreb>
<reb>11</reb>
<ast>2</ast>
<stl>2</stl>
<blk>1</blk>
<to>2</to>
<pf>3</pf>
<pam>-1</pam>
<pts>10</pts>
<dnp>false</dnp>
</player>
<player>
<name>Stephen Curry</name>
<pos>PG</pos>
<start>true</start>
<min>39</min>
<fgm>5</fgm>
<fga>12</fga>
<tpm>1</tpm>
<tpa>5</tpa>
<ftm>9</ftm>
<fta>11</fta>
<oreb>0</oreb>
<dreb>2</dreb>
<reb>2</reb>
<ast>9</ast>
<stl>0</stl>
<blk>0</blk>
<to>6</to>
<pf>6</pf>
<pam>-18</pam>
<pts>20</pts>
<dnp>false</dnp>
</player>
<player>
<name>Klay Thompson</name>
<pos>SG</pos>
<start>true</start>
<min>45</min>
<fgm>6</fgm>
<fga>17</fga>
<tpm>1</tpm>
<tpa>7</tpa>
<ftm>2</ftm>
<fta>3</fta>
<oreb>0</oreb>
<dreb>5</dreb>
<reb>5</reb>
<ast>5</ast>
<stl>1</stl>
<blk>2</blk>
<to>3</to>
<pf>4</pf>
<pam>-7</pam>
<pts>15</pts>
<dnp>false</dnp>
</player>
<player>
<name>Hilton Armstrong</name>
<pos>PF</pos>
<start>false</start>
<min>4</min>
<fgm>1</fgm>
<fga>1</fga>
<tpm>0</tpm>
<tpa>0</tpa>
<ftm>0</ftm>
<fta>0</fta>
<oreb>1</oreb>
<dreb>2</dreb>
<reb>3</reb>
<ast>0</ast>
<stl>0</stl>
<blk>0</blk>
<to>0</to>
<pf>1</pf>
<pam>+6</pam>
<pts>2</pts>
<dnp>false</dnp>
</player>
<player>
<name>Marreese Speights</name>
<pos>PF</pos>
<start>false</start>
<min>16</min>
<fgm>7</fgm>
<fga>14</fga>
<tpm>0</tpm>
<tpa>0</tpa>
<ftm>2</ftm>
<fta>2</fta>
<oreb>8</oreb>
<dreb>1</dreb>
<reb>9</reb>
<ast>0</ast>
<stl>0</stl>
<blk>0</blk>
<to>0</to>
<pf>1</pf>
<pam>0</pam>
<pts>16</pts>
<dnp>false</dnp>
</player>
<player>
<name>Draymond Green</name>
<pos>SF</pos>
<start>false</start>
<min>21</min>
<fgm>2</fgm>
<fga>7</fga>
<tpm>2</tpm>
<tpa>4</tpa>
<ftm>0</ftm>
<fta>0</fta>
<oreb>0</oreb>
<dreb>3</dreb>
<reb>3</reb>
<ast>2</ast>
<stl>0</stl>
<blk>1</blk>
<to>2</to>
<pf>5</pf>
<pam>-11</pam>
<pts>6</pts>
<dnp>false</dnp>
</player>
<player>
<name>Toney Douglas</name>
<pos>PG</pos>
<start>false</start>
<min>13</min>
<fgm>0</fgm>
<fga>3</fga>
<tpm>0</tpm>
<tpa>1</tpa>
<ftm>0</ftm>
<fta>0</fta>
<oreb>0</oreb>
<dreb>1</dreb>
<reb>1</reb>
<ast>0</ast>
<stl>1</stl>
<blk>0</blk>
<to>0</to>
<pf>1</pf>
<pam>+12</pam>
<pts>0</pts>
<dnp>false</dnp>
</player>
<player>
<name>Kent Bazemore</name>
<pos>SG</pos>
<start>false</start>
<min>0</min>
<fgm>0</fgm>
<fga>0</fga>
<tpm>0</tpm>
<tpa>0</tpa>
<ftm>0</ftm>
<fta>0</fta>
<oreb>0</oreb>
<dreb>0</dreb>
<reb>0</reb>
<ast>0</ast>
<stl>0</stl>
<blk>0</blk>
<to>0</to>
<pf>0</pf>
<pam>-2</pam>
<pts>0</pts>
<dnp>false</dnp>
</player>
<player>
<name>Andre Iguodala</name>
<pos>SF</pos>
<start>false</start>
<min>0</min>
<fgm>0</fgm>
<fga>0</fga>
<tpm>0</tpm>
<tpa>0</tpa>
<ftm>0</ftm>
<fta>0</fta>
<oreb>0</oreb>
<dreb>0</dreb>
<reb>0</reb>
<ast>0</ast>
<stl>0</stl>
<blk>0</blk>
<to>0</to>
<pf>0</pf>
<pam>0</pam>
<pts>0</pts>
<dnp>true</dnp>
</player>
<home>true</home>
<win>false</win>
<fgm>43</fgm>
<fga>90</fga>
<tpm>6</tpm>
<tpa>22</tpa>
<ftm>20</ftm>
<fta>24</fta>
<oreb>19</oreb>
<dreb>37</dreb>
<reb>56</reb>
<ast>22</ast>
<stl>6</stl>
<blk>6</blk>
<to>18</to>
<pf>30</pf>
<pts>112</pts>
</team>
</game>