<game>
<id>400489250</id>
<date>8:30 PM ET, December 18, 2013</date>
<team>
<name>Memphis Grizzlies</name>
<player>
<name>Zach Randolph</name>
<pos>PF</pos>
<start>true</start>
<min>32</min>
<fgm>5</fgm>
<fga>18</fga>
<tpm>0</tpm>
<tpa>1</tpa>
<ftm>4</ftm>
<fta>6</fta>
<oreb>6</oreb>
<dreb>3</dreb>
<reb>9</reb>
<ast>3</ast>
<stl>0</stl>
<blk>0</blk>
<to>2</to>
<pf>3</pf>
<pam>-6</pam>
<pts>14</pts>
<dnp>false</dnp>
</player>
<player>
<name>Mike Miller</name>
<pos>SF</pos>
<start>true</start>
<min>30</min>
<fgm>3</fgm>
<fga>5</fga>
<tpm>2</tpm>
<tpa>4</tpa>
<ftm>0</ftm>
<fta>0</fta>
<oreb>1</oreb>
<dreb>3</dreb>
<reb>4</reb>
<ast>2</ast>
<stl>0</stl>
<blk>0</blk>
<to>1</to>
<pf>1</pf>
<pam>-1</pam>
<pts>8</pts>
<dnp>false</dnp>
</player>
<player>
<name>Kosta Koufos</name>
<pos>C</pos>
<start>true</start>
<min>18</min>
<fgm>3</fgm>
<fga>9</fga>
<tpm>0</tpm>
<tpa>0</tpa>
<ftm>0</ftm>
<fta>1</fta>
<oreb>4</oreb>
<dreb>3</dreb>
<reb>7</reb>
<ast>1</ast>
<stl>1</stl>
<blk>1</blk>
<to>1</to>
<pf>4</pf>
<pam>+3</pam>
<pts>6</pts>
<dnp>false</dnp>
</player>
<player>
<name>Jerryd Bayless</name>
<pos>PG</pos>
<start>true</start>
<min>34</min>
<fgm>3</fgm>
<fga>13</fga>
<tpm>0</tpm>
<tpa>5</tpa>
<ftm>1</ftm>
<fta>1</fta>
<oreb>0</oreb>
<dreb>5</dreb>
<reb>5</reb>
<ast>6</ast>
<stl>3</stl>
<blk>0</blk>
<to>1</to>
<pf>2</pf>
<pam>-4</pam>
<pts>7</pts>
<dnp>false</dnp>
</player>
<player>
<name>Tony Allen</name>
<pos>SG</pos>
<start>true</start>
<min>33</min>
<fgm>7</fgm>
<fga>17</fga>
<tpm>0</tpm>
<tpa>1</tpa>
<ftm>2</ftm>
<fta>3</fta>
<oreb>10</oreb>
<dreb>1</dreb>
<reb>11</reb>
<ast>3</ast>
<stl>3</stl>
<blk>0</blk>
<to>4</to>
<pf>4</pf>
<pam>-8</pam>
<pts>16</pts>
<dnp>false</dnp>
</player>
<player>
<name>James Johnson</name>
<pos>PF</pos>
<start>false</start>
<min>20</min>
<fgm>3</fgm>
<fga>5</fga>
<tpm>3</tpm>
<tpa>3</tpa>
<ftm>2</ftm>
<fta>2</fta>
<oreb>0</oreb>
<dreb>2</dreb>
<reb>2</reb>
<ast>2</ast>
<stl>1</stl>
<blk>0</blk>
<to>1</to>
<pf>1</pf>
<pam>-14</pam>
<pts>11</pts>
<dnp>false</dnp>
</player>
<player>
<name>Ed Davis</name>
<pos>PF</pos>
<start>false</start>
<min>23</min>
<fgm>6</fgm>
<fga>11</fga>
<tpm>0</tpm>
<tpa>0</tpa>
<ftm>0</ftm>
<fta>1</fta>
<oreb>1</oreb>
<dreb>1</dreb>
<reb>2</reb>
<ast>0</ast>
<stl>0</stl>
<blk>0</blk>
<to>2</to>
<pf>2</pf>
<pam>-8</pam>
<pts>12</pts>
<dnp>false</dnp>
</player>
<player>
<name>Jon Leuer</name>
<pos>PF</pos>
<start>false</start>
<min>23</min>
<fgm>6</fgm>
<fga>10</fga>
<tpm>2</tpm>
<tpa>2</tpa>
<ftm>0</ftm>
<fta>0</fta>
<oreb>0</oreb>
<dreb>1</dreb>
<reb>1</reb>
<ast>1</ast>
<stl>1</stl>
<blk>0</blk>
<to>1</to>
<pf>5</pf>
<pam>-17</pam>
<pts>14</pts>
<dnp>false</dnp>
</player>
<player>
<name>Nick Calathes</name>
<pos>SG</pos>
<start>false</start>
<min>18</min>
<fgm>0</fgm>
<fga>4</fga>
<tpm>0</tpm>
<tpa>1</tpa>
<ftm>0</ftm>
<fta>0</fta>
<oreb>0</oreb>
<dreb>1</dreb>
<reb>1</reb>
<ast>4</ast>
<stl>1</stl>
<blk>1</blk>
<to>2</to>
<pf>2</pf>
<pam>-10</pam>
<pts>0</pts>
<dnp>false</dnp>
</player>
<player>
<name>Jamaal Franklin</name>
<pos>SG</pos>
<start>false</start>
<min>10</min>
<fgm>1</fgm>
<fga>1</fga>
<tpm>1</tpm>
<tpa>1</tpa>
<ftm>0</ftm>
<fta>0</fta>
<oreb>0</oreb>
<dreb>1</dreb>
<reb>1</reb>
<ast>1</ast>
<stl>1</stl>
<blk>0</blk>
<to>0</to>
<pf>1</pf>
<pam>-5</pam>
<pts>3</pts>
<dnp>false</dnp>
</player>
<player>
<name>Tayshaun Prince</name>
<pos>SF</pos>
<start>false</start>
<min>0</min>
<fgm>0</fgm>
<fga>0</fga>
<tpm>0</tpm>
<tpa>0</tpa>
<ftm>0</ftm>
<fta>0</fta>
<oreb>0</oreb>
<dreb>0</dreb>
<reb>0</reb>
<ast>0</ast>
<stl>0</stl>
<blk>0</blk>
<to>0</to>
<pf>0</pf>
<pam>0</pam>
<pts>0</pts>
<dnp>true</dnp>
</player>
<home>false</home>
<win>false</win>
<fgm>37</fgm>
<fga>93</fga>
<tpm>8</tpm>
<tpa>18</tpa>
<ftm>9</ftm>
<fta>14</fta>
<oreb>22</oreb>
<dreb>21</dreb>
<reb>43</reb>
<ast>23</ast>
<stl>11</stl>
<blk>2</blk>
<to>15</to>
<pf>25</pf>
<pts>91</pts>
</team>
<team>
<name>Dallas Mavericks</name>
<player>
<name>Dirk Nowitzki</name>
<pos>PF</pos>
<start>true</start>
<min>27</min>
<fgm>9</fgm>
<fga>15</fga>
<tpm>0</tpm>
<tpa>1</tpa>
<ftm>2</ftm>
<fta>2</fta>
<oreb>1</oreb>
<dreb>5</dreb>
<reb>6</reb>
<ast>5</ast>
<stl>2</stl>
<blk>1</blk>
<to>2</to>
<pf>3</pf>
<pam>+23</pam>
<pts>20</pts>
<dnp>false</dnp>
</player>
<player>
<name>Shawn Marion</name>
<pos>SF</pos>
<start>true</start>
<min>31</min>
<fgm>5</fgm>
<fga>10</fga>
<tpm>0</tpm>
<tpa>0</tpa>
<ftm>0</ftm>
<fta>0</fta>
<oreb>1</oreb>
<dreb>6</dreb>
<reb>7</reb>
<ast>1</ast>
<stl>1</stl>
<blk>1</blk>
<to>1</to>
<pf>3</pf>
<pam>0</pam>
<pts>10</pts>
<dnp>false</dnp>
</player>
<player>
<name>DeJuan Blair</name>
<pos>C</pos>
<start>true</start>
<min>20</min>
<fgm>3</fgm>
<fga>6</fga>
<tpm>0</tpm>
<tpa>0</tpa>
<ftm>0</ftm>
<fta>1</fta>
<oreb>2</oreb>
<dreb>3</dreb>
<reb>5</reb>
<ast>2</ast>
<stl>1</stl>
<blk>0</blk>
<to>1</to>
<pf>1</pf>
<pam>+7</pam>
<pts>6</pts>
<dnp>false</dnp>
</player>
<player>
<name>Jose Calderon</name>
<pos>PG</pos>
<start>true</start>
<min>32</min>
<fgm>5</fgm>
<fga>7</fga>
<tpm>2</tpm>
<tpa>4</tpa>
<ftm>0</ftm>
<fta>0</fta>
<oreb>0</oreb>
<dreb>1</dreb>
<reb>1</reb>
<ast>3</ast>
<stl>0</stl>
<blk>0</blk>
<to>0</to>
<pf>1</pf>
<pam>+8</pam>
<pts>12</pts>
<dnp>false</dnp>
</player>
<player>
<name>Monta Ellis</name>
<pos>SG</pos>
<start>true</start>
<min>32</min>
<fgm>6</fgm>
<fga>12</fga>
<tpm>1</tpm>
<tpa>4</tpa>
<ftm>5</ftm>
<fta>5</fta>
<oreb>1</oreb>
<dreb>3</dreb>
<reb>4</reb>
<ast>4</ast>
<stl>3</stl>
<blk>0</blk>
<to>3</to>
<pf>3</pf>
<pam>+6</pam>
<pts>18</pts>
<dnp>false</dnp>
</player>
<player>
<name>Brandan Wright</name>
<pos>PF</pos>
<start>false</start>
<min>13</min>
<fgm>0</fgm>
<fga>3</fga>
<tpm>0</tpm>
<tpa>0</tpa>
<ftm>4</ftm>
<fta>4</fta>
<oreb>1</oreb>
<dreb>1</dreb>
<reb>2</reb>
<ast>0</ast>
<stl>0</stl>
<blk>3</blk>
<to>1</to>
<pf>0</pf>
<pam>+7</pam>
<pts>4</pts>
<dnp>false</dnp>
</player>
<player>
<name>Jae Crowder</name>
<pos>SF</pos>
<start>false</start>
<min>21</min>
<fgm>3</fgm>
<fga>6</fga>
<tpm>0</tpm>
<tpa>2</tpa>
<ftm>2</ftm>
<fta>2</fta>
<oreb>0</oreb>
<dreb>5</dreb>
<reb>5</reb>
<ast>0</ast>
<stl>2</stl>
<blk>2</blk>
<to>1</to>
<pf>1</pf>
<pam>+5</pam>
<pts>8</pts>
<dnp>false</dnp>
</player>
<player>
<name>Bernard James</name>
<pos>C</pos>
<start>false</start>
<min>2</min>
<fgm>0</fgm>
<fga>0</fga>
<tpm>0</tpm>
<tpa>0</tpa>
<ftm>0</ftm>
<fta>0</fta>
<oreb>0</oreb>
<dreb>1</dreb>
<reb>1</reb>
<ast>0</ast>
<stl>0</stl>
<blk>0</blk>
<to>0</to>
<pf>0</pf>
<pam>-5</pam>
<pts>0</pts>
<dnp>false</dnp>
</player>
<player>
<name>Samuel Dalembert</name>
<pos>C</pos>
<start>false</start>
<min>13</min>
<fgm>3</fgm>
<fga>3</fga>
<tpm>0</tpm>
<tpa>0</tpa>
<ftm>2</ftm>
<fta>3</fta>
<oreb>4</oreb>
<dreb>3</dreb>
<reb>7</reb>
<ast>1</ast>
<stl>2</stl>
<blk>2</blk>
<to>2</to>
<pf>2</pf>
<pam>+5</pam>
<pts>8</pts>
<dnp>false</dnp>
</player>
<player>
<name>Gal Mekel</name>
<pos>PG</pos>
<start>false</start>
<min>2</min>
<fgm>0</fgm>
<fga>0</fga>
<tpm>0</tpm>
<tpa>0</tpa>
<ftm>0</ftm>
<fta>0</fta>
<oreb>0</oreb>
<dreb>0</dreb>
<reb>0</reb>
<ast>0</ast>
<stl>0</stl>
<blk>0</blk>
<to>0</to>
<pf>0</pf>
<pam>-5</pam>
<pts>0</pts>
<dnp>false</dnp>
</player>
<player>
<name>Shane Larkin</name>
<pos>PG</pos>
<start>false</start>
<min>14</min>
<fgm>2</fgm>
<fga>4</fga>
<tpm>1</tpm>
<tpa>2</tpa>
<ftm>0</ftm>
<fta>0</fta>
<oreb>0</oreb>
<dreb>0</dreb>
<reb>0</reb>
<ast>2</ast>
<stl>0</stl>
<blk>0</blk>
<to>2</to>
<pf>0</pf>
<pam>+9</pam>
<pts>5</pts>
<dnp>false</dnp>
</player>
<player>
<name>Wayne Ellington</name>
<pos>SG</pos>
<start>false</start>
<min>3</min>
<fgm>0</fgm>
<fga>1</fga>
<tpm>0</tpm>
<tpa>0</tpa>
<ftm>0</ftm>
<fta>0</fta>
<oreb>0</oreb>
<dreb>0</dreb>
<reb>0</reb>
<ast>1</ast>
<stl>0</stl>
<blk>0</blk>
<to>0</to>
<pf>0</pf>
<pam>-1</pam>
<pts>0</pts>
<dnp>false</dnp>
</player>
<home>true</home>
<win>true</win>
<fgm>40</fgm>
<fga>73</fga>
<tpm>5</tpm>
<tpa>15</tpa>
<ftm>20</ftm>
<fta>23</fta>
<oreb>11</oreb>
<dreb>31</dreb>
<reb>42</reb>
<ast>25</ast>
<stl>11</stl>
<blk>10</blk>
<to>15</to>
<pf>16</pf>
<pts>105</pts>
</team>
</game>