<game>
<id>400489216</id>
<date>7:00 PM ET, December 14, 2013</date>
<team>
<name>Los Angeles Clippers</name>
<player>
<name>Blake Griffin</name>
<pos>PF</pos>
<start>true</start>
<min>39</min>
<fgm>6</fgm>
<fga>13</fga>
<tpm>0</tpm>
<tpa>1</tpa>
<ftm>4</ftm>
<fta>4</fta>
<oreb>1</oreb>
<dreb>8</dreb>
<reb>9</reb>
<ast>5</ast>
<stl>2</stl>
<blk>1</blk>
<to>3</to>
<pf>2</pf>
<pam>+22</pam>
<pts>16</pts>
<dnp>false</dnp>
</player>
<player>
<name>Jared Dudley</name>
<pos>SF</pos>
<start>true</start>
<min>30</min>
<fgm>7</fgm>
<fga>10</fga>
<tpm>2</tpm>
<tpa>4</tpa>
<ftm>0</ftm>
<fta>0</fta>
<oreb>0</oreb>
<dreb>1</dreb>
<reb>1</reb>
<ast>3</ast>
<stl>0</stl>
<blk>0</blk>
<to>0</to>
<pf>3</pf>
<pam>+30</pam>
<pts>16</pts>
<dnp>false</dnp>
</player>
<player>
<name>DeAndre Jordan</name>
<pos>C</pos>
<start>true</start>
<min>31</min>
<fgm>6</fgm>
<fga>6</fga>
<tpm>0</tpm>
<tpa>0</tpa>
<ftm>3</ftm>
<fta>6</fta>
<oreb>2</oreb>
<dreb>8</dreb>
<reb>10</reb>
<ast>1</ast>
<stl>0</stl>
<blk>2</blk>
<to>1</to>
<pf>4</pf>
<pam>+15</pam>
<pts>15</pts>
<dnp>false</dnp>
</player>
<player>
<name>Chris Paul</name>
<pos>PG</pos>
<start>true</start>
<min>33</min>
<fgm>11</fgm>
<fga>14</fga>
<tpm>5</tpm>
<tpa>7</tpa>
<ftm>11</ftm>
<fta>11</fta>
<oreb>1</oreb>
<dreb>2</dreb>
<reb>3</reb>
<ast>12</ast>
<stl>3</stl>
<blk>0</blk>
<to>2</to>
<pf>2</pf>
<pam>+24</pam>
<pts>38</pts>
<dnp>false</dnp>
</player>
<player>
<name>Jamal Crawford</name>
<pos>SG</pos>
<start>true</start>
<min>39</min>
<fgm>6</fgm>
<fga>14</fga>
<tpm>1</tpm>
<tpa>4</tpa>
<ftm>4</ftm>
<fta>4</fta>
<oreb>0</oreb>
<dreb>1</dreb>
<reb>1</reb>
<ast>3</ast>
<stl>1</stl>
<blk>0</blk>
<to>1</to>
<pf>2</pf>
<pam>+22</pam>
<pts>17</pts>
<dnp>false</dnp>
</player>
<player>
<name>Antawn Jamison</name>
<pos>PF</pos>
<start>false</start>
<min>13</min>
<fgm>2</fgm>
<fga>5</fga>
<tpm>1</tpm>
<tpa>2</tpa>
<ftm>0</ftm>
<fta>0</fta>
<oreb>0</oreb>
<dreb>2</dreb>
<reb>2</reb>
<ast>0</ast>
<stl>0</stl>
<blk>0</blk>
<to>0</to>
<pf>1</pf>
<pam>-2</pam>
<pts>5</pts>
<dnp>false</dnp>
</player>
<player>
<name>Stephen Jackson</name>
<pos>SF</pos>
<start>false</start>
<min>8</min>
<fgm>0</fgm>
<fga>0</fga>
<tpm>0</tpm>
<tpa>0</tpa>
<ftm>1</ftm>
<fta>2</fta>
<oreb>0</oreb>
<dreb>3</dreb>
<reb>3</reb>
<ast>1</ast>
<stl>1</stl>
<blk>0</blk>
<to>2</to>
<pf>1</pf>
<pam>+1</pam>
<pts>1</pts>
<dnp>false</dnp>
</player>
<player>
<name>Byron Mullens</name>
<pos>C</pos>
<start>false</start>
<min>3</min>
<fgm>0</fgm>
<fga>1</fga>
<tpm>0</tpm>
<tpa>1</tpa>
<ftm>0</ftm>
<fta>0</fta>
<oreb>0</oreb>
<dreb>0</dreb>
<reb>0</reb>
<ast>0</ast>
<stl>0</stl>
<blk>0</blk>
<to>1</to>
<pf>0</pf>
<pam>-7</pam>
<pts>0</pts>
<dnp>false</dnp>
</player>
<player>
<name>Ryan Hollins</name>
<pos>C</pos>
<start>false</start>
<min>5</min>
<fgm>0</fgm>
<fga>0</fga>
<tpm>0</tpm>
<tpa>0</tpa>
<ftm>0</ftm>
<fta>0</fta>
<oreb>0</oreb>
<dreb>2</dreb>
<reb>2</reb>
<ast>0</ast>
<stl>0</stl>
<blk>0</blk>
<to>0</to>
<pf>1</pf>
<pam>-7</pam>
<pts>0</pts>
<dnp>false</dnp>
</player>
<player>
<name>Darren Collison</name>
<pos>PG</pos>
<start>false</start>
<min>18</min>
<fgm>1</fgm>
<fga>3</fga>
<tpm>0</tpm>
<tpa>1</tpa>
<ftm>3</ftm>
<fta>4</fta>
<oreb>1</oreb>
<dreb>2</dreb>
<reb>3</reb>
<ast>0</ast>
<stl>2</stl>
<blk>0</blk>
<to>0</to>
<pf>2</pf>
<pam>-1</pam>
<pts>5</pts>
<dnp>false</dnp>
</player>
<player>
<name>Willie Green</name>
<pos>SG</pos>
<start>false</start>
<min>21</min>
<fgm>0</fgm>
<fga>3</fga>
<tpm>0</tpm>
<tpa>1</tpa>
<ftm>0</ftm>
<fta>0</fta>
<oreb>0</oreb>
<dreb>0</dreb>
<reb>0</reb>
<ast>2</ast>
<stl>0</stl>
<blk>0</blk>
<to>0</to>
<pf>2</pf>
<pam>-17</pam>
<pts>0</pts>
<dnp>false</dnp>
</player>
<player>
<name>Matt Barnes</name>
<pos>SF</pos>
<start>false</start>
<min>0</min>
<fgm>0</fgm>
<fga>0</fga>
<tpm>0</tpm>
<tpa>0</tpa>
<ftm>0</ftm>
<fta>0</fta>
<oreb>0</oreb>
<dreb>0</dreb>
<reb>0</reb>
<ast>0</ast>
<stl>0</stl>
<blk>0</blk>
<to>0</to>
<pf>0</pf>
<pam>0</pam>
<pts>0</pts>
<dnp>true</dnp>
</player>
<home>false</home>
<win>true</win>
<fgm>39</fgm>
<fga>69</fga>
<tpm>9</tpm>
<tpa>21</tpa>
<ftm>26</ftm>
<fta>31</fta>
<oreb>5</oreb>
<dreb>29</dreb>
<reb>34</reb>
<ast>27</ast>
<stl>9</stl>
<blk>3</blk>
<to>10</to>
<pf>20</pf>
<pts>113</pts>
</team>
<team>
<name>Washington Wizards</name>
<player>
<name>Trevor Booker</name>
<pos>PF</pos>
<start>true</start>
<min>27</min>
<fgm>6</fgm>
<fga>11</fga>
<tpm>0</tpm>
<tpa>0</tpa>
<ftm>0</ftm>
<fta>0</fta>
<oreb>2</oreb>
<dreb>5</dreb>
<reb>7</reb>
<ast>0</ast>
<stl>0</stl>
<blk>0</blk>
<to>0</to>
<pf>5</pf>
<pam>-10</pam>
<pts>12</pts>
<dnp>false</dnp>
</player>
<player>
<name>Martell Webster</name>
<pos>SF</pos>
<start>true</start>
<min>33</min>
<fgm>4</fgm>
<fga>9</fga>
<tpm>0</tpm>
<tpa>3</tpa>
<ftm>4</ftm>
<fta>6</fta>
<oreb>0</oreb>
<dreb>1</dreb>
<reb>1</reb>
<ast>0</ast>
<stl>0</stl>
<blk>0</blk>
<to>0</to>
<pf>2</pf>
<pam>-22</pam>
<pts>12</pts>
<dnp>false</dnp>
</player>
<player>
<name>Marcin Gortat</name>
<pos>C</pos>
<start>true</start>
<min>28</min>
<fgm>3</fgm>
<fga>10</fga>
<tpm>0</tpm>
<tpa>0</tpa>
<ftm>0</ftm>
<fta>0</fta>
<oreb>2</oreb>
<dreb>5</dreb>
<reb>7</reb>
<ast>1</ast>
<stl>0</stl>
<blk>1</blk>
<to>1</to>
<pf>0</pf>
<pam>-21</pam>
<pts>6</pts>
<dnp>false</dnp>
</player>
<player>
<name>John Wall</name>
<pos>PG</pos>
<start>true</start>
<min>41</min>
<fgm>10</fgm>
<fga>16</fga>
<tpm>0</tpm>
<tpa>4</tpa>
<ftm>4</ftm>
<fta>5</fta>
<oreb>1</oreb>
<dreb>2</dreb>
<reb>3</reb>
<ast>12</ast>
<stl>1</stl>
<blk>0</blk>
<to>6</to>
<pf>5</pf>
<pam>-15</pam>
<pts>24</pts>
<dnp>false</dnp>
</player>
<player>
<name>Trevor Ariza</name>
<pos>SG</pos>
<start>true</start>
<min>41</min>
<fgm>3</fgm>
<fga>10</fga>
<tpm>1</tpm>
<tpa>5</tpa>
<ftm>4</ftm>
<fta>5</fta>
<oreb>1</oreb>
<dreb>2</dreb>
<reb>3</reb>
<ast>5</ast>
<stl>2</stl>
<blk>2</blk>
<to>2</to>
<pf>3</pf>
<pam>-15</pam>
<pts>11</pts>
<dnp>false</dnp>
</player>
<player>
<name>Jan Vesely</name>
<pos>PF</pos>
<start>false</start>
<min>12</min>
<fgm>2</fgm>
<fga>3</fga>
<tpm>0</tpm>
<tpa>0</tpa>
<ftm>0</ftm>
<fta>2</fta>
<oreb>0</oreb>
<dreb>3</dreb>
<reb>3</reb>
<ast>0</ast>
<stl>2</stl>
<blk>0</blk>
<to>3</to>
<pf>1</pf>
<pam>+2</pam>
<pts>4</pts>
<dnp>false</dnp>
</player>
<player>
<name>Chris Singleton</name>
<pos>SF</pos>
<start>false</start>
<min>3</min>
<fgm>2</fgm>
<fga>3</fga>
<tpm>2</tpm>
<tpa>2</tpa>
<ftm>0</ftm>
<fta>0</fta>
<oreb>0</oreb>
<dreb>1</dreb>
<reb>1</reb>
<ast>0</ast>
<stl>0</stl>
<blk>0</blk>
<to>0</to>
<pf>1</pf>
<pam>+4</pam>
<pts>6</pts>
<dnp>false</dnp>
</player>
<player>
<name>Otto Porter Jr.</name>
<pos>SF</pos>
<start>false</start>
<min>11</min>
<fgm>0</fgm>
<fga>2</fga>
<tpm>0</tpm>
<tpa>0</tpa>
<ftm>0</ftm>
<fta>0</fta>
<oreb>1</oreb>
<dreb>1</dreb>
<reb>2</reb>
<ast>0</ast>
<stl>0</stl>
<blk>0</blk>
<to>0</to>
<pf>3</pf>
<pam>-8</pam>
<pts>0</pts>
<dnp>false</dnp>
</player>
<player>
<name>Kevin Seraphin</name>
<pos>C</pos>
<start>false</start>
<min>20</min>
<fgm>7</fgm>
<fga>12</fga>
<tpm>0</tpm>
<tpa>0</tpa>
<ftm>2</ftm>
<fta>2</fta>
<oreb>1</oreb>
<dreb>2</dreb>
<reb>3</reb>
<ast>1</ast>
<stl>0</stl>
<blk>0</blk>
<to>0</to>
<pf>3</pf>
<pam>+1</pam>
<pts>16</pts>
<dnp>false</dnp>
</player>
<player>
<name>Eric Maynor</name>
<pos>PG</pos>
<start>false</start>
<min>3</min>
<fgm>0</fgm>
<fga>0</fga>
<tpm>0</tpm>
<tpa>0</tpa>
<ftm>0</ftm>
<fta>0</fta>
<oreb>0</oreb>
<dreb>0</dreb>
<reb>0</reb>
<ast>1</ast>
<stl>0</stl>
<blk>0</blk>
<to>0</to>
<pf>0</pf>
<pam>+4</pam>
<pts>0</pts>
<dnp>false</dnp>
</player>
<player>
<name>Glen Rice Jr.</name>
<pos>SG</pos>
<start>false</start>
<min>18</min>
<fgm>3</fgm>
<fga>5</fga>
<tpm>0</tpm>
<tpa>0</tpa>
<ftm>0</ftm>
<fta>0</fta>
<oreb>1</oreb>
<dreb>2</dreb>
<reb>3</reb>
<ast>0</ast>
<stl>1</stl>
<blk>0</blk>
<to>0</to>
<pf>1</pf>
<pam>+5</pam>
<pts>6</pts>
<dnp>false</dnp>
</player>
<player>
<name>Garrett Temple</name>
<pos>SG</pos>
<start>false</start>
<min>4</min>
<fgm>0</fgm>
<fga>0</fga>
<tpm>0</tpm>
<tpa>0</tpa>
<ftm>0</ftm>
<fta>0</fta>
<oreb>0</oreb>
<dreb>0</dreb>
<reb>0</reb>
<ast>1</ast>
<stl>0</stl>
<blk>0</blk>
<to>1</to>
<pf>2</pf>
<pam>-5</pam>
<pts>0</pts>
<dnp>false</dnp>
</player>
<home>true</home>
<win>false</win>
<fgm>40</fgm>
<fga>81</fga>
<tpm>3</tpm>
<tpa>14</tpa>
<ftm>14</ftm>
<fta>20</fta>
<oreb>9</oreb>
<dreb>24</dreb>
<reb>33</reb>
<ast>21</ast>
<stl>6</stl>
<blk>3</blk>
<to>13</to>
<pf>26</pf>
<pts>97</pts>
</team>
</game>