<game>
<id>400488930</id>
<date>9:00 PM ET, November 5, 2013</date>
<team>
<name>San Antonio Spurs</name>
<player>
<name>Tim Duncan</name>
<pos>PF</pos>
<start>true</start>
<min>34</min>
<fgm>7</fgm>
<fga>15</fga>
<tpm>0</tpm>
<tpa>0</tpa>
<ftm>3</ftm>
<fta>3</fta>
<oreb>2</oreb>
<dreb>6</dreb>
<reb>8</reb>
<ast>8</ast>
<stl>0</stl>
<blk>4</blk>
<to>4</to>
<pf>4</pf>
<pam>-1</pam>
<pts>17</pts>
<dnp>false</dnp>
</player>
<player>
<name>Kawhi Leonard</name>
<pos>SF</pos>
<start>true</start>
<min>34</min>
<fgm>7</fgm>
<fga>14</fga>
<tpm>0</tpm>
<tpa>2</tpa>
<ftm>0</ftm>
<fta>0</fta>
<oreb>0</oreb>
<dreb>3</dreb>
<reb>3</reb>
<ast>2</ast>
<stl>2</stl>
<blk>0</blk>
<to>2</to>
<pf>3</pf>
<pam>-5</pam>
<pts>14</pts>
<dnp>false</dnp>
</player>
<player>
<name>Tiago Splitter</name>
<pos>C</pos>
<start>true</start>
<min>21</min>
<fgm>4</fgm>
<fga>7</fga>
<tpm>0</tpm>
<tpa>0</tpa>
<ftm>4</ftm>
<fta>5</fta>
<oreb>4</oreb>
<dreb>4</dreb>
<reb>8</reb>
<ast>1</ast>
<stl>0</stl>
<blk>1</blk>
<to>0</to>
<pf>1</pf>
<pam>-4</pam>
<pts>12</pts>
<dnp>false</dnp>
</player>
<player>
<name>Tony Parker</name>
<pos>PG</pos>
<start>true</start>
<min>34</min>
<fgm>9</fgm>
<fga>13</fga>
<tpm>0</tpm>
<tpa>1</tpa>
<ftm>6</ftm>
<fta>6</fta>
<oreb>0</oreb>
<dreb>4</dreb>
<reb>4</reb>
<ast>6</ast>
<stl>2</stl>
<blk>1</blk>
<to>5</to>
<pf>2</pf>
<pam>-1</pam>
<pts>24</pts>
<dnp>false</dnp>
</player>
<player>
<name>Danny Green</name>
<pos>SG</pos>
<start>true</start>
<min>24</min>
<fgm>2</fgm>
<fga>7</fga>
<tpm>0</tpm>
<tpa>3</tpa>
<ftm>0</ftm>
<fta>0</fta>
<oreb>0</oreb>
<dreb>3</dreb>
<reb>3</reb>
<ast>1</ast>
<stl>1</stl>
<blk>1</blk>
<to>1</to>
<pf>2</pf>
<pam>+7</pam>
<pts>4</pts>
<dnp>false</dnp>
</player>
<player>
<name>Matt Bonner</name>
<pos>PF</pos>
<start>false</start>
<min>8</min>
<fgm>1</fgm>
<fga>1</fga>
<tpm>1</tpm>
<tpa>1</tpa>
<ftm>0</ftm>
<fta>0</fta>
<oreb>0</oreb>
<dreb>0</dreb>
<reb>0</reb>
<ast>0</ast>
<stl>0</stl>
<blk>1</blk>
<to>1</to>
<pf>3</pf>
<pam>-2</pam>
<pts>3</pts>
<dnp>false</dnp>
</player>
<player>
<name>Boris Diaw</name>
<pos>PF</pos>
<start>false</start>
<min>26</min>
<fgm>4</fgm>
<fga>10</fga>
<tpm>1</tpm>
<tpa>3</tpa>
<ftm>0</ftm>
<fta>0</fta>
<oreb>2</oreb>
<dreb>6</dreb>
<reb>8</reb>
<ast>1</ast>
<stl>1</stl>
<blk>1</blk>
<to>0</to>
<pf>1</pf>
<pam>+20</pam>
<pts>9</pts>
<dnp>false</dnp>
</player>
<player>
<name>Jeff Ayres</name>
<pos>C</pos>
<start>false</start>
<min>6</min>
<fgm>0</fgm>
<fga>0</fga>
<tpm>0</tpm>
<tpa>0</tpa>
<ftm>1</ftm>
<fta>2</fta>
<oreb>0</oreb>
<dreb>2</dreb>
<reb>2</reb>
<ast>0</ast>
<stl>1</stl>
<blk>0</blk>
<to>0</to>
<pf>0</pf>
<pam>+4</pam>
<pts>1</pts>
<dnp>false</dnp>
</player>
<player>
<name>Patty Mills</name>
<pos>PG</pos>
<start>false</start>
<min>14</min>
<fgm>3</fgm>
<fga>5</fga>
<tpm>2</tpm>
<tpa>2</tpa>
<ftm>0</ftm>
<fta>0</fta>
<oreb>0</oreb>
<dreb>0</dreb>
<reb>0</reb>
<ast>2</ast>
<stl>3</stl>
<blk>0</blk>
<to>1</to>
<pf>4</pf>
<pam>+9</pam>
<pts>8</pts>
<dnp>false</dnp>
</player>
<player>
<name>Manu Ginobili</name>
<pos>SG</pos>
<start>false</start>
<min>27</min>
<fgm>1</fgm>
<fga>9</fga>
<tpm>0</tpm>
<tpa>4</tpa>
<ftm>4</ftm>
<fta>4</fta>
<oreb>0</oreb>
<dreb>3</dreb>
<reb>3</reb>
<ast>5</ast>
<stl>3</stl>
<blk>0</blk>
<to>1</to>
<pf>1</pf>
<pam>+15</pam>
<pts>6</pts>
<dnp>false</dnp>
</player>
<player>
<name>Marco Belinelli</name>
<pos>SG</pos>
<start>false</start>
<min>11</min>
<fgm>2</fgm>
<fga>5</fga>
<tpm>0</tpm>
<tpa>0</tpa>
<ftm>0</ftm>
<fta>0</fta>
<oreb>0</oreb>
<dreb>0</dreb>
<reb>0</reb>
<ast>1</ast>
<stl>1</stl>
<blk>0</blk>
<to>1</to>
<pf>1</pf>
<pam>-2</pam>
<pts>4</pts>
<dnp>false</dnp>
</player>
<player>
<name>Aron Baynes</name>
<pos>PF</pos>
<start>false</start>
<min>0</min>
<fgm>0</fgm>
<fga>0</fga>
<tpm>0</tpm>
<tpa>0</tpa>
<ftm>0</ftm>
<fta>0</fta>
<oreb>0</oreb>
<dreb>0</dreb>
<reb>0</reb>
<ast>0</ast>
<stl>0</stl>
<blk>0</blk>
<to>0</to>
<pf>0</pf>
<pam>0</pam>
<pts>0</pts>
<dnp>true</dnp>
</player>
<home>false</home>
<win>true</win>
<fgm>40</fgm>
<fga>86</fga>
<tpm>4</tpm>
<tpa>16</tpa>
<ftm>18</ftm>
<fta>20</fta>
<oreb>8</oreb>
<dreb>31</dreb>
<reb>39</reb>
<ast>27</ast>
<stl>14</stl>
<blk>9</blk>
<to>16</to>
<pf>22</pf>
<pts>102</pts>
</team>
<team>
<name>Denver Nuggets</name>
<player>
<name>Kenneth Faried</name>
<pos>PF</pos>
<start>true</start>
<min>28</min>
<fgm>7</fgm>
<fga>14</fga>
<tpm>0</tpm>
<tpa>0</tpa>
<ftm>1</ftm>
<fta>2</fta>
<oreb>2</oreb>
<dreb>6</dreb>
<reb>8</reb>
<ast>2</ast>
<stl>1</stl>
<blk>0</blk>
<to>0</to>
<pf>1</pf>
<pam>+1</pam>
<pts>15</pts>
<dnp>false</dnp>
</player>
<player>
<name>Jordan Hamilton</name>
<pos>SF</pos>
<start>true</start>
<min>23</min>
<fgm>4</fgm>
<fga>6</fga>
<tpm>3</tpm>
<tpa>3</tpa>
<ftm>0</ftm>
<fta>0</fta>
<oreb>0</oreb>
<dreb>4</dreb>
<reb>4</reb>
<ast>1</ast>
<stl>0</stl>
<blk>0</blk>
<to>2</to>
<pf>1</pf>
<pam>-6</pam>
<pts>11</pts>
<dnp>false</dnp>
</player>
<player>
<name>JaVale McGee</name>
<pos>C</pos>
<start>true</start>
<min>21</min>
<fgm>4</fgm>
<fga>10</fga>
<tpm>0</tpm>
<tpa>0</tpa>
<ftm>1</ftm>
<fta>1</fta>
<oreb>4</oreb>
<dreb>3</dreb>
<reb>7</reb>
<ast>0</ast>
<stl>0</stl>
<blk>2</blk>
<to>5</to>
<pf>5</pf>
<pam>+1</pam>
<pts>9</pts>
<dnp>false</dnp>
</player>
<player>
<name>Ty Lawson</name>
<pos>PG</pos>
<start>true</start>
<min>37</min>
<fgm>6</fgm>
<fga>18</fga>
<tpm>1</tpm>
<tpa>5</tpa>
<ftm>7</ftm>
<fta>9</fta>
<oreb>0</oreb>
<dreb>2</dreb>
<reb>2</reb>
<ast>8</ast>
<stl>1</stl>
<blk>0</blk>
<to>2</to>
<pf>1</pf>
<pam>-6</pam>
<pts>20</pts>
<dnp>false</dnp>
</player>
<player>
<name>Randy Foye</name>
<pos>SG</pos>
<start>true</start>
<min>28</min>
<fgm>4</fgm>
<fga>9</fga>
<tpm>3</tpm>
<tpa>6</tpa>
<ftm>0</ftm>
<fta>0</fta>
<oreb>0</oreb>
<dreb>1</dreb>
<reb>1</reb>
<ast>3</ast>
<stl>2</stl>
<blk>0</blk>
<to>1</to>
<pf>4</pf>
<pam>+5</pam>
<pts>11</pts>
<dnp>false</dnp>
</player>
<player>
<name>Darrell Arthur</name>
<pos>PF</pos>
<start>false</start>
<min>8</min>
<fgm>0</fgm>
<fga>0</fga>
<tpm>0</tpm>
<tpa>0</tpa>
<ftm>2</ftm>
<fta>2</fta>
<oreb>0</oreb>
<dreb>2</dreb>
<reb>2</reb>
<ast>0</ast>
<stl>0</stl>
<blk>0</blk>
<to>0</to>
<pf>0</pf>
<pam>-9</pam>
<pts>2</pts>
<dnp>false</dnp>
</player>
<player>
<name>Timofey Mozgov</name>
<pos>C</pos>
<start>false</start>
<min>21</min>
<fgm>4</fgm>
<fga>6</fga>
<tpm>0</tpm>
<tpa>0</tpa>
<ftm>3</ftm>
<fta>4</fta>
<oreb>1</oreb>
<dreb>4</dreb>
<reb>5</reb>
<ast>2</ast>
<stl>0</stl>
<blk>1</blk>
<to>4</to>
<pf>6</pf>
<pam>-4</pam>
<pts>11</pts>
<dnp>false</dnp>
</player>
<player>
<name>J.J. Hickson</name>
<pos>C</pos>
<start>false</start>
<min>17</min>
<fgm>2</fgm>
<fga>5</fga>
<tpm>0</tpm>
<tpa>0</tpa>
<ftm>0</ftm>
<fta>0</fta>
<oreb>2</oreb>
<dreb>5</dreb>
<reb>7</reb>
<ast>0</ast>
<stl>0</stl>
<blk>1</blk>
<to>4</to>
<pf>1</pf>
<pam>-8</pam>
<pts>4</pts>
<dnp>false</dnp>
</player>
<player>
<name>Andre Miller</name>
<pos>PG</pos>
<start>false</start>
<min>29</min>
<fgm>2</fgm>
<fga>6</fga>
<tpm>2</tpm>
<tpa>2</tpa>
<ftm>0</ftm>
<fta>0</fta>
<oreb>0</oreb>
<dreb>5</dreb>
<reb>5</reb>
<ast>1</ast>
<stl>0</stl>
<blk>0</blk>
<to>0</to>
<pf>0</pf>
<pam>-12</pam>
<pts>6</pts>
<dnp>false</dnp>
</player>
<player>
<name>Nate Robinson</name>
<pos>PG</pos>
<start>false</start>
<min>19</min>
<fgm>2</fgm>
<fga>9</fga>
<tpm>0</tpm>
<tpa>3</tpa>
<ftm>1</ftm>
<fta>2</fta>
<oreb>0</oreb>
<dreb>2</dreb>
<reb>2</reb>
<ast>4</ast>
<stl>0</stl>
<blk>0</blk>
<to>3</to>
<pf>1</pf>
<pam>-1</pam>
<pts>5</pts>
<dnp>false</dnp>
</player>
<player>
<name>Evan Fournier</name>
<pos>SG</pos>
<start>false</start>
<min>9</min>
<fgm>0</fgm>
<fga>0</fga>
<tpm>0</tpm>
<tpa>0</tpa>
<ftm>0</ftm>
<fta>0</fta>
<oreb>1</oreb>
<dreb>1</dreb>
<reb>2</reb>
<ast>1</ast>
<stl>0</stl>
<blk>0</blk>
<to>1</to>
<pf>3</pf>
<pam>-1</pam>
<pts>0</pts>
<dnp>false</dnp>
</player>
<player>
<name>Anthony Randolph</name>
<pos>PF</pos>
<start>false</start>
<min>0</min>
<fgm>0</fgm>
<fga>0</fga>
<tpm>0</tpm>
<tpa>0</tpa>
<ftm>0</ftm>
<fta>0</fta>
<oreb>0</oreb>
<dreb>0</dreb>
<reb>0</reb>
<ast>0</ast>
<stl>0</stl>
<blk>0</blk>
<to>0</to>
<pf>0</pf>
<pam>0</pam>
<pts>0</pts>
<dnp>true</dnp>
</player>
<home>true</home>
<win>false</win>
<fgm>35</fgm>
<fga>83</fga>
<tpm>9</tpm>
<tpa>19</tpa>
<ftm>15</ftm>
<fta>20</fta>
<oreb>10</oreb>
<dreb>35</dreb>
<reb>45</reb>
<ast>22</ast>
<stl>4</stl>
<blk>4</blk>
<to>22</to>
<pf>23</pf>
<pts>94</pts>
</team>
</game>