<game>
<id>400489249</id>
<date>8:00 PM ET, December 18, 2013</date>
<team>
<name>Portland Trail Blazers</name>
<player>
<name>LaMarcus Aldridge</name>
<pos>PF</pos>
<start>true</start>
<min>42</min>
<fgm>7</fgm>
<fga>22</fga>
<tpm>0</tpm>
<tpa>1</tpa>
<ftm>1</ftm>
<fta>1</fta>
<oreb>4</oreb>
<dreb>10</dreb>
<reb>14</reb>
<ast>3</ast>
<stl>1</stl>
<blk>0</blk>
<to>0</to>
<pf>3</pf>
<pam>+2</pam>
<pts>15</pts>
<dnp>false</dnp>
</player>
<player>
<name>Nicolas Batum</name>
<pos>SF</pos>
<start>true</start>
<min>39</min>
<fgm>7</fgm>
<fga>15</fga>
<tpm>3</tpm>
<tpa>8</tpa>
<ftm>3</ftm>
<fta>3</fta>
<oreb>2</oreb>
<dreb>4</dreb>
<reb>6</reb>
<ast>3</ast>
<stl>0</stl>
<blk>2</blk>
<to>5</to>
<pf>4</pf>
<pam>+2</pam>
<pts>20</pts>
<dnp>false</dnp>
</player>
<player>
<name>Robin Lopez</name>
<pos>C</pos>
<start>true</start>
<min>25</min>
<fgm>0</fgm>
<fga>0</fga>
<tpm>0</tpm>
<tpa>0</tpa>
<ftm>2</ftm>
<fta>2</fta>
<oreb>1</oreb>
<dreb>4</dreb>
<reb>5</reb>
<ast>0</ast>
<stl>0</stl>
<blk>1</blk>
<to>0</to>
<pf>1</pf>
<pam>+12</pam>
<pts>2</pts>
<dnp>false</dnp>
</player>
<player>
<name>Damian Lillard</name>
<pos>PG</pos>
<start>true</start>
<min>41</min>
<fgm>13</fgm>
<fga>24</fga>
<tpm>7</tpm>
<tpa>14</tpa>
<ftm>3</ftm>
<fta>7</fta>
<oreb>1</oreb>
<dreb>5</dreb>
<reb>6</reb>
<ast>6</ast>
<stl>3</stl>
<blk>1</blk>
<to>3</to>
<pf>5</pf>
<pam>-9</pam>
<pts>36</pts>
<dnp>false</dnp>
</player>
<player>
<name>Wesley Matthews</name>
<pos>SG</pos>
<start>true</start>
<min>39</min>
<fgm>4</fgm>
<fga>13</fga>
<tpm>2</tpm>
<tpa>9</tpa>
<ftm>6</ftm>
<fta>6</fta>
<oreb>1</oreb>
<dreb>4</dreb>
<reb>5</reb>
<ast>1</ast>
<stl>0</stl>
<blk>0</blk>
<to>2</to>
<pf>3</pf>
<pam>+8</pam>
<pts>16</pts>
<dnp>false</dnp>
</player>
<player>
<name>Thomas Robinson</name>
<pos>PF</pos>
<start>false</start>
<min>4</min>
<fgm>1</fgm>
<fga>2</fga>
<tpm>0</tpm>
<tpa>0</tpa>
<ftm>0</ftm>
<fta>0</fta>
<oreb>0</oreb>
<dreb>1</dreb>
<reb>1</reb>
<ast>0</ast>
<stl>0</stl>
<blk>0</blk>
<to>0</to>
<pf>2</pf>
<pam>-14</pam>
<pts>2</pts>
<dnp>false</dnp>
</player>
<player>
<name>Dorell Wright</name>
<pos>SF</pos>
<start>false</start>
<min>10</min>
<fgm>2</fgm>
<fga>5</fga>
<tpm>1</tpm>
<tpa>3</tpa>
<ftm>0</ftm>
<fta>0</fta>
<oreb>0</oreb>
<dreb>3</dreb>
<reb>3</reb>
<ast>0</ast>
<stl>1</stl>
<blk>0</blk>
<to>0</to>
<pf>0</pf>
<pam>-15</pam>
<pts>5</pts>
<dnp>false</dnp>
</player>
<player>
<name>Meyers Leonard</name>
<pos>C</pos>
<start>false</start>
<min>5</min>
<fgm>0</fgm>
<fga>0</fga>
<tpm>0</tpm>
<tpa>0</tpa>
<ftm>0</ftm>
<fta>0</fta>
<oreb>0</oreb>
<dreb>0</dreb>
<reb>0</reb>
<ast>0</ast>
<stl>0</stl>
<blk>0</blk>
<to>0</to>
<pf>1</pf>
<pam>+6</pam>
<pts>0</pts>
<dnp>false</dnp>
</player>
<player>
<name>Joel Freeland</name>
<pos>C</pos>
<start>false</start>
<min>15</min>
<fgm>2</fgm>
<fga>2</fga>
<tpm>0</tpm>
<tpa>0</tpa>
<ftm>0</ftm>
<fta>0</fta>
<oreb>0</oreb>
<dreb>3</dreb>
<reb>3</reb>
<ast>0</ast>
<stl>0</stl>
<blk>0</blk>
<to>2</to>
<pf>2</pf>
<pam>-25</pam>
<pts>4</pts>
<dnp>false</dnp>
</player>
<player>
<name>Mo Williams</name>
<pos>PG</pos>
<start>false</start>
<min>18</min>
<fgm>4</fgm>
<fga>11</fga>
<tpm>1</tpm>
<tpa>5</tpa>
<ftm>0</ftm>
<fta>0</fta>
<oreb>1</oreb>
<dreb>1</dreb>
<reb>2</reb>
<ast>6</ast>
<stl>0</stl>
<blk>0</blk>
<to>1</to>
<pf>6</pf>
<pam>-22</pam>
<pts>9</pts>
<dnp>false</dnp>
</player>
<player>
<name>Earl Watson</name>
<pos>PG</pos>
<start>false</start>
<min>0</min>
<fgm>0</fgm>
<fga>0</fga>
<tpm>0</tpm>
<tpa>0</tpa>
<ftm>0</ftm>
<fta>0</fta>
<oreb>0</oreb>
<dreb>0</dreb>
<reb>0</reb>
<ast>0</ast>
<stl>0</stl>
<blk>0</blk>
<to>0</to>
<pf>0</pf>
<pam>0</pam>
<pts>0</pts>
<dnp>true</dnp>
</player>
<player>
<name>Allen Crabbe</name>
<pos>SG</pos>
<start>false</start>
<min>0</min>
<fgm>0</fgm>
<fga>0</fga>
<tpm>0</tpm>
<tpa>0</tpa>
<ftm>0</ftm>
<fta>0</fta>
<oreb>0</oreb>
<dreb>0</dreb>
<reb>0</reb>
<ast>0</ast>
<stl>0</stl>
<blk>0</blk>
<to>0</to>
<pf>0</pf>
<pam>0</pam>
<pts>0</pts>
<dnp>true</dnp>
</player>
<home>false</home>
<win>false</win>
<fgm>40</fgm>
<fga>94</fga>
<tpm>14</tpm>
<tpa>40</tpa>
<ftm>15</ftm>
<fta>19</fta>
<oreb>10</oreb>
<dreb>35</dreb>
<reb>45</reb>
<ast>19</ast>
<stl>5</stl>
<blk>4</blk>
<to>13</to>
<pf>27</pf>
<pts>109</pts>
</team>
<team>
<name>Minnesota Timberwolves</name>
<player>
<name>Kevin Love</name>
<pos>PF</pos>
<start>true</start>
<min>41</min>
<fgm>10</fgm>
<fga>18</fga>
<tpm>4</tpm>
<tpa>7</tpa>
<ftm>5</ftm>
<fta>6</fta>
<oreb>2</oreb>
<dreb>13</dreb>
<reb>15</reb>
<ast>9</ast>
<stl>1</stl>
<blk>0</blk>
<to>4</to>
<pf>0</pf>
<pam>+5</pam>
<pts>29</pts>
<dnp>false</dnp>
</player>
<player>
<name>Corey Brewer</name>
<pos>SF</pos>
<start>true</start>
<min>33</min>
<fgm>2</fgm>
<fga>6</fga>
<tpm>0</tpm>
<tpa>2</tpa>
<ftm>2</ftm>
<fta>2</fta>
<oreb>0</oreb>
<dreb>2</dreb>
<reb>2</reb>
<ast>1</ast>
<stl>1</stl>
<blk>0</blk>
<to>0</to>
<pf>2</pf>
<pam>-11</pam>
<pts>6</pts>
<dnp>false</dnp>
</player>
<player>
<name>Nikola Pekovic</name>
<pos>C</pos>
<start>true</start>
<min>29</min>
<fgm>14</fgm>
<fga>19</fga>
<tpm>0</tpm>
<tpa>0</tpa>
<ftm>2</ftm>
<fta>3</fta>
<oreb>5</oreb>
<dreb>4</dreb>
<reb>9</reb>
<ast>1</ast>
<stl>0</stl>
<blk>0</blk>
<to>1</to>
<pf>4</pf>
<pam>-7</pam>
<pts>30</pts>
<dnp>false</dnp>
</player>
<player>
<name>Ricky Rubio</name>
<pos>PG</pos>
<start>true</start>
<min>32</min>
<fgm>2</fgm>
<fga>11</fga>
<tpm>0</tpm>
<tpa>2</tpa>
<ftm>5</ftm>
<fta>6</fta>
<oreb>0</oreb>
<dreb>5</dreb>
<reb>5</reb>
<ast>7</ast>
<stl>2</stl>
<blk>0</blk>
<to>2</to>
<pf>4</pf>
<pam>-2</pam>
<pts>9</pts>
<dnp>false</dnp>
</player>
<player>
<name>Kevin Martin</name>
<pos>SG</pos>
<start>true</start>
<min>37</min>
<fgm>8</fgm>
<fga>15</fga>
<tpm>1</tpm>
<tpa>4</tpa>
<ftm>5</ftm>
<fta>5</fta>
<oreb>1</oreb>
<dreb>4</dreb>
<reb>5</reb>
<ast>0</ast>
<stl>1</stl>
<blk>0</blk>
<to>3</to>
<pf>2</pf>
<pam>-9</pam>
<pts>22</pts>
<dnp>false</dnp>
</player>
<player>
<name>Dante Cunningham</name>
<pos>PF</pos>
<start>false</start>
<min>26</min>
<fgm>2</fgm>
<fga>8</fga>
<tpm>0</tpm>
<tpa>0</tpa>
<ftm>0</ftm>
<fta>0</fta>
<oreb>2</oreb>
<dreb>5</dreb>
<reb>7</reb>
<ast>1</ast>
<stl>2</stl>
<blk>1</blk>
<to>0</to>
<pf>3</pf>
<pam>+24</pam>
<pts>4</pts>
<dnp>false</dnp>
</player>
<player>
<name>Luc Richard Mbah a Moute</name>
<pos>PF</pos>
<start>false</start>
<min>14</min>
<fgm>2</fgm>
<fga>2</fga>
<tpm>0</tpm>
<tpa>0</tpa>
<ftm>2</ftm>
<fta>2</fta>
<oreb>1</oreb>
<dreb>4</dreb>
<reb>5</reb>
<ast>0</ast>
<stl>0</stl>
<blk>0</blk>
<to>0</to>
<pf>0</pf>
<pam>+23</pam>
<pts>6</pts>
<dnp>false</dnp>
</player>
<player>
<name>Alexey Shved</name>
<pos>PG</pos>
<start>false</start>
<min>6</min>
<fgm>2</fgm>
<fga>3</fga>
<tpm>0</tpm>
<tpa>0</tpa>
<ftm>0</ftm>
<fta>0</fta>
<oreb>1</oreb>
<dreb>1</dreb>
<reb>2</reb>
<ast>3</ast>
<stl>1</stl>
<blk>0</blk>
<to>0</to>
<pf>1</pf>
<pam>+11</pam>
<pts>4</pts>
<dnp>false</dnp>
</player>
<player>
<name>J.J. Barea</name>
<pos>PG</pos>
<start>false</start>
<min>22</min>
<fgm>4</fgm>
<fga>11</fga>
<tpm>2</tpm>
<tpa>4</tpa>
<ftm>0</ftm>
<fta>2</fta>
<oreb>0</oreb>
<dreb>3</dreb>
<reb>3</reb>
<ast>5</ast>
<stl>0</stl>
<blk>0</blk>
<to>0</to>
<pf>3</pf>
<pam>+21</pam>
<pts>10</pts>
<dnp>false</dnp>
</player>
<player>
<name>Robbie Hummel</name>
<pos>SF</pos>
<start>false</start>
<min>0</min>
<fgm>0</fgm>
<fga>0</fga>
<tpm>0</tpm>
<tpa>0</tpa>
<ftm>0</ftm>
<fta>0</fta>
<oreb>0</oreb>
<dreb>0</dreb>
<reb>0</reb>
<ast>0</ast>
<stl>0</stl>
<blk>0</blk>
<to>0</to>
<pf>0</pf>
<pam>0</pam>
<pts>0</pts>
<dnp>true</dnp>
</player>
<player>
<name>Shabazz Muhammad</name>
<pos>SF</pos>
<start>false</start>
<min>0</min>
<fgm>0</fgm>
<fga>0</fga>
<tpm>0</tpm>
<tpa>0</tpa>
<ftm>0</ftm>
<fta>0</fta>
<oreb>0</oreb>
<dreb>0</dreb>
<reb>0</reb>
<ast>0</ast>
<stl>0</stl>
<blk>0</blk>
<to>0</to>
<pf>0</pf>
<pam>0</pam>
<pts>0</pts>
<dnp>true</dnp>
</player>
<player>
<name>Gorgui Dieng</name>
<pos>C</pos>
<start>false</start>
<min>0</min>
<fgm>0</fgm>
<fga>0</fga>
<tpm>0</tpm>
<tpa>0</tpa>
<ftm>0</ftm>
<fta>0</fta>
<oreb>0</oreb>
<dreb>0</dreb>
<reb>0</reb>
<ast>0</ast>
<stl>0</stl>
<blk>0</blk>
<to>0</to>
<pf>0</pf>
<pam>0</pam>
<pts>0</pts>
<dnp>true</dnp>
</player>
<home>true</home>
<win>true</win>
<fgm>46</fgm>
<fga>93</fga>
<tpm>7</tpm>
<tpa>19</tpa>
<ftm>21</ftm>
<fta>26</fta>
<oreb>12</oreb>
<dreb>41</dreb>
<reb>53</reb>
<ast>27</ast>
<stl>8</stl>
<blk>1</blk>
<to>10</to>
<pf>19</pf>
<pts>120</pts>
</team>
</game>