<game>
<id>400489356</id>
<date>7:30 PM ET, January 3, 2014</date>
<team>
<name>Golden State Warriors</name>
<player>
<name>David Lee</name>
<pos>PF</pos>
<start>true</start>
<min>39</min>
<fgm>9</fgm>
<fga>16</fga>
<tpm>0</tpm>
<tpa>0</tpa>
<ftm>5</ftm>
<fta>7</fta>
<oreb>3</oreb>
<dreb>5</dreb>
<reb>8</reb>
<ast>3</ast>
<stl>2</stl>
<blk>0</blk>
<to>2</to>
<pf>1</pf>
<pam>+11</pam>
<pts>23</pts>
<dnp>false</dnp>
</player>
<player>
<name>Andre Iguodala</name>
<pos>SF</pos>
<start>true</start>
<min>27</min>
<fgm>3</fgm>
<fga>5</fga>
<tpm>1</tpm>
<tpa>3</tpa>
<ftm>0</ftm>
<fta>0</fta>
<oreb>1</oreb>
<dreb>2</dreb>
<reb>3</reb>
<ast>5</ast>
<stl>1</stl>
<blk>0</blk>
<to>0</to>
<pf>0</pf>
<pam>+14</pam>
<pts>7</pts>
<dnp>false</dnp>
</player>
<player>
<name>Andrew Bogut</name>
<pos>C</pos>
<start>true</start>
<min>18</min>
<fgm>3</fgm>
<fga>5</fga>
<tpm>0</tpm>
<tpa>0</tpa>
<ftm>0</ftm>
<fta>0</fta>
<oreb>3</oreb>
<dreb>6</dreb>
<reb>9</reb>
<ast>3</ast>
<stl>1</stl>
<blk>3</blk>
<to>2</to>
<pf>2</pf>
<pam>+3</pam>
<pts>6</pts>
<dnp>false</dnp>
</player>
<player>
<name>Stephen Curry</name>
<pos>PG</pos>
<start>true</start>
<min>35</min>
<fgm>7</fgm>
<fga>15</fga>
<tpm>1</tpm>
<tpa>7</tpa>
<ftm>7</ftm>
<fta>8</fta>
<oreb>0</oreb>
<dreb>8</dreb>
<reb>8</reb>
<ast>9</ast>
<stl>5</stl>
<blk>0</blk>
<to>9</to>
<pf>5</pf>
<pam>+12</pam>
<pts>22</pts>
<dnp>false</dnp>
</player>
<player>
<name>Klay Thompson</name>
<pos>SG</pos>
<start>true</start>
<min>40</min>
<fgm>8</fgm>
<fga>17</fga>
<tpm>3</tpm>
<tpa>7</tpa>
<ftm>2</ftm>
<fta>2</fta>
<oreb>1</oreb>
<dreb>4</dreb>
<reb>5</reb>
<ast>6</ast>
<stl>0</stl>
<blk>1</blk>
<to>3</to>
<pf>1</pf>
<pam>+12</pam>
<pts>21</pts>
<dnp>false</dnp>
</player>
<player>
<name>Marreese Speights</name>
<pos>PF</pos>
<start>false</start>
<min>12</min>
<fgm>2</fgm>
<fga>4</fga>
<tpm>0</tpm>
<tpa>1</tpa>
<ftm>1</ftm>
<fta>1</fta>
<oreb>2</oreb>
<dreb>3</dreb>
<reb>5</reb>
<ast>0</ast>
<stl>0</stl>
<blk>0</blk>
<to>2</to>
<pf>0</pf>
<pam>-8</pam>
<pts>5</pts>
<dnp>false</dnp>
</player>
<player>
<name>Harrison Barnes</name>
<pos>SF</pos>
<start>false</start>
<min>29</min>
<fgm>4</fgm>
<fga>12</fga>
<tpm>1</tpm>
<tpa>2</tpa>
<ftm>0</ftm>
<fta>1</fta>
<oreb>3</oreb>
<dreb>2</dreb>
<reb>5</reb>
<ast>2</ast>
<stl>3</stl>
<blk>0</blk>
<to>0</to>
<pf>4</pf>
<pam>-2</pam>
<pts>9</pts>
<dnp>false</dnp>
</player>
<player>
<name>Draymond Green</name>
<pos>SF</pos>
<start>false</start>
<min>18</min>
<fgm>0</fgm>
<fga>3</fga>
<tpm>0</tpm>
<tpa>2</tpa>
<ftm>0</ftm>
<fta>2</fta>
<oreb>0</oreb>
<dreb>2</dreb>
<reb>2</reb>
<ast>1</ast>
<stl>2</stl>
<blk>2</blk>
<to>2</to>
<pf>4</pf>
<pam>-17</pam>
<pts>0</pts>
<dnp>false</dnp>
</player>
<player>
<name>Toney Douglas</name>
<pos>PG</pos>
<start>false</start>
<min>9</min>
<fgm>2</fgm>
<fga>5</fga>
<tpm>0</tpm>
<tpa>2</tpa>
<ftm>0</ftm>
<fta>0</fta>
<oreb>0</oreb>
<dreb>0</dreb>
<reb>0</reb>
<ast>0</ast>
<stl>0</stl>
<blk>0</blk>
<to>0</to>
<pf>0</pf>
<pam>-11</pam>
<pts>4</pts>
<dnp>false</dnp>
</player>
<player>
<name>Kent Bazemore</name>
<pos>SG</pos>
<start>false</start>
<min>15</min>
<fgm>1</fgm>
<fga>5</fga>
<tpm>0</tpm>
<tpa>3</tpa>
<ftm>2</ftm>
<fta>4</fta>
<oreb>0</oreb>
<dreb>2</dreb>
<reb>2</reb>
<ast>1</ast>
<stl>1</stl>
<blk>1</blk>
<to>1</to>
<pf>0</pf>
<pam>-9</pam>
<pts>4</pts>
<dnp>false</dnp>
</player>
<player>
<name>Jermaine O'Neal</name>
<pos>C</pos>
<start>false</start>
<min>0</min>
<fgm>0</fgm>
<fga>0</fga>
<tpm>0</tpm>
<tpa>0</tpa>
<ftm>0</ftm>
<fta>0</fta>
<oreb>0</oreb>
<dreb>0</dreb>
<reb>0</reb>
<ast>0</ast>
<stl>0</stl>
<blk>0</blk>
<to>0</to>
<pf>0</pf>
<pam>0</pam>
<pts>0</pts>
<dnp>true</dnp>
</player>
<home>false</home>
<win>true</win>
<fgm>39</fgm>
<fga>87</fga>
<tpm>6</tpm>
<tpa>27</tpa>
<ftm>17</ftm>
<fta>25</fta>
<oreb>13</oreb>
<dreb>34</dreb>
<reb>47</reb>
<ast>30</ast>
<stl>15</stl>
<blk>7</blk>
<to>21</to>
<pf>17</pf>
<pts>101</pts>
</team>
<team>
<name>Atlanta Hawks</name>
<player>
<name>Paul Millsap</name>
<pos>PF</pos>
<start>true</start>
<min>34</min>
<fgm>3</fgm>
<fga>14</fga>
<tpm>0</tpm>
<tpa>3</tpa>
<ftm>6</ftm>
<fta>6</fta>
<oreb>3</oreb>
<dreb>8</dreb>
<reb>11</reb>
<ast>2</ast>
<stl>2</stl>
<blk>2</blk>
<to>4</to>
<pf>2</pf>
<pam>-6</pam>
<pts>12</pts>
<dnp>false</dnp>
</player>
<player>
<name>DeMarre Carroll</name>
<pos>SF</pos>
<start>true</start>
<min>32</min>
<fgm>5</fgm>
<fga>8</fga>
<tpm>1</tpm>
<tpa>3</tpa>
<ftm>1</ftm>
<fta>2</fta>
<oreb>1</oreb>
<dreb>6</dreb>
<reb>7</reb>
<ast>1</ast>
<stl>4</stl>
<blk>0</blk>
<to>0</to>
<pf>3</pf>
<pam>-1</pam>
<pts>12</pts>
<dnp>false</dnp>
</player>
<player>
<name>Pero Antic</name>
<pos>C</pos>
<start>true</start>
<min>27</min>
<fgm>6</fgm>
<fga>9</fga>
<tpm>4</tpm>
<tpa>6</tpa>
<ftm>0</ftm>
<fta>0</fta>
<oreb>1</oreb>
<dreb>6</dreb>
<reb>7</reb>
<ast>0</ast>
<stl>1</stl>
<blk>0</blk>
<to>1</to>
<pf>4</pf>
<pam>-2</pam>
<pts>16</pts>
<dnp>false</dnp>
</player>
<player>
<name>Jeff Teague</name>
<pos>PG</pos>
<start>true</start>
<min>31</min>
<fgm>5</fgm>
<fga>13</fga>
<tpm>0</tpm>
<tpa>2</tpa>
<ftm>4</ftm>
<fta>5</fta>
<oreb>0</oreb>
<dreb>3</dreb>
<reb>3</reb>
<ast>7</ast>
<stl>2</stl>
<blk>0</blk>
<to>5</to>
<pf>4</pf>
<pam>-10</pam>
<pts>14</pts>
<dnp>false</dnp>
</player>
<player>
<name>Kyle Korver</name>
<pos>SG</pos>
<start>true</start>
<min>32</min>
<fgm>2</fgm>
<fga>7</fga>
<tpm>1</tpm>
<tpa>5</tpa>
<ftm>0</ftm>
<fta>0</fta>
<oreb>0</oreb>
<dreb>3</dreb>
<reb>3</reb>
<ast>4</ast>
<stl>1</stl>
<blk>1</blk>
<to>0</to>
<pf>1</pf>
<pam>-8</pam>
<pts>5</pts>
<dnp>false</dnp>
</player>
<player>
<name>Elton Brand</name>
<pos>PF</pos>
<start>false</start>
<min>18</min>
<fgm>3</fgm>
<fga>5</fga>
<tpm>0</tpm>
<tpa>0</tpa>
<ftm>0</ftm>
<fta>0</fta>
<oreb>1</oreb>
<dreb>2</dreb>
<reb>3</reb>
<ast>0</ast>
<stl>0</stl>
<blk>1</blk>
<to>2</to>
<pf>0</pf>
<pam>+11</pam>
<pts>6</pts>
<dnp>false</dnp>
</player>
<player>
<name>Mike Scott</name>
<pos>PF</pos>
<start>false</start>
<min>18</min>
<fgm>4</fgm>
<fga>7</fga>
<tpm>1</tpm>
<tpa>3</tpa>
<ftm>3</ftm>
<fta>4</fta>
<oreb>1</oreb>
<dreb>2</dreb>
<reb>3</reb>
<ast>1</ast>
<stl>1</stl>
<blk>0</blk>
<to>2</to>
<pf>2</pf>
<pam>-4</pam>
<pts>12</pts>
<dnp>false</dnp>
</player>
<player>
<name>Shelvin Mack</name>
<pos>PG</pos>
<start>false</start>
<min>26</min>
<fgm>6</fgm>
<fga>8</fga>
<tpm>1</tpm>
<tpa>3</tpa>
<ftm>2</ftm>
<fta>2</fta>
<oreb>0</oreb>
<dreb>0</dreb>
<reb>0</reb>
<ast>4</ast>
<stl>3</stl>
<blk>0</blk>
<to>2</to>
<pf>2</pf>
<pam>+3</pam>
<pts>15</pts>
<dnp>false</dnp>
</player>
<player>
<name>Louis Williams</name>
<pos>SG</pos>
<start>false</start>
<min>22</min>
<fgm>3</fgm>
<fga>9</fga>
<tpm>2</tpm>
<tpa>6</tpa>
<ftm>0</ftm>
<fta>0</fta>
<oreb>0</oreb>
<dreb>4</dreb>
<reb>4</reb>
<ast>4</ast>
<stl>1</stl>
<blk>0</blk>
<to>3</to>
<pf>1</pf>
<pam>+12</pam>
<pts>8</pts>
<dnp>false</dnp>
</player>
<player>
<name>Gustavo Ayon</name>
<pos>PF</pos>
<start>false</start>
<min>0</min>
<fgm>0</fgm>
<fga>0</fga>
<tpm>0</tpm>
<tpa>0</tpa>
<ftm>0</ftm>
<fta>0</fta>
<oreb>0</oreb>
<dreb>0</dreb>
<reb>0</reb>
<ast>0</ast>
<stl>0</stl>
<blk>0</blk>
<to>0</to>
<pf>0</pf>
<pam>0</pam>
<pts>0</pts>
<dnp>true</dnp>
</player>
<player>
<name>Cartier Martin</name>
<pos>PF</pos>
<start>false</start>
<min>0</min>
<fgm>0</fgm>
<fga>0</fga>
<tpm>0</tpm>
<tpa>0</tpa>
<ftm>0</ftm>
<fta>0</fta>
<oreb>0</oreb>
<dreb>0</dreb>
<reb>0</reb>
<ast>0</ast>
<stl>0</stl>
<blk>0</blk>
<to>0</to>
<pf>0</pf>
<pam>0</pam>
<pts>0</pts>
<dnp>true</dnp>
</player>
<home>true</home>
<win>false</win>
<fgm>37</fgm>
<fga>80</fga>
<tpm>10</tpm>
<tpa>31</tpa>
<ftm>16</ftm>
<fta>19</fta>
<oreb>7</oreb>
<dreb>34</dreb>
<reb>41</reb>
<ast>23</ast>
<stl>15</stl>
<blk>4</blk>
<to>19</to>
<pf>19</pf>
<pts>100</pts>
</team>
</game>