<game>
<id>400488905</id>
<date>10:30 PM ET, November 1, 2013</date>
<team>
<name>San Antonio Spurs</name>
<player>
<name>Boris Diaw</name>
<pos>PF</pos>
<start>true</start>
<min>22</min>
<fgm>5</fgm>
<fga>11</fga>
<tpm>1</tpm>
<tpa>3</tpa>
<ftm>3</ftm>
<fta>5</fta>
<oreb>1</oreb>
<dreb>0</dreb>
<reb>1</reb>
<ast>1</ast>
<stl>1</stl>
<blk>0</blk>
<to>3</to>
<pf>1</pf>
<pam>-4</pam>
<pts>14</pts>
<dnp>false</dnp>
</player>
<player>
<name>Kawhi Leonard</name>
<pos>SF</pos>
<start>true</start>
<min>32</min>
<fgm>6</fgm>
<fga>15</fga>
<tpm>0</tpm>
<tpa>4</tpa>
<ftm>3</ftm>
<fta>3</fta>
<oreb>2</oreb>
<dreb>9</dreb>
<reb>11</reb>
<ast>0</ast>
<stl>1</stl>
<blk>0</blk>
<to>0</to>
<pf>3</pf>
<pam>+11</pam>
<pts>15</pts>
<dnp>false</dnp>
</player>
<player>
<name>Tiago Splitter</name>
<pos>C</pos>
<start>true</start>
<min>32</min>
<fgm>4</fgm>
<fga>10</fga>
<tpm>0</tpm>
<tpa>0</tpa>
<ftm>1</ftm>
<fta>3</fta>
<oreb>7</oreb>
<dreb>7</dreb>
<reb>14</reb>
<ast>3</ast>
<stl>1</stl>
<blk>0</blk>
<to>1</to>
<pf>5</pf>
<pam>+16</pam>
<pts>9</pts>
<dnp>false</dnp>
</player>
<player>
<name>Tony Parker</name>
<pos>PG</pos>
<start>true</start>
<min>36</min>
<fgm>12</fgm>
<fga>18</fga>
<tpm>0</tpm>
<tpa>1</tpa>
<ftm>0</ftm>
<fta>0</fta>
<oreb>0</oreb>
<dreb>4</dreb>
<reb>4</reb>
<ast>6</ast>
<stl>0</stl>
<blk>0</blk>
<to>1</to>
<pf>1</pf>
<pam>+14</pam>
<pts>24</pts>
<dnp>false</dnp>
</player>
<player>
<name>Danny Green</name>
<pos>SG</pos>
<start>true</start>
<min>21</min>
<fgm>1</fgm>
<fga>6</fga>
<tpm>1</tpm>
<tpa>2</tpa>
<ftm>0</ftm>
<fta>0</fta>
<oreb>0</oreb>
<dreb>2</dreb>
<reb>2</reb>
<ast>1</ast>
<stl>2</stl>
<blk>0</blk>
<to>0</to>
<pf>1</pf>
<pam>+1</pam>
<pts>3</pts>
<dnp>false</dnp>
</player>
<player>
<name>Aron Baynes</name>
<pos>PF</pos>
<start>false</start>
<min>12</min>
<fgm>0</fgm>
<fga>4</fga>
<tpm>0</tpm>
<tpa>0</tpa>
<ftm>0</ftm>
<fta>0</fta>
<oreb>1</oreb>
<dreb>2</dreb>
<reb>3</reb>
<ast>1</ast>
<stl>0</stl>
<blk>0</blk>
<to>2</to>
<pf>2</pf>
<pam>-11</pam>
<pts>0</pts>
<dnp>false</dnp>
</player>
<player>
<name>Matt Bonner</name>
<pos>PF</pos>
<start>false</start>
<min>16</min>
<fgm>0</fgm>
<fga>2</fga>
<tpm>0</tpm>
<tpa>2</tpa>
<ftm>0</ftm>
<fta>0</fta>
<oreb>0</oreb>
<dreb>3</dreb>
<reb>3</reb>
<ast>1</ast>
<stl>0</stl>
<blk>0</blk>
<to>0</to>
<pf>0</pf>
<pam>-2</pam>
<pts>0</pts>
<dnp>false</dnp>
</player>
<player>
<name>Jeff Ayres</name>
<pos>C</pos>
<start>false</start>
<min>13</min>
<fgm>0</fgm>
<fga>3</fga>
<tpm>0</tpm>
<tpa>0</tpa>
<ftm>0</ftm>
<fta>0</fta>
<oreb>1</oreb>
<dreb>4</dreb>
<reb>5</reb>
<ast>1</ast>
<stl>0</stl>
<blk>0</blk>
<to>3</to>
<pf>3</pf>
<pam>+11</pam>
<pts>0</pts>
<dnp>false</dnp>
</player>
<player>
<name>Patty Mills</name>
<pos>PG</pos>
<start>false</start>
<min>12</min>
<fgm>2</fgm>
<fga>6</fga>
<tpm>0</tpm>
<tpa>0</tpa>
<ftm>0</ftm>
<fta>0</fta>
<oreb>0</oreb>
<dreb>1</dreb>
<reb>1</reb>
<ast>2</ast>
<stl>1</stl>
<blk>0</blk>
<to>1</to>
<pf>0</pf>
<pam>-8</pam>
<pts>4</pts>
<dnp>false</dnp>
</player>
<player>
<name>Cory Joseph</name>
<pos>PG</pos>
<start>false</start>
<min>0</min>
<fgm>0</fgm>
<fga>0</fga>
<tpm>0</tpm>
<tpa>0</tpa>
<ftm>0</ftm>
<fta>0</fta>
<oreb>0</oreb>
<dreb>0</dreb>
<reb>0</reb>
<ast>0</ast>
<stl>0</stl>
<blk>0</blk>
<to>0</to>
<pf>0</pf>
<pam>+2</pam>
<pts>0</pts>
<dnp>false</dnp>
</player>
<player>
<name>Manu Ginobili</name>
<pos>SG</pos>
<start>false</start>
<min>27</min>
<fgm>7</fgm>
<fga>14</fga>
<tpm>3</tpm>
<tpa>7</tpa>
<ftm>3</ftm>
<fta>3</fta>
<oreb>0</oreb>
<dreb>3</dreb>
<reb>3</reb>
<ast>3</ast>
<stl>1</stl>
<blk>0</blk>
<to>1</to>
<pf>2</pf>
<pam>+5</pam>
<pts>20</pts>
<dnp>false</dnp>
</player>
<player>
<name>Marco Belinelli</name>
<pos>SG</pos>
<start>false</start>
<min>16</min>
<fgm>1</fgm>
<fga>5</fga>
<tpm>0</tpm>
<tpa>2</tpa>
<ftm>0</ftm>
<fta>0</fta>
<oreb>0</oreb>
<dreb>3</dreb>
<reb>3</reb>
<ast>1</ast>
<stl>0</stl>
<blk>0</blk>
<to>0</to>
<pf>0</pf>
<pam>-5</pam>
<pts>2</pts>
<dnp>false</dnp>
</player>
<home>false</home>
<win>true</win>
<fgm>38</fgm>
<fga>94</fga>
<tpm>5</tpm>
<tpa>21</tpa>
<ftm>10</ftm>
<fta>14</fta>
<oreb>12</oreb>
<dreb>38</dreb>
<reb>50</reb>
<ast>20</ast>
<stl>7</stl>
<blk>0</blk>
<to>12</to>
<pf>18</pf>
<pts>91</pts>
</team>
<team>
<name>Los Angeles Lakers</name>
<player>
<name>Pau Gasol</name>
<pos>PF</pos>
<start>true</start>
<min>29</min>
<fgm>8</fgm>
<fga>17</fga>
<tpm>1</tpm>
<tpa>2</tpa>
<ftm>3</ftm>
<fta>4</fta>
<oreb>2</oreb>
<dreb>9</dreb>
<reb>11</reb>
<ast>1</ast>
<stl>0</stl>
<blk>2</blk>
<to>2</to>
<pf>1</pf>
<pam>-9</pam>
<pts>20</pts>
<dnp>false</dnp>
</player>
<player>
<name>Shawne Williams</name>
<pos>SF</pos>
<start>true</start>
<min>21</min>
<fgm>1</fgm>
<fga>4</fga>
<tpm>1</tpm>
<tpa>3</tpa>
<ftm>0</ftm>
<fta>0</fta>
<oreb>0</oreb>
<dreb>6</dreb>
<reb>6</reb>
<ast>0</ast>
<stl>0</stl>
<blk>0</blk>
<to>1</to>
<pf>1</pf>
<pam>0</pam>
<pts>3</pts>
<dnp>false</dnp>
</player>
<player>
<name>Nick Young</name>
<pos>SF</pos>
<start>true</start>
<min>18</min>
<fgm>1</fgm>
<fga>3</fga>
<tpm>0</tpm>
<tpa>0</tpa>
<ftm>4</ftm>
<fta>5</fta>
<oreb>0</oreb>
<dreb>1</dreb>
<reb>1</reb>
<ast>0</ast>
<stl>1</stl>
<blk>2</blk>
<to>1</to>
<pf>4</pf>
<pam>-5</pam>
<pts>6</pts>
<dnp>false</dnp>
</player>
<player>
<name>Steve Nash</name>
<pos>PG</pos>
<start>true</start>
<min>23</min>
<fgm>1</fgm>
<fga>8</fga>
<tpm>0</tpm>
<tpa>1</tpa>
<ftm>3</ftm>
<fta>4</fta>
<oreb>0</oreb>
<dreb>2</dreb>
<reb>2</reb>
<ast>5</ast>
<stl>0</stl>
<blk>1</blk>
<to>2</to>
<pf>1</pf>
<pam>-4</pam>
<pts>5</pts>
<dnp>false</dnp>
</player>
<player>
<name>Steve Blake</name>
<pos>PG</pos>
<start>true</start>
<min>32</min>
<fgm>2</fgm>
<fga>12</fga>
<tpm>2</tpm>
<tpa>9</tpa>
<ftm>0</ftm>
<fta>0</fta>
<oreb>0</oreb>
<dreb>4</dreb>
<reb>4</reb>
<ast>9</ast>
<stl>1</stl>
<blk>0</blk>
<to>1</to>
<pf>1</pf>
<pam>-8</pam>
<pts>6</pts>
<dnp>false</dnp>
</player>
<player>
<name>Jordan Hill</name>
<pos>PF</pos>
<start>false</start>
<min>12</min>
<fgm>2</fgm>
<fga>3</fga>
<tpm>0</tpm>
<tpa>0</tpa>
<ftm>1</ftm>
<fta>2</fta>
<oreb>3</oreb>
<dreb>1</dreb>
<reb>4</reb>
<ast>1</ast>
<stl>0</stl>
<blk>0</blk>
<to>1</to>
<pf>2</pf>
<pam>-2</pam>
<pts>5</pts>
<dnp>false</dnp>
</player>
<player>
<name>Xavier Henry</name>
<pos>SF</pos>
<start>false</start>
<min>22</min>
<fgm>0</fgm>
<fga>6</fga>
<tpm>0</tpm>
<tpa>2</tpa>
<ftm>3</ftm>
<fta>6</fta>
<oreb>0</oreb>
<dreb>3</dreb>
<reb>3</reb>
<ast>1</ast>
<stl>0</stl>
<blk>0</blk>
<to>0</to>
<pf>4</pf>
<pam>+5</pam>
<pts>3</pts>
<dnp>false</dnp>
</player>
<player>
<name>Wesley Johnson</name>
<pos>SF</pos>
<start>false</start>
<min>27</min>
<fgm>5</fgm>
<fga>11</fga>
<tpm>2</tpm>
<tpa>4</tpa>
<ftm>0</ftm>
<fta>0</fta>
<oreb>0</oreb>
<dreb>2</dreb>
<reb>2</reb>
<ast>0</ast>
<stl>1</stl>
<blk>2</blk>
<to>0</to>
<pf>3</pf>
<pam>-6</pam>
<pts>12</pts>
<dnp>false</dnp>
</player>
<player>
<name>Chris Kaman</name>
<pos>C</pos>
<start>false</start>
<min>13</min>
<fgm>2</fgm>
<fga>3</fga>
<tpm>0</tpm>
<tpa>0</tpa>
<ftm>0</ftm>
<fta>0</fta>
<oreb>2</oreb>
<dreb>2</dreb>
<reb>4</reb>
<ast>1</ast>
<stl>0</stl>
<blk>0</blk>
<to>1</to>
<pf>2</pf>
<pam>+2</pam>
<pts>4</pts>
<dnp>false</dnp>
</player>
<player>
<name>Jordan Farmar</name>
<pos>PG</pos>
<start>false</start>
<min>16</min>
<fgm>3</fgm>
<fga>6</fga>
<tpm>1</tpm>
<tpa>3</tpa>
<ftm>0</ftm>
<fta>0</fta>
<oreb>1</oreb>
<dreb>2</dreb>
<reb>3</reb>
<ast>4</ast>
<stl>0</stl>
<blk>0</blk>
<to>2</to>
<pf>0</pf>
<pam>+2</pam>
<pts>7</pts>
<dnp>false</dnp>
</player>
<player>
<name>Jodie Meeks</name>
<pos>SG</pos>
<start>false</start>
<min>28</min>
<fgm>5</fgm>
<fga>9</fga>
<tpm>1</tpm>
<tpa>3</tpa>
<ftm>3</ftm>
<fta>3</fta>
<oreb>0</oreb>
<dreb>6</dreb>
<reb>6</reb>
<ast>0</ast>
<stl>1</stl>
<blk>0</blk>
<to>1</to>
<pf>0</pf>
<pam>-5</pam>
<pts>14</pts>
<dnp>false</dnp>
</player>
<player>
<name>Ryan Kelly</name>
<pos>PF</pos>
<start>false</start>
<min>0</min>
<fgm>0</fgm>
<fga>0</fga>
<tpm>0</tpm>
<tpa>0</tpa>
<ftm>0</ftm>
<fta>0</fta>
<oreb>0</oreb>
<dreb>0</dreb>
<reb>0</reb>
<ast>0</ast>
<stl>0</stl>
<blk>0</blk>
<to>0</to>
<pf>0</pf>
<pam>0</pam>
<pts>0</pts>
<dnp>true</dnp>
</player>
<home>true</home>
<win>false</win>
<fgm>30</fgm>
<fga>82</fga>
<tpm>8</tpm>
<tpa>27</tpa>
<ftm>17</ftm>
<fta>24</fta>
<oreb>8</oreb>
<dreb>38</dreb>
<reb>46</reb>
<ast>22</ast>
<stl>4</stl>
<blk>7</blk>
<to>12</to>
<pf>19</pf>
<pts>85</pts>
</team>
</game>