<game>
<id>400489167</id>
<date>8:00 PM ET, December 7, 2013</date>
<team>
<name>Miami Heat</name>
<player>
<name>Shane Battier</name>
<pos>SF</pos>
<start>true</start>
<min>18</min>
<fgm>1</fgm>
<fga>6</fga>
<tpm>1</tpm>
<tpa>4</tpa>
<ftm>0</ftm>
<fta>0</fta>
<oreb>1</oreb>
<dreb>0</dreb>
<reb>1</reb>
<ast>1</ast>
<stl>0</stl>
<blk>2</blk>
<to>0</to>
<pf>3</pf>
<pam>+1</pam>
<pts>3</pts>
<dnp>false</dnp>
</player>
<player>
<name>LeBron James</name>
<pos>SF</pos>
<start>true</start>
<min>31</min>
<fgm>9</fgm>
<fga>12</fga>
<tpm>0</tpm>
<tpa>0</tpa>
<ftm>3</ftm>
<fta>5</fta>
<oreb>4</oreb>
<dreb>10</dreb>
<reb>14</reb>
<ast>8</ast>
<stl>2</stl>
<blk>0</blk>
<to>7</to>
<pf>3</pf>
<pam>+9</pam>
<pts>21</pts>
<dnp>false</dnp>
</player>
<player>
<name>Chris Bosh</name>
<pos>C</pos>
<start>true</start>
<min>24</min>
<fgm>4</fgm>
<fga>8</fga>
<tpm>0</tpm>
<tpa>1</tpa>
<ftm>0</ftm>
<fta>0</fta>
<oreb>0</oreb>
<dreb>9</dreb>
<reb>9</reb>
<ast>1</ast>
<stl>1</stl>
<blk>2</blk>
<to>0</to>
<pf>2</pf>
<pam>+18</pam>
<pts>8</pts>
<dnp>false</dnp>
</player>
<player>
<name>Mario Chalmers</name>
<pos>PG</pos>
<start>true</start>
<min>26</min>
<fgm>4</fgm>
<fga>6</fga>
<tpm>0</tpm>
<tpa>1</tpa>
<ftm>1</ftm>
<fta>2</fta>
<oreb>0</oreb>
<dreb>1</dreb>
<reb>1</reb>
<ast>1</ast>
<stl>3</stl>
<blk>0</blk>
<to>3</to>
<pf>3</pf>
<pam>+6</pam>
<pts>9</pts>
<dnp>false</dnp>
</player>
<player>
<name>Dwyane Wade</name>
<pos>SG</pos>
<start>true</start>
<min>32</min>
<fgm>7</fgm>
<fga>14</fga>
<tpm>0</tpm>
<tpa>0</tpa>
<ftm>5</ftm>
<fta>5</fta>
<oreb>0</oreb>
<dreb>5</dreb>
<reb>5</reb>
<ast>4</ast>
<stl>1</stl>
<blk>1</blk>
<to>5</to>
<pf>4</pf>
<pam>+15</pam>
<pts>19</pts>
<dnp>false</dnp>
</player>
<player>
<name>Udonis Haslem</name>
<pos>PF</pos>
<start>false</start>
<min>5</min>
<fgm>0</fgm>
<fga>0</fga>
<tpm>0</tpm>
<tpa>0</tpa>
<ftm>0</ftm>
<fta>0</fta>
<oreb>0</oreb>
<dreb>0</dreb>
<reb>0</reb>
<ast>0</ast>
<stl>0</stl>
<blk>0</blk>
<to>0</to>
<pf>1</pf>
<pam>-3</pam>
<pts>0</pts>
<dnp>false</dnp>
</player>
<player>
<name>Chris Andersen</name>
<pos>PF</pos>
<start>false</start>
<min>20</min>
<fgm>4</fgm>
<fga>5</fga>
<tpm>0</tpm>
<tpa>1</tpa>
<ftm>1</ftm>
<fta>4</fta>
<oreb>2</oreb>
<dreb>2</dreb>
<reb>4</reb>
<ast>0</ast>
<stl>0</stl>
<blk>3</blk>
<to>0</to>
<pf>1</pf>
<pam>+6</pam>
<pts>9</pts>
<dnp>false</dnp>
</player>
<player>
<name>Rashard Lewis</name>
<pos>PF</pos>
<start>false</start>
<min>29</min>
<fgm>4</fgm>
<fga>7</fga>
<tpm>2</tpm>
<tpa>4</tpa>
<ftm>0</ftm>
<fta>0</fta>
<oreb>0</oreb>
<dreb>3</dreb>
<reb>3</reb>
<ast>2</ast>
<stl>2</stl>
<blk>0</blk>
<to>2</to>
<pf>4</pf>
<pam>+20</pam>
<pts>10</pts>
<dnp>false</dnp>
</player>
<player>
<name>James Jones</name>
<pos>SF</pos>
<start>false</start>
<min>4</min>
<fgm>0</fgm>
<fga>1</fga>
<tpm>0</tpm>
<tpa>1</tpa>
<ftm>0</ftm>
<fta>0</fta>
<oreb>0</oreb>
<dreb>1</dreb>
<reb>1</reb>
<ast>0</ast>
<stl>0</stl>
<blk>0</blk>
<to>0</to>
<pf>0</pf>
<pam>+1</pam>
<pts>0</pts>
<dnp>false</dnp>
</player>
<player>
<name>Norris Cole</name>
<pos>PG</pos>
<start>false</start>
<min>27</min>
<fgm>2</fgm>
<fga>6</fga>
<tpm>0</tpm>
<tpa>2</tpa>
<ftm>0</ftm>
<fta>0</fta>
<oreb>0</oreb>
<dreb>3</dreb>
<reb>3</reb>
<ast>4</ast>
<stl>0</stl>
<blk>0</blk>
<to>1</to>
<pf>3</pf>
<pam>+22</pam>
<pts>4</pts>
<dnp>false</dnp>
</player>
<player>
<name>Roger Mason Jr.</name>
<pos>SG</pos>
<start>false</start>
<min>5</min>
<fgm>4</fgm>
<fga>5</fga>
<tpm>1</tpm>
<tpa>1</tpa>
<ftm>0</ftm>
<fta>0</fta>
<oreb>0</oreb>
<dreb>0</dreb>
<reb>0</reb>
<ast>0</ast>
<stl>0</stl>
<blk>0</blk>
<to>0</to>
<pf>2</pf>
<pam>-3</pam>
<pts>9</pts>
<dnp>false</dnp>
</player>
<player>
<name>Ray Allen</name>
<pos>SG</pos>
<start>false</start>
<min>21</min>
<fgm>4</fgm>
<fga>8</fga>
<tpm>0</tpm>
<tpa>3</tpa>
<ftm>3</ftm>
<fta>3</fta>
<oreb>0</oreb>
<dreb>3</dreb>
<reb>3</reb>
<ast>2</ast>
<stl>2</stl>
<blk>0</blk>
<to>2</to>
<pf>2</pf>
<pam>+13</pam>
<pts>11</pts>
<dnp>false</dnp>
</player>
<home>false</home>
<win>true</win>
<fgm>43</fgm>
<fga>78</fga>
<tpm>4</tpm>
<tpa>18</tpa>
<ftm>13</ftm>
<fta>19</fta>
<oreb>7</oreb>
<dreb>37</dreb>
<reb>44</reb>
<ast>23</ast>
<stl>11</stl>
<blk>8</blk>
<to>20</to>
<pf>28</pf>
<pts>103</pts>
</team>
<team>
<name>Minnesota Timberwolves</name>
<player>
<name>Luc Richard Mbah a Moute</name>
<pos>PF</pos>
<start>true</start>
<min>26</min>
<fgm>4</fgm>
<fga>9</fga>
<tpm>0</tpm>
<tpa>1</tpa>
<ftm>3</ftm>
<fta>4</fta>
<oreb>1</oreb>
<dreb>1</dreb>
<reb>2</reb>
<ast>1</ast>
<stl>1</stl>
<blk>0</blk>
<to>1</to>
<pf>2</pf>
<pam>-3</pam>
<pts>11</pts>
<dnp>false</dnp>
</player>
<player>
<name>Corey Brewer</name>
<pos>SF</pos>
<start>true</start>
<min>32</min>
<fgm>3</fgm>
<fga>10</fga>
<tpm>2</tpm>
<tpa>6</tpa>
<ftm>5</ftm>
<fta>6</fta>
<oreb>4</oreb>
<dreb>2</dreb>
<reb>6</reb>
<ast>0</ast>
<stl>0</stl>
<blk>0</blk>
<to>3</to>
<pf>3</pf>
<pam>-8</pam>
<pts>13</pts>
<dnp>false</dnp>
</player>
<player>
<name>Nikola Pekovic</name>
<pos>C</pos>
<start>true</start>
<min>38</min>
<fgm>7</fgm>
<fga>18</fga>
<tpm>0</tpm>
<tpa>0</tpa>
<ftm>4</ftm>
<fta>7</fta>
<oreb>7</oreb>
<dreb>5</dreb>
<reb>12</reb>
<ast>0</ast>
<stl>0</stl>
<blk>0</blk>
<to>3</to>
<pf>1</pf>
<pam>-13</pam>
<pts>18</pts>
<dnp>false</dnp>
</player>
<player>
<name>Ricky Rubio</name>
<pos>PG</pos>
<start>true</start>
<min>27</min>
<fgm>0</fgm>
<fga>4</fga>
<tpm>0</tpm>
<tpa>1</tpa>
<ftm>1</ftm>
<fta>2</fta>
<oreb>0</oreb>
<dreb>5</dreb>
<reb>5</reb>
<ast>6</ast>
<stl>3</stl>
<blk>0</blk>
<to>6</to>
<pf>0</pf>
<pam>-7</pam>
<pts>1</pts>
<dnp>false</dnp>
</player>
<player>
<name>Kevin Martin</name>
<pos>SG</pos>
<start>true</start>
<min>34</min>
<fgm>5</fgm>
<fga>16</fga>
<tpm>1</tpm>
<tpa>7</tpa>
<ftm>8</ftm>
<fta>10</fta>
<oreb>1</oreb>
<dreb>3</dreb>
<reb>4</reb>
<ast>0</ast>
<stl>4</stl>
<blk>0</blk>
<to>1</to>
<pf>4</pf>
<pam>-9</pam>
<pts>19</pts>
<dnp>false</dnp>
</player>
<player>
<name>Dante Cunningham</name>
<pos>PF</pos>
<start>false</start>
<min>17</min>
<fgm>2</fgm>
<fga>9</fga>
<tpm>0</tpm>
<tpa>0</tpa>
<ftm>0</ftm>
<fta>0</fta>
<oreb>1</oreb>
<dreb>1</dreb>
<reb>2</reb>
<ast>1</ast>
<stl>2</stl>
<blk>1</blk>
<to>0</to>
<pf>1</pf>
<pam>-29</pam>
<pts>4</pts>
<dnp>false</dnp>
</player>
<player>
<name>Robbie Hummel</name>
<pos>SF</pos>
<start>false</start>
<min>12</min>
<fgm>2</fgm>
<fga>3</fga>
<tpm>2</tpm>
<tpa>2</tpa>
<ftm>2</ftm>
<fta>2</fta>
<oreb>1</oreb>
<dreb>2</dreb>
<reb>3</reb>
<ast>0</ast>
<stl>0</stl>
<blk>0</blk>
<to>0</to>
<pf>1</pf>
<pam>-8</pam>
<pts>8</pts>
<dnp>false</dnp>
</player>
<player>
<name>Shabazz Muhammad</name>
<pos>SF</pos>
<start>false</start>
<min>6</min>
<fgm>0</fgm>
<fga>1</fga>
<tpm>0</tpm>
<tpa>0</tpa>
<ftm>0</ftm>
<fta>0</fta>
<oreb>0</oreb>
<dreb>0</dreb>
<reb>0</reb>
<ast>0</ast>
<stl>0</stl>
<blk>0</blk>
<to>0</to>
<pf>0</pf>
<pam>+1</pam>
<pts>0</pts>
<dnp>false</dnp>
</player>
<player>
<name>Gorgui Dieng</name>
<pos>C</pos>
<start>false</start>
<min>9</min>
<fgm>1</fgm>
<fga>3</fga>
<tpm>0</tpm>
<tpa>0</tpa>
<ftm>3</ftm>
<fta>4</fta>
<oreb>2</oreb>
<dreb>4</dreb>
<reb>6</reb>
<ast>0</ast>
<stl>0</stl>
<blk>0</blk>
<to>0</to>
<pf>2</pf>
<pam>-6</pam>
<pts>5</pts>
<dnp>false</dnp>
</player>
<player>
<name>Alexey Shved</name>
<pos>PG</pos>
<start>false</start>
<min>9</min>
<fgm>0</fgm>
<fga>3</fga>
<tpm>0</tpm>
<tpa>2</tpa>
<ftm>1</ftm>
<fta>2</fta>
<oreb>0</oreb>
<dreb>1</dreb>
<reb>1</reb>
<ast>2</ast>
<stl>0</stl>
<blk>0</blk>
<to>2</to>
<pf>0</pf>
<pam>+1</pam>
<pts>1</pts>
<dnp>false</dnp>
</player>
<player>
<name>A.J. Price</name>
<pos>PG</pos>
<start>false</start>
<min>9</min>
<fgm>0</fgm>
<fga>1</fga>
<tpm>0</tpm>
<tpa>1</tpa>
<ftm>0</ftm>
<fta>0</fta>
<oreb>0</oreb>
<dreb>1</dreb>
<reb>1</reb>
<ast>2</ast>
<stl>0</stl>
<blk>0</blk>
<to>0</to>
<pf>0</pf>
<pam>-3</pam>
<pts>0</pts>
<dnp>false</dnp>
</player>
<player>
<name>J.J. Barea</name>
<pos>PG</pos>
<start>false</start>
<min>19</min>
<fgm>0</fgm>
<fga>5</fga>
<tpm>0</tpm>
<tpa>2</tpa>
<ftm>2</ftm>
<fta>2</fta>
<oreb>0</oreb>
<dreb>3</dreb>
<reb>3</reb>
<ast>1</ast>
<stl>1</stl>
<blk>0</blk>
<to>2</to>
<pf>1</pf>
<pam>-21</pam>
<pts>2</pts>
<dnp>false</dnp>
</player>
<home>true</home>
<win>false</win>
<fgm>24</fgm>
<fga>82</fga>
<tpm>5</tpm>
<tpa>22</tpa>
<ftm>29</ftm>
<fta>39</fta>
<oreb>17</oreb>
<dreb>28</dreb>
<reb>45</reb>
<ast>13</ast>
<stl>11</stl>
<blk>1</blk>
<to>18</to>
<pf>15</pf>
<pts>82</pts>
</team>
</game>