<game>
<id>400489281</id>
<date>7:00 PM ET, December 23, 2013</date>
<team>
<name>Detroit Pistons</name>
<player>
<name>Greg Monroe</name>
<pos>PF</pos>
<start>true</start>
<min>31</min>
<fgm>5</fgm>
<fga>10</fga>
<tpm>0</tpm>
<tpa>0</tpa>
<ftm>1</ftm>
<fta>2</fta>
<oreb>4</oreb>
<dreb>7</dreb>
<reb>11</reb>
<ast>1</ast>
<stl>0</stl>
<blk>0</blk>
<to>3</to>
<pf>5</pf>
<pam>+3</pam>
<pts>11</pts>
<dnp>false</dnp>
</player>
<player>
<name>Josh Smith</name>
<pos>SF</pos>
<start>true</start>
<min>31</min>
<fgm>10</fgm>
<fga>18</fga>
<tpm>2</tpm>
<tpa>5</tpa>
<ftm>3</ftm>
<fta>3</fta>
<oreb>2</oreb>
<dreb>6</dreb>
<reb>8</reb>
<ast>3</ast>
<stl>1</stl>
<blk>2</blk>
<to>3</to>
<pf>2</pf>
<pam>+19</pam>
<pts>25</pts>
<dnp>false</dnp>
</player>
<player>
<name>Andre Drummond</name>
<pos>C</pos>
<start>true</start>
<min>34</min>
<fgm>7</fgm>
<fga>10</fga>
<tpm>0</tpm>
<tpa>0</tpa>
<ftm>0</ftm>
<fta>2</fta>
<oreb>5</oreb>
<dreb>6</dreb>
<reb>11</reb>
<ast>0</ast>
<stl>0</stl>
<blk>1</blk>
<to>0</to>
<pf>3</pf>
<pam>+19</pam>
<pts>14</pts>
<dnp>false</dnp>
</player>
<player>
<name>Brandon Jennings</name>
<pos>PG</pos>
<start>true</start>
<min>32</min>
<fgm>6</fgm>
<fga>11</fga>
<tpm>2</tpm>
<tpa>5</tpa>
<ftm>7</ftm>
<fta>8</fta>
<oreb>0</oreb>
<dreb>4</dreb>
<reb>4</reb>
<ast>13</ast>
<stl>2</stl>
<blk>0</blk>
<to>3</to>
<pf>0</pf>
<pam>+26</pam>
<pts>21</pts>
<dnp>false</dnp>
</player>
<player>
<name>Kentavious Caldwell-Pope</name>
<pos>SG</pos>
<start>true</start>
<min>17</min>
<fgm>1</fgm>
<fga>6</fga>
<tpm>1</tpm>
<tpa>3</tpa>
<ftm>1</ftm>
<fta>2</fta>
<oreb>0</oreb>
<dreb>0</dreb>
<reb>0</reb>
<ast>1</ast>
<stl>1</stl>
<blk>0</blk>
<to>0</to>
<pf>4</pf>
<pam>-2</pam>
<pts>4</pts>
<dnp>false</dnp>
</player>
<player>
<name>Josh Harrellson</name>
<pos>PF</pos>
<start>false</start>
<min>5</min>
<fgm>0</fgm>
<fga>0</fga>
<tpm>0</tpm>
<tpa>0</tpa>
<ftm>0</ftm>
<fta>0</fta>
<oreb>0</oreb>
<dreb>0</dreb>
<reb>0</reb>
<ast>1</ast>
<stl>0</stl>
<blk>1</blk>
<to>0</to>
<pf>1</pf>
<pam>+1</pam>
<pts>0</pts>
<dnp>false</dnp>
</player>
<player>
<name>Luigi Datome</name>
<pos>SF</pos>
<start>false</start>
<min>17</min>
<fgm>6</fgm>
<fga>13</fga>
<tpm>1</tpm>
<tpa>5</tpa>
<ftm>0</ftm>
<fta>0</fta>
<oreb>4</oreb>
<dreb>0</dreb>
<reb>4</reb>
<ast>1</ast>
<stl>2</stl>
<blk>0</blk>
<to>1</to>
<pf>1</pf>
<pam>+4</pam>
<pts>13</pts>
<dnp>false</dnp>
</player>
<player>
<name>Kyle Singler</name>
<pos>SF</pos>
<start>false</start>
<min>27</min>
<fgm>4</fgm>
<fga>9</fga>
<tpm>2</tpm>
<tpa>2</tpa>
<ftm>0</ftm>
<fta>0</fta>
<oreb>2</oreb>
<dreb>6</dreb>
<reb>8</reb>
<ast>1</ast>
<stl>0</stl>
<blk>1</blk>
<to>1</to>
<pf>1</pf>
<pam>+23</pam>
<pts>10</pts>
<dnp>false</dnp>
</player>
<player>
<name>Rodney Stuckey</name>
<pos>PG</pos>
<start>false</start>
<min>31</min>
<fgm>6</fgm>
<fga>16</fga>
<tpm>1</tpm>
<tpa>1</tpa>
<ftm>1</ftm>
<fta>1</fta>
<oreb>1</oreb>
<dreb>2</dreb>
<reb>3</reb>
<ast>4</ast>
<stl>5</stl>
<blk>0</blk>
<to>2</to>
<pf>3</pf>
<pam>+25</pam>
<pts>14</pts>
<dnp>false</dnp>
</player>
<player>
<name>Chauncey Billups</name>
<pos>SG</pos>
<start>false</start>
<min>16</min>
<fgm>1</fgm>
<fga>3</fga>
<tpm>1</tpm>
<tpa>3</tpa>
<ftm>0</ftm>
<fta>0</fta>
<oreb>0</oreb>
<dreb>1</dreb>
<reb>1</reb>
<ast>2</ast>
<stl>0</stl>
<blk>0</blk>
<to>1</to>
<pf>0</pf>
<pam>-3</pam>
<pts>3</pts>
<dnp>false</dnp>
</player>
<player>
<name>Jonas Jerebko</name>
<pos>PF</pos>
<start>false</start>
<min>0</min>
<fgm>0</fgm>
<fga>0</fga>
<tpm>0</tpm>
<tpa>0</tpa>
<ftm>0</ftm>
<fta>0</fta>
<oreb>0</oreb>
<dreb>0</dreb>
<reb>0</reb>
<ast>0</ast>
<stl>0</stl>
<blk>0</blk>
<to>0</to>
<pf>0</pf>
<pam>0</pam>
<pts>0</pts>
<dnp>true</dnp>
</player>
<player>
<name>Charlie Villanueva</name>
<pos>PF</pos>
<start>false</start>
<min>0</min>
<fgm>0</fgm>
<fga>0</fga>
<tpm>0</tpm>
<tpa>0</tpa>
<ftm>0</ftm>
<fta>0</fta>
<oreb>0</oreb>
<dreb>0</dreb>
<reb>0</reb>
<ast>0</ast>
<stl>0</stl>
<blk>0</blk>
<to>0</to>
<pf>0</pf>
<pam>0</pam>
<pts>0</pts>
<dnp>true</dnp>
</player>
<home>false</home>
<win>true</win>
<fgm>46</fgm>
<fga>96</fga>
<tpm>10</tpm>
<tpa>24</tpa>
<ftm>13</ftm>
<fta>18</fta>
<oreb>18</oreb>
<dreb>32</dreb>
<reb>50</reb>
<ast>27</ast>
<stl>11</stl>
<blk>5</blk>
<to>14</to>
<pf>20</pf>
<pts>115</pts>
</team>
<team>
<name>Cleveland Cavaliers</name>
<player>
<name>Tristan Thompson</name>
<pos>PF</pos>
<start>true</start>
<min>30</min>
<fgm>6</fgm>
<fga>10</fga>
<tpm>0</tpm>
<tpa>0</tpa>
<ftm>5</ftm>
<fta>9</fta>
<oreb>3</oreb>
<dreb>3</dreb>
<reb>6</reb>
<ast>1</ast>
<stl>0</stl>
<blk>0</blk>
<to>0</to>
<pf>2</pf>
<pam>-12</pam>
<pts>17</pts>
<dnp>false</dnp>
</player>
<player>
<name>Alonzo Gee</name>
<pos>SF</pos>
<start>true</start>
<min>14</min>
<fgm>2</fgm>
<fga>5</fga>
<tpm>1</tpm>
<tpa>4</tpa>
<ftm>2</ftm>
<fta>2</fta>
<oreb>1</oreb>
<dreb>3</dreb>
<reb>4</reb>
<ast>1</ast>
<stl>0</stl>
<blk>0</blk>
<to>1</to>
<pf>0</pf>
<pam>+6</pam>
<pts>7</pts>
<dnp>false</dnp>
</player>
<player>
<name>Andrew Bynum</name>
<pos>C</pos>
<start>true</start>
<min>22</min>
<fgm>0</fgm>
<fga>11</fga>
<tpm>0</tpm>
<tpa>0</tpa>
<ftm>0</ftm>
<fta>0</fta>
<oreb>4</oreb>
<dreb>3</dreb>
<reb>7</reb>
<ast>1</ast>
<stl>0</stl>
<blk>2</blk>
<to>2</to>
<pf>1</pf>
<pam>-8</pam>
<pts>0</pts>
<dnp>false</dnp>
</player>
<player>
<name>Kyrie Irving</name>
<pos>PG</pos>
<start>true</start>
<min>29</min>
<fgm>7</fgm>
<fga>14</fga>
<tpm>3</tpm>
<tpa>6</tpa>
<ftm>4</ftm>
<fta>4</fta>
<oreb>2</oreb>
<dreb>1</dreb>
<reb>3</reb>
<ast>7</ast>
<stl>1</stl>
<blk>0</blk>
<to>4</to>
<pf>1</pf>
<pam>-17</pam>
<pts>21</pts>
<dnp>false</dnp>
</player>
<player>
<name>C.J. Miles</name>
<pos>SG</pos>
<start>true</start>
<min>20</min>
<fgm>2</fgm>
<fga>9</fga>
<tpm>1</tpm>
<tpa>6</tpa>
<ftm>1</ftm>
<fta>2</fta>
<oreb>0</oreb>
<dreb>3</dreb>
<reb>3</reb>
<ast>0</ast>
<stl>2</stl>
<blk>0</blk>
<to>3</to>
<pf>3</pf>
<pam>+2</pam>
<pts>6</pts>
<dnp>false</dnp>
</player>
<player>
<name>Earl Clark</name>
<pos>SF</pos>
<start>false</start>
<min>14</min>
<fgm>2</fgm>
<fga>10</fga>
<tpm>2</tpm>
<tpa>8</tpa>
<ftm>0</ftm>
<fta>0</fta>
<oreb>0</oreb>
<dreb>1</dreb>
<reb>1</reb>
<ast>0</ast>
<stl>0</stl>
<blk>2</blk>
<to>2</to>
<pf>0</pf>
<pam>-16</pam>
<pts>6</pts>
<dnp>false</dnp>
</player>
<player>
<name>Anthony Bennett</name>
<pos>SF</pos>
<start>false</start>
<min>16</min>
<fgm>3</fgm>
<fga>7</fga>
<tpm>0</tpm>
<tpa>1</tpa>
<ftm>1</ftm>
<fta>2</fta>
<oreb>0</oreb>
<dreb>2</dreb>
<reb>2</reb>
<ast>0</ast>
<stl>0</stl>
<blk>0</blk>
<to>3</to>
<pf>2</pf>
<pam>-21</pam>
<pts>7</pts>
<dnp>false</dnp>
</player>
<player>
<name>Anderson Varejao</name>
<pos>C</pos>
<start>false</start>
<min>19</min>
<fgm>1</fgm>
<fga>1</fga>
<tpm>0</tpm>
<tpa>0</tpa>
<ftm>0</ftm>
<fta>0</fta>
<oreb>1</oreb>
<dreb>3</dreb>
<reb>4</reb>
<ast>1</ast>
<stl>1</stl>
<blk>0</blk>
<to>1</to>
<pf>3</pf>
<pam>-20</pam>
<pts>2</pts>
<dnp>false</dnp>
</player>
<player>
<name>Tyler Zeller</name>
<pos>C</pos>
<start>false</start>
<min>14</min>
<fgm>6</fgm>
<fga>7</fga>
<tpm>0</tpm>
<tpa>0</tpa>
<ftm>1</ftm>
<fta>1</fta>
<oreb>2</oreb>
<dreb>2</dreb>
<reb>4</reb>
<ast>1</ast>
<stl>0</stl>
<blk>0</blk>
<to>0</to>
<pf>0</pf>
<pam>+3</pam>
<pts>13</pts>
<dnp>false</dnp>
</player>
<player>
<name>Jarrett Jack</name>
<pos>PG</pos>
<start>false</start>
<min>20</min>
<fgm>0</fgm>
<fga>6</fga>
<tpm>0</tpm>
<tpa>2</tpa>
<ftm>0</ftm>
<fta>0</fta>
<oreb>0</oreb>
<dreb>1</dreb>
<reb>1</reb>
<ast>1</ast>
<stl>0</stl>
<blk>0</blk>
<to>1</to>
<pf>2</pf>
<pam>-24</pam>
<pts>0</pts>
<dnp>false</dnp>
</player>
<player>
<name>Matthew Dellavedova</name>
<pos>SG</pos>
<start>false</start>
<min>27</min>
<fgm>4</fgm>
<fga>6</fga>
<tpm>1</tpm>
<tpa>1</tpa>
<ftm>1</ftm>
<fta>2</fta>
<oreb>0</oreb>
<dreb>2</dreb>
<reb>2</reb>
<ast>6</ast>
<stl>1</stl>
<blk>0</blk>
<to>1</to>
<pf>2</pf>
<pam>-12</pam>
<pts>10</pts>
<dnp>false</dnp>
</player>
<player>
<name>Carrick Felix</name>
<pos>SG</pos>
<start>false</start>
<min>6</min>
<fgm>1</fgm>
<fga>2</fga>
<tpm>0</tpm>
<tpa>0</tpa>
<ftm>1</ftm>
<fta>2</fta>
<oreb>0</oreb>
<dreb>1</dreb>
<reb>1</reb>
<ast>0</ast>
<stl>0</stl>
<blk>0</blk>
<to>0</to>
<pf>0</pf>
<pam>+1</pam>
<pts>3</pts>
<dnp>false</dnp>
</player>
<home>true</home>
<win>false</win>
<fgm>34</fgm>
<fga>88</fga>
<tpm>8</tpm>
<tpa>28</tpa>
<ftm>16</ftm>
<fta>24</fta>
<oreb>13</oreb>
<dreb>26</dreb>
<reb>39</reb>
<ast>20</ast>
<stl>5</stl>
<blk>4</blk>
<to>19</to>
<pf>16</pf>
<pts>92</pts>
</team>
</game>