<game>
<id>400489119</id>
<date>9:00 PM ET, November 30, 2013</date>
<team>
<name>Utah Jazz</name>
<player>
<name>Marvin Williams</name>
<pos>PF</pos>
<start>true</start>
<min>33</min>
<fgm>6</fgm>
<fga>11</fga>
<tpm>2</tpm>
<tpa>5</tpa>
<ftm>0</ftm>
<fta>0</fta>
<oreb>1</oreb>
<dreb>5</dreb>
<reb>6</reb>
<ast>3</ast>
<stl>1</stl>
<blk>0</blk>
<to>1</to>
<pf>3</pf>
<pam>+9</pam>
<pts>14</pts>
<dnp>false</dnp>
</player>
<player>
<name>Richard Jefferson</name>
<pos>SF</pos>
<start>true</start>
<min>31</min>
<fgm>6</fgm>
<fga>11</fga>
<tpm>1</tpm>
<tpa>3</tpa>
<ftm>2</ftm>
<fta>2</fta>
<oreb>0</oreb>
<dreb>5</dreb>
<reb>5</reb>
<ast>3</ast>
<stl>0</stl>
<blk>0</blk>
<to>2</to>
<pf>1</pf>
<pam>+2</pam>
<pts>15</pts>
<dnp>false</dnp>
</player>
<player>
<name>Derrick Favors</name>
<pos>C</pos>
<start>true</start>
<min>28</min>
<fgm>5</fgm>
<fga>7</fga>
<tpm>0</tpm>
<tpa>0</tpa>
<ftm>4</ftm>
<fta>5</fta>
<oreb>5</oreb>
<dreb>3</dreb>
<reb>8</reb>
<ast>0</ast>
<stl>1</stl>
<blk>1</blk>
<to>2</to>
<pf>5</pf>
<pam>+9</pam>
<pts>14</pts>
<dnp>false</dnp>
</player>
<player>
<name>Trey Burke</name>
<pos>PG</pos>
<start>true</start>
<min>32</min>
<fgm>6</fgm>
<fga>15</fga>
<tpm>4</tpm>
<tpa>6</tpa>
<ftm>4</ftm>
<fta>4</fta>
<oreb>2</oreb>
<dreb>4</dreb>
<reb>6</reb>
<ast>3</ast>
<stl>2</stl>
<blk>0</blk>
<to>1</to>
<pf>4</pf>
<pam>+2</pam>
<pts>20</pts>
<dnp>false</dnp>
</player>
<player>
<name>Gordon Hayward</name>
<pos>SG</pos>
<start>true</start>
<min>34</min>
<fgm>3</fgm>
<fga>11</fga>
<tpm>0</tpm>
<tpa>2</tpa>
<ftm>7</ftm>
<fta>8</fta>
<oreb>0</oreb>
<dreb>4</dreb>
<reb>4</reb>
<ast>4</ast>
<stl>0</stl>
<blk>0</blk>
<to>2</to>
<pf>1</pf>
<pam>+7</pam>
<pts>13</pts>
<dnp>false</dnp>
</player>
<player>
<name>Jeremy Evans</name>
<pos>SF</pos>
<start>false</start>
<min>20</min>
<fgm>4</fgm>
<fga>4</fga>
<tpm>0</tpm>
<tpa>0</tpa>
<ftm>4</ftm>
<fta>5</fta>
<oreb>1</oreb>
<dreb>2</dreb>
<reb>3</reb>
<ast>1</ast>
<stl>1</stl>
<blk>0</blk>
<to>0</to>
<pf>4</pf>
<pam>0</pam>
<pts>12</pts>
<dnp>false</dnp>
</player>
<player>
<name>Enes Kanter</name>
<pos>C</pos>
<start>false</start>
<min>14</min>
<fgm>3</fgm>
<fga>6</fga>
<tpm>0</tpm>
<tpa>0</tpa>
<ftm>2</ftm>
<fta>2</fta>
<oreb>2</oreb>
<dreb>2</dreb>
<reb>4</reb>
<ast>0</ast>
<stl>0</stl>
<blk>0</blk>
<to>0</to>
<pf>1</pf>
<pam>-2</pam>
<pts>8</pts>
<dnp>false</dnp>
</player>
<player>
<name>Alec Burks</name>
<pos>PG</pos>
<start>false</start>
<min>32</min>
<fgm>5</fgm>
<fga>9</fga>
<tpm>1</tpm>
<tpa>1</tpa>
<ftm>2</ftm>
<fta>3</fta>
<oreb>1</oreb>
<dreb>2</dreb>
<reb>3</reb>
<ast>5</ast>
<stl>0</stl>
<blk>0</blk>
<to>1</to>
<pf>2</pf>
<pam>+7</pam>
<pts>13</pts>
<dnp>false</dnp>
</player>
<player>
<name>Diante Garrett</name>
<pos>PG</pos>
<start>false</start>
<min>16</min>
<fgm>1</fgm>
<fga>2</fga>
<tpm>1</tpm>
<tpa>1</tpa>
<ftm>0</ftm>
<fta>0</fta>
<oreb>0</oreb>
<dreb>0</dreb>
<reb>0</reb>
<ast>2</ast>
<stl>1</stl>
<blk>0</blk>
<to>3</to>
<pf>2</pf>
<pam>+6</pam>
<pts>3</pts>
<dnp>false</dnp>
</player>
<player>
<name>Rudy Gobert</name>
<pos>C</pos>
<start>false</start>
<min>0</min>
<fgm>0</fgm>
<fga>0</fga>
<tpm>0</tpm>
<tpa>0</tpa>
<ftm>0</ftm>
<fta>0</fta>
<oreb>0</oreb>
<dreb>0</dreb>
<reb>0</reb>
<ast>0</ast>
<stl>0</stl>
<blk>0</blk>
<to>0</to>
<pf>0</pf>
<pam>0</pam>
<pts>0</pts>
<dnp>true</dnp>
</player>
<player>
<name>Andris Biedrins</name>
<pos>C</pos>
<start>false</start>
<min>0</min>
<fgm>0</fgm>
<fga>0</fga>
<tpm>0</tpm>
<tpa>0</tpa>
<ftm>0</ftm>
<fta>0</fta>
<oreb>0</oreb>
<dreb>0</dreb>
<reb>0</reb>
<ast>0</ast>
<stl>0</stl>
<blk>0</blk>
<to>0</to>
<pf>0</pf>
<pam>0</pam>
<pts>0</pts>
<dnp>true</dnp>
</player>
<player>
<name>John Lucas III</name>
<pos>PG</pos>
<start>false</start>
<min>0</min>
<fgm>0</fgm>
<fga>0</fga>
<tpm>0</tpm>
<tpa>0</tpa>
<ftm>0</ftm>
<fta>0</fta>
<oreb>0</oreb>
<dreb>0</dreb>
<reb>0</reb>
<ast>0</ast>
<stl>0</stl>
<blk>0</blk>
<to>0</to>
<pf>0</pf>
<pam>0</pam>
<pts>0</pts>
<dnp>true</dnp>
</player>
<home>false</home>
<win>true</win>
<fgm>39</fgm>
<fga>76</fga>
<tpm>9</tpm>
<tpa>18</tpa>
<ftm>25</ftm>
<fta>29</fta>
<oreb>12</oreb>
<dreb>27</dreb>
<reb>39</reb>
<ast>21</ast>
<stl>6</stl>
<blk>1</blk>
<to>12</to>
<pf>23</pf>
<pts>112</pts>
</team>
<team>
<name>Phoenix Suns</name>
<player>
<name>Channing Frye</name>
<pos>PF</pos>
<start>true</start>
<min>34</min>
<fgm>7</fgm>
<fga>12</fga>
<tpm>3</tpm>
<tpa>6</tpa>
<ftm>0</ftm>
<fta>0</fta>
<oreb>3</oreb>
<dreb>3</dreb>
<reb>6</reb>
<ast>2</ast>
<stl>1</stl>
<blk>0</blk>
<to>1</to>
<pf>4</pf>
<pam>-4</pam>
<pts>17</pts>
<dnp>false</dnp>
</player>
<player>
<name>P.J. Tucker</name>
<pos>SF</pos>
<start>true</start>
<min>29</min>
<fgm>5</fgm>
<fga>7</fga>
<tpm>2</tpm>
<tpa>3</tpa>
<ftm>1</ftm>
<fta>2</fta>
<oreb>2</oreb>
<dreb>3</dreb>
<reb>5</reb>
<ast>0</ast>
<stl>3</stl>
<blk>0</blk>
<to>2</to>
<pf>4</pf>
<pam>+1</pam>
<pts>13</pts>
<dnp>false</dnp>
</player>
<player>
<name>Miles Plumlee</name>
<pos>C</pos>
<start>true</start>
<min>25</min>
<fgm>4</fgm>
<fga>8</fga>
<tpm>0</tpm>
<tpa>0</tpa>
<ftm>1</ftm>
<fta>2</fta>
<oreb>2</oreb>
<dreb>5</dreb>
<reb>7</reb>
<ast>1</ast>
<stl>1</stl>
<blk>3</blk>
<to>0</to>
<pf>2</pf>
<pam>-4</pam>
<pts>9</pts>
<dnp>false</dnp>
</player>
<player>
<name>Gerald Green</name>
<pos>SG</pos>
<start>true</start>
<min>26</min>
<fgm>5</fgm>
<fga>9</fga>
<tpm>4</tpm>
<tpa>8</tpa>
<ftm>0</ftm>
<fta>0</fta>
<oreb>0</oreb>
<dreb>3</dreb>
<reb>3</reb>
<ast>1</ast>
<stl>2</stl>
<blk>0</blk>
<to>0</to>
<pf>6</pf>
<pam>+3</pam>
<pts>14</pts>
<dnp>false</dnp>
</player>
<player>
<name>Goran Dragic</name>
<pos>SG</pos>
<start>true</start>
<min>40</min>
<fgm>6</fgm>
<fga>13</fga>
<tpm>1</tpm>
<tpa>3</tpa>
<ftm>11</ftm>
<fta>13</fta>
<oreb>2</oreb>
<dreb>0</dreb>
<reb>2</reb>
<ast>9</ast>
<stl>1</stl>
<blk>0</blk>
<to>2</to>
<pf>4</pf>
<pam>-1</pam>
<pts>24</pts>
<dnp>false</dnp>
</player>
<player>
<name>Markieff Morris</name>
<pos>PF</pos>
<start>false</start>
<min>25</min>
<fgm>2</fgm>
<fga>8</fga>
<tpm>0</tpm>
<tpa>0</tpa>
<ftm>1</ftm>
<fta>2</fta>
<oreb>3</oreb>
<dreb>4</dreb>
<reb>7</reb>
<ast>2</ast>
<stl>0</stl>
<blk>0</blk>
<to>3</to>
<pf>2</pf>
<pam>-1</pam>
<pts>5</pts>
<dnp>false</dnp>
</player>
<player>
<name>Marcus Morris</name>
<pos>PF</pos>
<start>false</start>
<min>23</min>
<fgm>4</fgm>
<fga>11</fga>
<tpm>1</tpm>
<tpa>4</tpa>
<ftm>0</ftm>
<fta>0</fta>
<oreb>0</oreb>
<dreb>1</dreb>
<reb>1</reb>
<ast>0</ast>
<stl>0</stl>
<blk>0</blk>
<to>0</to>
<pf>1</pf>
<pam>-16</pam>
<pts>9</pts>
<dnp>false</dnp>
</player>
<player>
<name>Eric Bledsoe</name>
<pos>PG</pos>
<start>false</start>
<min>28</min>
<fgm>4</fgm>
<fga>9</fga>
<tpm>1</tpm>
<tpa>3</tpa>
<ftm>4</ftm>
<fta>6</fta>
<oreb>0</oreb>
<dreb>2</dreb>
<reb>2</reb>
<ast>2</ast>
<stl>0</stl>
<blk>0</blk>
<to>4</to>
<pf>4</pf>
<pam>-12</pam>
<pts>13</pts>
<dnp>false</dnp>
</player>
<player>
<name>Archie Goodwin</name>
<pos>SG</pos>
<start>false</start>
<min>7</min>
<fgm>0</fgm>
<fga>1</fga>
<tpm>0</tpm>
<tpa>0</tpa>
<ftm>0</ftm>
<fta>0</fta>
<oreb>0</oreb>
<dreb>1</dreb>
<reb>1</reb>
<ast>0</ast>
<stl>0</stl>
<blk>0</blk>
<to>1</to>
<pf>1</pf>
<pam>-3</pam>
<pts>0</pts>
<dnp>false</dnp>
</player>
<player>
<name>Dionte Christmas</name>
<pos>SG</pos>
<start>false</start>
<min>4</min>
<fgm>0</fgm>
<fga>0</fga>
<tpm>0</tpm>
<tpa>0</tpa>
<ftm>0</ftm>
<fta>0</fta>
<oreb>0</oreb>
<dreb>1</dreb>
<reb>1</reb>
<ast>0</ast>
<stl>0</stl>
<blk>0</blk>
<to>0</to>
<pf>0</pf>
<pam>-3</pam>
<pts>0</pts>
<dnp>false</dnp>
</player>
<player>
<name>Slava Kravtsov</name>
<pos>C</pos>
<start>false</start>
<min>0</min>
<fgm>0</fgm>
<fga>0</fga>
<tpm>0</tpm>
<tpa>0</tpa>
<ftm>0</ftm>
<fta>0</fta>
<oreb>0</oreb>
<dreb>0</dreb>
<reb>0</reb>
<ast>0</ast>
<stl>0</stl>
<blk>0</blk>
<to>0</to>
<pf>0</pf>
<pam>0</pam>
<pts>0</pts>
<dnp>true</dnp>
</player>
<home>true</home>
<win>false</win>
<fgm>37</fgm>
<fga>78</fga>
<tpm>12</tpm>
<tpa>27</tpa>
<ftm>18</ftm>
<fta>25</fta>
<oreb>12</oreb>
<dreb>23</dreb>
<reb>35</reb>
<ast>17</ast>
<stl>8</stl>
<blk>3</blk>
<to>13</to>
<pf>28</pf>
<pts>104</pts>
</team>
</game>