<game>
<id>400489080</id>
<date>8:30 PM ET, November 25, 2013</date>
<team>
<name>Denver Nuggets</name>
<player>
<name>Kenneth Faried</name>
<pos>PF</pos>
<start>true</start>
<min>25</min>
<fgm>4</fgm>
<fga>7</fga>
<tpm>0</tpm>
<tpa>0</tpa>
<ftm>2</ftm>
<fta>4</fta>
<oreb>3</oreb>
<dreb>7</dreb>
<reb>10</reb>
<ast>0</ast>
<stl>2</stl>
<blk>1</blk>
<to>1</to>
<pf>1</pf>
<pam>-6</pam>
<pts>10</pts>
<dnp>false</dnp>
</player>
<player>
<name>Wilson Chandler</name>
<pos>SF</pos>
<start>true</start>
<min>19</min>
<fgm>4</fgm>
<fga>6</fga>
<tpm>1</tpm>
<tpa>2</tpa>
<ftm>2</ftm>
<fta>2</fta>
<oreb>0</oreb>
<dreb>1</dreb>
<reb>1</reb>
<ast>1</ast>
<stl>1</stl>
<blk>0</blk>
<to>1</to>
<pf>4</pf>
<pam>+13</pam>
<pts>11</pts>
<dnp>false</dnp>
</player>
<player>
<name>J.J. Hickson</name>
<pos>C</pos>
<start>true</start>
<min>34</min>
<fgm>8</fgm>
<fga>11</fga>
<tpm>0</tpm>
<tpa>0</tpa>
<ftm>6</ftm>
<fta>8</fta>
<oreb>3</oreb>
<dreb>5</dreb>
<reb>8</reb>
<ast>1</ast>
<stl>3</stl>
<blk>1</blk>
<to>2</to>
<pf>3</pf>
<pam>+19</pam>
<pts>22</pts>
<dnp>false</dnp>
</player>
<player>
<name>Ty Lawson</name>
<pos>PG</pos>
<start>true</start>
<min>30</min>
<fgm>7</fgm>
<fga>11</fga>
<tpm>2</tpm>
<tpa>3</tpa>
<ftm>3</ftm>
<fta>6</fta>
<oreb>0</oreb>
<dreb>3</dreb>
<reb>3</reb>
<ast>11</ast>
<stl>0</stl>
<blk>0</blk>
<to>1</to>
<pf>2</pf>
<pam>0</pam>
<pts>19</pts>
<dnp>false</dnp>
</player>
<player>
<name>Randy Foye</name>
<pos>SG</pos>
<start>true</start>
<min>26</min>
<fgm>3</fgm>
<fga>7</fga>
<tpm>1</tpm>
<tpa>5</tpa>
<ftm>0</ftm>
<fta>0</fta>
<oreb>0</oreb>
<dreb>1</dreb>
<reb>1</reb>
<ast>1</ast>
<stl>0</stl>
<blk>0</blk>
<to>3</to>
<pf>4</pf>
<pam>+1</pam>
<pts>7</pts>
<dnp>false</dnp>
</player>
<player>
<name>Anthony Randolph</name>
<pos>PF</pos>
<start>false</start>
<min>3</min>
<fgm>0</fgm>
<fga>1</fga>
<tpm>0</tpm>
<tpa>1</tpa>
<ftm>0</ftm>
<fta>0</fta>
<oreb>0</oreb>
<dreb>0</dreb>
<reb>0</reb>
<ast>0</ast>
<stl>0</stl>
<blk>0</blk>
<to>0</to>
<pf>2</pf>
<pam>-8</pam>
<pts>0</pts>
<dnp>false</dnp>
</player>
<player>
<name>Darrell Arthur</name>
<pos>PF</pos>
<start>false</start>
<min>27</min>
<fgm>3</fgm>
<fga>7</fga>
<tpm>0</tpm>
<tpa>0</tpa>
<ftm>0</ftm>
<fta>0</fta>
<oreb>0</oreb>
<dreb>2</dreb>
<reb>2</reb>
<ast>0</ast>
<stl>0</stl>
<blk>0</blk>
<to>1</to>
<pf>4</pf>
<pam>+19</pam>
<pts>6</pts>
<dnp>false</dnp>
</player>
<player>
<name>Jordan Hamilton</name>
<pos>SF</pos>
<start>false</start>
<min>18</min>
<fgm>4</fgm>
<fga>8</fga>
<tpm>1</tpm>
<tpa>2</tpa>
<ftm>2</ftm>
<fta>2</fta>
<oreb>0</oreb>
<dreb>7</dreb>
<reb>7</reb>
<ast>2</ast>
<stl>3</stl>
<blk>0</blk>
<to>1</to>
<pf>0</pf>
<pam>-2</pam>
<pts>11</pts>
<dnp>false</dnp>
</player>
<player>
<name>Quincy Miller</name>
<pos>SF</pos>
<start>false</start>
<min>1</min>
<fgm>0</fgm>
<fga>1</fga>
<tpm>0</tpm>
<tpa>0</tpa>
<ftm>0</ftm>
<fta>0</fta>
<oreb>0</oreb>
<dreb>0</dreb>
<reb>0</reb>
<ast>0</ast>
<stl>0</stl>
<blk>0</blk>
<to>0</to>
<pf>0</pf>
<pam>0</pam>
<pts>0</pts>
<dnp>false</dnp>
</player>
<player>
<name>Timofey Mozgov</name>
<pos>C</pos>
<start>false</start>
<min>8</min>
<fgm>1</fgm>
<fga>3</fga>
<tpm>0</tpm>
<tpa>0</tpa>
<ftm>1</ftm>
<fta>2</fta>
<oreb>1</oreb>
<dreb>1</dreb>
<reb>2</reb>
<ast>0</ast>
<stl>0</stl>
<blk>0</blk>
<to>2</to>
<pf>1</pf>
<pam>-4</pam>
<pts>3</pts>
<dnp>false</dnp>
</player>
<player>
<name>Andre Miller</name>
<pos>PG</pos>
<start>false</start>
<min>19</min>
<fgm>2</fgm>
<fga>3</fga>
<tpm>0</tpm>
<tpa>0</tpa>
<ftm>0</ftm>
<fta>0</fta>
<oreb>3</oreb>
<dreb>3</dreb>
<reb>6</reb>
<ast>3</ast>
<stl>0</stl>
<blk>0</blk>
<to>1</to>
<pf>1</pf>
<pam>+13</pam>
<pts>4</pts>
<dnp>false</dnp>
</player>
<player>
<name>Nate Robinson</name>
<pos>PG</pos>
<start>false</start>
<min>24</min>
<fgm>5</fgm>
<fga>9</fga>
<tpm>3</tpm>
<tpa>6</tpa>
<ftm>4</ftm>
<fta>4</fta>
<oreb>0</oreb>
<dreb>1</dreb>
<reb>1</reb>
<ast>3</ast>
<stl>1</stl>
<blk>0</blk>
<to>0</to>
<pf>2</pf>
<pam>+22</pam>
<pts>17</pts>
<dnp>false</dnp>
</player>
<home>false</home>
<win>true</win>
<fgm>41</fgm>
<fga>75</fga>
<tpm>8</tpm>
<tpa>20</tpa>
<ftm>20</ftm>
<fta>28</fta>
<oreb>10</oreb>
<dreb>32</dreb>
<reb>42</reb>
<ast>23</ast>
<stl>10</stl>
<blk>2</blk>
<to>13</to>
<pf>24</pf>
<pts>110</pts>
</team>
<team>
<name>Dallas Mavericks</name>
<player>
<name>Dirk Nowitzki</name>
<pos>PF</pos>
<start>true</start>
<min>31</min>
<fgm>7</fgm>
<fga>15</fga>
<tpm>0</tpm>
<tpa>1</tpa>
<ftm>4</ftm>
<fta>5</fta>
<oreb>1</oreb>
<dreb>5</dreb>
<reb>6</reb>
<ast>2</ast>
<stl>1</stl>
<blk>0</blk>
<to>2</to>
<pf>1</pf>
<pam>+2</pam>
<pts>18</pts>
<dnp>false</dnp>
</player>
<player>
<name>Shawn Marion</name>
<pos>SF</pos>
<start>true</start>
<min>35</min>
<fgm>6</fgm>
<fga>10</fga>
<tpm>0</tpm>
<tpa>2</tpa>
<ftm>1</ftm>
<fta>2</fta>
<oreb>4</oreb>
<dreb>8</dreb>
<reb>12</reb>
<ast>4</ast>
<stl>1</stl>
<blk>0</blk>
<to>0</to>
<pf>1</pf>
<pam>-10</pam>
<pts>13</pts>
<dnp>false</dnp>
</player>
<player>
<name>DeJuan Blair</name>
<pos>C</pos>
<start>true</start>
<min>19</min>
<fgm>5</fgm>
<fga>9</fga>
<tpm>0</tpm>
<tpa>0</tpa>
<ftm>0</ftm>
<fta>0</fta>
<oreb>2</oreb>
<dreb>6</dreb>
<reb>8</reb>
<ast>0</ast>
<stl>1</stl>
<blk>0</blk>
<to>2</to>
<pf>3</pf>
<pam>-6</pam>
<pts>10</pts>
<dnp>false</dnp>
</player>
<player>
<name>Jose Calderon</name>
<pos>PG</pos>
<start>true</start>
<min>30</min>
<fgm>4</fgm>
<fga>6</fga>
<tpm>3</tpm>
<tpa>4</tpa>
<ftm>1</ftm>
<fta>2</fta>
<oreb>0</oreb>
<dreb>0</dreb>
<reb>0</reb>
<ast>4</ast>
<stl>0</stl>
<blk>0</blk>
<to>2</to>
<pf>3</pf>
<pam>-10</pam>
<pts>12</pts>
<dnp>false</dnp>
</player>
<player>
<name>Monta Ellis</name>
<pos>SG</pos>
<start>true</start>
<min>36</min>
<fgm>8</fgm>
<fga>15</fga>
<tpm>0</tpm>
<tpa>2</tpa>
<ftm>6</ftm>
<fta>6</fta>
<oreb>0</oreb>
<dreb>0</dreb>
<reb>0</reb>
<ast>4</ast>
<stl>1</stl>
<blk>0</blk>
<to>1</to>
<pf>2</pf>
<pam>-11</pam>
<pts>22</pts>
<dnp>false</dnp>
</player>
<player>
<name>Jae Crowder</name>
<pos>SF</pos>
<start>false</start>
<min>12</min>
<fgm>2</fgm>
<fga>5</fga>
<tpm>2</tpm>
<tpa>4</tpa>
<ftm>0</ftm>
<fta>0</fta>
<oreb>0</oreb>
<dreb>1</dreb>
<reb>1</reb>
<ast>0</ast>
<stl>0</stl>
<blk>0</blk>
<to>1</to>
<pf>2</pf>
<pam>0</pam>
<pts>6</pts>
<dnp>false</dnp>
</player>
<player>
<name>Samuel Dalembert</name>
<pos>C</pos>
<start>false</start>
<min>18</min>
<fgm>1</fgm>
<fga>1</fga>
<tpm>0</tpm>
<tpa>0</tpa>
<ftm>0</ftm>
<fta>0</fta>
<oreb>0</oreb>
<dreb>3</dreb>
<reb>3</reb>
<ast>0</ast>
<stl>0</stl>
<blk>2</blk>
<to>0</to>
<pf>3</pf>
<pam>+5</pam>
<pts>2</pts>
<dnp>false</dnp>
</player>
<player>
<name>Bernard James</name>
<pos>C</pos>
<start>false</start>
<min>8</min>
<fgm>0</fgm>
<fga>0</fga>
<tpm>0</tpm>
<tpa>0</tpa>
<ftm>0</ftm>
<fta>0</fta>
<oreb>1</oreb>
<dreb>0</dreb>
<reb>1</reb>
<ast>0</ast>
<stl>0</stl>
<blk>0</blk>
<to>2</to>
<pf>2</pf>
<pam>-14</pam>
<pts>0</pts>
<dnp>false</dnp>
</player>
<player>
<name>Gal Mekel</name>
<pos>PG</pos>
<start>false</start>
<min>10</min>
<fgm>2</fgm>
<fga>3</fga>
<tpm>0</tpm>
<tpa>0</tpa>
<ftm>1</ftm>
<fta>2</fta>
<oreb>0</oreb>
<dreb>1</dreb>
<reb>1</reb>
<ast>1</ast>
<stl>0</stl>
<blk>0</blk>
<to>1</to>
<pf>1</pf>
<pam>+2</pam>
<pts>5</pts>
<dnp>false</dnp>
</player>
<player>
<name>Shane Larkin</name>
<pos>PG</pos>
<start>false</start>
<min>4</min>
<fgm>0</fgm>
<fga>1</fga>
<tpm>0</tpm>
<tpa>0</tpa>
<ftm>0</ftm>
<fta>0</fta>
<oreb>0</oreb>
<dreb>0</dreb>
<reb>0</reb>
<ast>0</ast>
<stl>0</stl>
<blk>0</blk>
<to>1</to>
<pf>0</pf>
<pam>-6</pam>
<pts>0</pts>
<dnp>false</dnp>
</player>
<player>
<name>Vince Carter</name>
<pos>SG</pos>
<start>false</start>
<min>23</min>
<fgm>3</fgm>
<fga>13</fga>
<tpm>0</tpm>
<tpa>4</tpa>
<ftm>2</ftm>
<fta>2</fta>
<oreb>2</oreb>
<dreb>0</dreb>
<reb>2</reb>
<ast>3</ast>
<stl>0</stl>
<blk>1</blk>
<to>1</to>
<pf>3</pf>
<pam>-16</pam>
<pts>8</pts>
<dnp>false</dnp>
</player>
<player>
<name>Wayne Ellington</name>
<pos>SG</pos>
<start>false</start>
<min>14</min>
<fgm>0</fgm>
<fga>3</fga>
<tpm>0</tpm>
<tpa>2</tpa>
<ftm>0</ftm>
<fta>0</fta>
<oreb>0</oreb>
<dreb>0</dreb>
<reb>0</reb>
<ast>0</ast>
<stl>1</stl>
<blk>0</blk>
<to>0</to>
<pf>1</pf>
<pam>-5</pam>
<pts>0</pts>
<dnp>false</dnp>
</player>
<home>true</home>
<win>false</win>
<fgm>38</fgm>
<fga>82</fga>
<tpm>5</tpm>
<tpa>19</tpa>
<ftm>15</ftm>
<fta>19</fta>
<oreb>10</oreb>
<dreb>26</dreb>
<reb>36</reb>
<ast>18</ast>
<stl>5</stl>
<blk>3</blk>
<to>13</to>
<pf>22</pf>
<pts>96</pts>
</team>
</game>