<game>
<id>400489111</id>
<date>9:00 PM ET, November 29, 2013</date>
<team>
<name>New York Knicks</name>
<player>
<name>Kenyon Martin</name>
<pos>PF</pos>
<start>true</start>
<min>14</min>
<fgm>2</fgm>
<fga>5</fga>
<tpm>0</tpm>
<tpa>0</tpa>
<ftm>0</ftm>
<fta>0</fta>
<oreb>0</oreb>
<dreb>2</dreb>
<reb>2</reb>
<ast>1</ast>
<stl>1</stl>
<blk>0</blk>
<to>0</to>
<pf>2</pf>
<pam>-8</pam>
<pts>4</pts>
<dnp>false</dnp>
</player>
<player>
<name>Carmelo Anthony</name>
<pos>SF</pos>
<start>true</start>
<min>40</min>
<fgm>8</fgm>
<fga>22</fga>
<tpm>0</tpm>
<tpa>3</tpa>
<ftm>11</ftm>
<fta>13</fta>
<oreb>2</oreb>
<dreb>5</dreb>
<reb>7</reb>
<ast>0</ast>
<stl>0</stl>
<blk>2</blk>
<to>1</to>
<pf>4</pf>
<pam>-4</pam>
<pts>27</pts>
<dnp>false</dnp>
</player>
<player>
<name>Andrea Bargnani</name>
<pos>C</pos>
<start>true</start>
<min>39</min>
<fgm>7</fgm>
<fga>11</fga>
<tpm>1</tpm>
<tpa>2</tpa>
<ftm>7</ftm>
<fta>8</fta>
<oreb>0</oreb>
<dreb>5</dreb>
<reb>5</reb>
<ast>2</ast>
<stl>1</stl>
<blk>0</blk>
<to>1</to>
<pf>4</pf>
<pam>+1</pam>
<pts>22</pts>
<dnp>false</dnp>
</player>
<player>
<name>Raymond Felton</name>
<pos>PG</pos>
<start>true</start>
<min>37</min>
<fgm>3</fgm>
<fga>9</fga>
<tpm>1</tpm>
<tpa>4</tpa>
<ftm>1</ftm>
<fta>2</fta>
<oreb>1</oreb>
<dreb>3</dreb>
<reb>4</reb>
<ast>7</ast>
<stl>0</stl>
<blk>1</blk>
<to>3</to>
<pf>3</pf>
<pam>-1</pam>
<pts>8</pts>
<dnp>false</dnp>
</player>
<player>
<name>Iman Shumpert</name>
<pos>SG</pos>
<start>true</start>
<min>32</min>
<fgm>4</fgm>
<fga>8</fga>
<tpm>1</tpm>
<tpa>2</tpa>
<ftm>2</ftm>
<fta>2</fta>
<oreb>1</oreb>
<dreb>6</dreb>
<reb>7</reb>
<ast>0</ast>
<stl>1</stl>
<blk>0</blk>
<to>1</to>
<pf>2</pf>
<pam>-2</pam>
<pts>11</pts>
<dnp>false</dnp>
</player>
<player>
<name>Amar'e Stoudemire</name>
<pos>PF</pos>
<start>false</start>
<min>15</min>
<fgm>2</fgm>
<fga>7</fga>
<tpm>0</tpm>
<tpa>0</tpa>
<ftm>0</ftm>
<fta>0</fta>
<oreb>1</oreb>
<dreb>3</dreb>
<reb>4</reb>
<ast>0</ast>
<stl>1</stl>
<blk>0</blk>
<to>0</to>
<pf>2</pf>
<pam>+1</pam>
<pts>4</pts>
<dnp>false</dnp>
</player>
<player>
<name>Metta World Peace</name>
<pos>SF</pos>
<start>false</start>
<min>4</min>
<fgm>0</fgm>
<fga>2</fga>
<tpm>0</tpm>
<tpa>1</tpa>
<ftm>0</ftm>
<fta>0</fta>
<oreb>0</oreb>
<dreb>0</dreb>
<reb>0</reb>
<ast>1</ast>
<stl>0</stl>
<blk>1</blk>
<to>0</to>
<pf>0</pf>
<pam>-3</pam>
<pts>0</pts>
<dnp>false</dnp>
</player>
<player>
<name>Pablo Prigioni</name>
<pos>PG</pos>
<start>false</start>
<min>5</min>
<fgm>0</fgm>
<fga>0</fga>
<tpm>0</tpm>
<tpa>0</tpa>
<ftm>0</ftm>
<fta>0</fta>
<oreb>0</oreb>
<dreb>3</dreb>
<reb>3</reb>
<ast>1</ast>
<stl>0</stl>
<blk>0</blk>
<to>0</to>
<pf>2</pf>
<pam>+2</pam>
<pts>0</pts>
<dnp>false</dnp>
</player>
<player>
<name>Beno Udrih</name>
<pos>PG</pos>
<start>false</start>
<min>5</min>
<fgm>0</fgm>
<fga>1</fga>
<tpm>0</tpm>
<tpa>0</tpa>
<ftm>0</ftm>
<fta>0</fta>
<oreb>1</oreb>
<dreb>0</dreb>
<reb>1</reb>
<ast>1</ast>
<stl>0</stl>
<blk>0</blk>
<to>1</to>
<pf>0</pf>
<pam>-3</pam>
<pts>0</pts>
<dnp>false</dnp>
</player>
<player>
<name>Tim Hardaway Jr.</name>
<pos>SG</pos>
<start>false</start>
<min>15</min>
<fgm>3</fgm>
<fga>5</fga>
<tpm>2</tpm>
<tpa>3</tpa>
<ftm>0</ftm>
<fta>0</fta>
<oreb>1</oreb>
<dreb>2</dreb>
<reb>3</reb>
<ast>0</ast>
<stl>0</stl>
<blk>2</blk>
<to>1</to>
<pf>1</pf>
<pam>+3</pam>
<pts>8</pts>
<dnp>false</dnp>
</player>
<player>
<name>J.R. Smith</name>
<pos>SG</pos>
<start>false</start>
<min>32</min>
<fgm>5</fgm>
<fga>13</fga>
<tpm>1</tpm>
<tpa>7</tpa>
<ftm>0</ftm>
<fta>0</fta>
<oreb>1</oreb>
<dreb>5</dreb>
<reb>6</reb>
<ast>3</ast>
<stl>2</stl>
<blk>0</blk>
<to>2</to>
<pf>4</pf>
<pam>+4</pam>
<pts>11</pts>
<dnp>false</dnp>
</player>
<player>
<name>Cole Aldrich</name>
<pos>C</pos>
<start>false</start>
<min>0</min>
<fgm>0</fgm>
<fga>0</fga>
<tpm>0</tpm>
<tpa>0</tpa>
<ftm>0</ftm>
<fta>0</fta>
<oreb>0</oreb>
<dreb>0</dreb>
<reb>0</reb>
<ast>0</ast>
<stl>0</stl>
<blk>0</blk>
<to>0</to>
<pf>0</pf>
<pam>0</pam>
<pts>0</pts>
<dnp>true</dnp>
</player>
<home>false</home>
<win>false</win>
<fgm>34</fgm>
<fga>83</fga>
<tpm>6</tpm>
<tpa>22</tpa>
<ftm>21</ftm>
<fta>25</fta>
<oreb>8</oreb>
<dreb>34</dreb>
<reb>42</reb>
<ast>16</ast>
<stl>6</stl>
<blk>6</blk>
<to>10</to>
<pf>24</pf>
<pts>95</pts>
</team>
<team>
<name>Denver Nuggets</name>
<player>
<name>Kenneth Faried</name>
<pos>PF</pos>
<start>true</start>
<min>21</min>
<fgm>2</fgm>
<fga>4</fga>
<tpm>0</tpm>
<tpa>0</tpa>
<ftm>0</ftm>
<fta>0</fta>
<oreb>0</oreb>
<dreb>6</dreb>
<reb>6</reb>
<ast>0</ast>
<stl>1</stl>
<blk>0</blk>
<to>0</to>
<pf>0</pf>
<pam>+12</pam>
<pts>4</pts>
<dnp>false</dnp>
</player>
<player>
<name>Wilson Chandler</name>
<pos>SF</pos>
<start>true</start>
<min>33</min>
<fgm>4</fgm>
<fga>9</fga>
<tpm>2</tpm>
<tpa>4</tpa>
<ftm>3</ftm>
<fta>4</fta>
<oreb>0</oreb>
<dreb>4</dreb>
<reb>4</reb>
<ast>1</ast>
<stl>1</stl>
<blk>1</blk>
<to>2</to>
<pf>4</pf>
<pam>+6</pam>
<pts>13</pts>
<dnp>false</dnp>
</player>
<player>
<name>J.J. Hickson</name>
<pos>C</pos>
<start>true</start>
<min>32</min>
<fgm>4</fgm>
<fga>9</fga>
<tpm>0</tpm>
<tpa>0</tpa>
<ftm>5</ftm>
<fta>10</fta>
<oreb>1</oreb>
<dreb>10</dreb>
<reb>11</reb>
<ast>2</ast>
<stl>0</stl>
<blk>0</blk>
<to>2</to>
<pf>2</pf>
<pam>+6</pam>
<pts>13</pts>
<dnp>false</dnp>
</player>
<player>
<name>Ty Lawson</name>
<pos>PG</pos>
<start>true</start>
<min>36</min>
<fgm>5</fgm>
<fga>10</fga>
<tpm>2</tpm>
<tpa>4</tpa>
<ftm>10</ftm>
<fta>12</fta>
<oreb>1</oreb>
<dreb>2</dreb>
<reb>3</reb>
<ast>8</ast>
<stl>0</stl>
<blk>0</blk>
<to>2</to>
<pf>0</pf>
<pam>+6</pam>
<pts>22</pts>
<dnp>false</dnp>
</player>
<player>
<name>Randy Foye</name>
<pos>SG</pos>
<start>true</start>
<min>30</min>
<fgm>5</fgm>
<fga>11</fga>
<tpm>3</tpm>
<tpa>8</tpa>
<ftm>4</ftm>
<fta>4</fta>
<oreb>0</oreb>
<dreb>4</dreb>
<reb>4</reb>
<ast>4</ast>
<stl>0</stl>
<blk>1</blk>
<to>0</to>
<pf>2</pf>
<pam>+4</pam>
<pts>17</pts>
<dnp>false</dnp>
</player>
<player>
<name>Darrell Arthur</name>
<pos>PF</pos>
<start>false</start>
<min>15</min>
<fgm>1</fgm>
<fga>4</fga>
<tpm>0</tpm>
<tpa>0</tpa>
<ftm>0</ftm>
<fta>0</fta>
<oreb>1</oreb>
<dreb>2</dreb>
<reb>3</reb>
<ast>0</ast>
<stl>0</stl>
<blk>0</blk>
<to>1</to>
<pf>3</pf>
<pam>-4</pam>
<pts>2</pts>
<dnp>false</dnp>
</player>
<player>
<name>Jordan Hamilton</name>
<pos>SF</pos>
<start>false</start>
<min>14</min>
<fgm>1</fgm>
<fga>6</fga>
<tpm>1</tpm>
<tpa>4</tpa>
<ftm>0</ftm>
<fta>0</fta>
<oreb>1</oreb>
<dreb>5</dreb>
<reb>6</reb>
<ast>0</ast>
<stl>0</stl>
<blk>0</blk>
<to>1</to>
<pf>3</pf>
<pam>-8</pam>
<pts>3</pts>
<dnp>false</dnp>
</player>
<player>
<name>Timofey Mozgov</name>
<pos>C</pos>
<start>false</start>
<min>16</min>
<fgm>0</fgm>
<fga>1</fga>
<tpm>0</tpm>
<tpa>0</tpa>
<ftm>0</ftm>
<fta>0</fta>
<oreb>0</oreb>
<dreb>4</dreb>
<reb>4</reb>
<ast>1</ast>
<stl>0</stl>
<blk>3</blk>
<to>1</to>
<pf>3</pf>
<pam>-3</pam>
<pts>0</pts>
<dnp>false</dnp>
</player>
<player>
<name>Andre Miller</name>
<pos>PG</pos>
<start>false</start>
<min>20</min>
<fgm>3</fgm>
<fga>5</fga>
<tpm>1</tpm>
<tpa>1</tpa>
<ftm>0</ftm>
<fta>0</fta>
<oreb>1</oreb>
<dreb>1</dreb>
<reb>2</reb>
<ast>1</ast>
<stl>1</stl>
<blk>0</blk>
<to>4</to>
<pf>0</pf>
<pam>-5</pam>
<pts>7</pts>
<dnp>false</dnp>
</player>
<player>
<name>Nate Robinson</name>
<pos>PG</pos>
<start>false</start>
<min>18</min>
<fgm>6</fgm>
<fga>11</fga>
<tpm>0</tpm>
<tpa>2</tpa>
<ftm>4</ftm>
<fta>4</fta>
<oreb>0</oreb>
<dreb>1</dreb>
<reb>1</reb>
<ast>2</ast>
<stl>1</stl>
<blk>0</blk>
<to>1</to>
<pf>5</pf>
<pam>-3</pam>
<pts>16</pts>
<dnp>false</dnp>
</player>
<player>
<name>Evan Fournier</name>
<pos>SG</pos>
<start>false</start>
<min>5</min>
<fgm>0</fgm>
<fga>1</fga>
<tpm>0</tpm>
<tpa>1</tpa>
<ftm>0</ftm>
<fta>0</fta>
<oreb>0</oreb>
<dreb>0</dreb>
<reb>0</reb>
<ast>0</ast>
<stl>0</stl>
<blk>0</blk>
<to>0</to>
<pf>1</pf>
<pam>-1</pam>
<pts>0</pts>
<dnp>false</dnp>
</player>
<player>
<name>Anthony Randolph</name>
<pos>PF</pos>
<start>false</start>
<min>0</min>
<fgm>0</fgm>
<fga>0</fga>
<tpm>0</tpm>
<tpa>0</tpa>
<ftm>0</ftm>
<fta>0</fta>
<oreb>0</oreb>
<dreb>0</dreb>
<reb>0</reb>
<ast>0</ast>
<stl>0</stl>
<blk>0</blk>
<to>0</to>
<pf>0</pf>
<pam>0</pam>
<pts>0</pts>
<dnp>true</dnp>
</player>
<home>true</home>
<win>true</win>
<fgm>31</fgm>
<fga>71</fga>
<tpm>9</tpm>
<tpa>24</tpa>
<ftm>26</ftm>
<fta>34</fta>
<oreb>5</oreb>
<dreb>39</dreb>
<reb>44</reb>
<ast>19</ast>
<stl>4</stl>
<blk>5</blk>
<to>14</to>
<pf>23</pf>
<pts>97</pts>
</team>
</game>