<game>
<id>400489003</id>
<date>7:30 PM ET, November 15, 2013</date>
<team>
<name>Dallas Mavericks</name>
<player>
<name>Dirk Nowitzki</name>
<pos>PF</pos>
<start>true</start>
<min>36</min>
<fgm>8</fgm>
<fga>12</fga>
<tpm>3</tpm>
<tpa>5</tpa>
<ftm>9</ftm>
<fta>10</fta>
<oreb>0</oreb>
<dreb>6</dreb>
<reb>6</reb>
<ast>3</ast>
<stl>2</stl>
<blk>1</blk>
<to>5</to>
<pf>3</pf>
<pam>-1</pam>
<pts>28</pts>
<dnp>false</dnp>
</player>
<player>
<name>Shawn Marion</name>
<pos>SF</pos>
<start>true</start>
<min>31</min>
<fgm>4</fgm>
<fga>6</fga>
<tpm>0</tpm>
<tpa>1</tpa>
<ftm>0</ftm>
<fta>0</fta>
<oreb>1</oreb>
<dreb>3</dreb>
<reb>4</reb>
<ast>2</ast>
<stl>1</stl>
<blk>0</blk>
<to>2</to>
<pf>3</pf>
<pam>+8</pam>
<pts>8</pts>
<dnp>false</dnp>
</player>
<player>
<name>Samuel Dalembert</name>
<pos>C</pos>
<start>true</start>
<min>20</min>
<fgm>2</fgm>
<fga>5</fga>
<tpm>0</tpm>
<tpa>0</tpa>
<ftm>0</ftm>
<fta>0</fta>
<oreb>2</oreb>
<dreb>7</dreb>
<reb>9</reb>
<ast>0</ast>
<stl>3</stl>
<blk>1</blk>
<to>1</to>
<pf>1</pf>
<pam>+8</pam>
<pts>4</pts>
<dnp>false</dnp>
</player>
<player>
<name>Jose Calderon</name>
<pos>PG</pos>
<start>true</start>
<min>35</min>
<fgm>4</fgm>
<fga>10</fga>
<tpm>4</tpm>
<tpa>9</tpa>
<ftm>0</ftm>
<fta>0</fta>
<oreb>0</oreb>
<dreb>1</dreb>
<reb>1</reb>
<ast>5</ast>
<stl>0</stl>
<blk>0</blk>
<to>3</to>
<pf>1</pf>
<pam>+8</pam>
<pts>12</pts>
<dnp>false</dnp>
</player>
<player>
<name>Monta Ellis</name>
<pos>SG</pos>
<start>true</start>
<min>42</min>
<fgm>7</fgm>
<fga>16</fga>
<tpm>2</tpm>
<tpa>6</tpa>
<ftm>4</ftm>
<fta>6</fta>
<oreb>0</oreb>
<dreb>3</dreb>
<reb>3</reb>
<ast>4</ast>
<stl>1</stl>
<blk>0</blk>
<to>5</to>
<pf>4</pf>
<pam>-4</pam>
<pts>20</pts>
<dnp>false</dnp>
</player>
<player>
<name>Jae Crowder</name>
<pos>SF</pos>
<start>false</start>
<min>16</min>
<fgm>0</fgm>
<fga>1</fga>
<tpm>0</tpm>
<tpa>1</tpa>
<ftm>0</ftm>
<fta>0</fta>
<oreb>0</oreb>
<dreb>1</dreb>
<reb>1</reb>
<ast>1</ast>
<stl>0</stl>
<blk>1</blk>
<to>1</to>
<pf>2</pf>
<pam>-15</pam>
<pts>0</pts>
<dnp>false</dnp>
</player>
<player>
<name>DeJuan Blair</name>
<pos>C</pos>
<start>false</start>
<min>27</min>
<fgm>4</fgm>
<fga>10</fga>
<tpm>0</tpm>
<tpa>0</tpa>
<ftm>1</ftm>
<fta>1</fta>
<oreb>2</oreb>
<dreb>5</dreb>
<reb>7</reb>
<ast>5</ast>
<stl>3</stl>
<blk>2</blk>
<to>1</to>
<pf>3</pf>
<pam>-15</pam>
<pts>9</pts>
<dnp>false</dnp>
</player>
<player>
<name>Gal Mekel</name>
<pos>PG</pos>
<start>false</start>
<min>6</min>
<fgm>0</fgm>
<fga>1</fga>
<tpm>0</tpm>
<tpa>0</tpa>
<ftm>0</ftm>
<fta>0</fta>
<oreb>0</oreb>
<dreb>0</dreb>
<reb>0</reb>
<ast>1</ast>
<stl>0</stl>
<blk>0</blk>
<to>3</to>
<pf>0</pf>
<pam>-6</pam>
<pts>0</pts>
<dnp>false</dnp>
</player>
<player>
<name>Ricky Ledo</name>
<pos>SG</pos>
<start>false</start>
<min>0</min>
<fgm>1</fgm>
<fga>1</fga>
<tpm>0</tpm>
<tpa>0</tpa>
<ftm>0</ftm>
<fta>0</fta>
<oreb>0</oreb>
<dreb>0</dreb>
<reb>0</reb>
<ast>0</ast>
<stl>0</stl>
<blk>0</blk>
<to>0</to>
<pf>0</pf>
<pam>+2</pam>
<pts>2</pts>
<dnp>false</dnp>
</player>
<player>
<name>Vince Carter</name>
<pos>SG</pos>
<start>false</start>
<min>27</min>
<fgm>7</fgm>
<fga>12</fga>
<tpm>3</tpm>
<tpa>6</tpa>
<ftm>4</ftm>
<fta>4</fta>
<oreb>1</oreb>
<dreb>2</dreb>
<reb>3</reb>
<ast>1</ast>
<stl>1</stl>
<blk>1</blk>
<to>3</to>
<pf>3</pf>
<pam>-15</pam>
<pts>21</pts>
<dnp>false</dnp>
</player>
<player>
<name>Bernard James</name>
<pos>C</pos>
<start>false</start>
<min>0</min>
<fgm>0</fgm>
<fga>0</fga>
<tpm>0</tpm>
<tpa>0</tpa>
<ftm>0</ftm>
<fta>0</fta>
<oreb>0</oreb>
<dreb>0</dreb>
<reb>0</reb>
<ast>0</ast>
<stl>0</stl>
<blk>0</blk>
<to>0</to>
<pf>0</pf>
<pam>0</pam>
<pts>0</pts>
<dnp>true</dnp>
</player>
<home>false</home>
<win>false</win>
<fgm>37</fgm>
<fga>74</fga>
<tpm>12</tpm>
<tpa>28</tpa>
<ftm>18</ftm>
<fta>21</fta>
<oreb>6</oreb>
<dreb>28</dreb>
<reb>34</reb>
<ast>22</ast>
<stl>11</stl>
<blk>6</blk>
<to>24</to>
<pf>20</pf>
<pts>104</pts>
</team>
<team>
<name>Miami Heat</name>
<player>
<name>LeBron James</name>
<pos>SF</pos>
<start>true</start>
<min>37</min>
<fgm>14</fgm>
<fga>18</fga>
<tpm>1</tpm>
<tpa>1</tpa>
<ftm>10</ftm>
<fta>11</fta>
<oreb>0</oreb>
<dreb>6</dreb>
<reb>6</reb>
<ast>4</ast>
<stl>1</stl>
<blk>0</blk>
<to>6</to>
<pf>0</pf>
<pam>0</pam>
<pts>39</pts>
<dnp>false</dnp>
</player>
<player>
<name>Shane Battier</name>
<pos>SF</pos>
<start>true</start>
<min>24</min>
<fgm>1</fgm>
<fga>4</fga>
<tpm>0</tpm>
<tpa>1</tpa>
<ftm>2</ftm>
<fta>2</fta>
<oreb>1</oreb>
<dreb>4</dreb>
<reb>5</reb>
<ast>0</ast>
<stl>2</stl>
<blk>1</blk>
<to>0</to>
<pf>2</pf>
<pam>-6</pam>
<pts>4</pts>
<dnp>false</dnp>
</player>
<player>
<name>Chris Bosh</name>
<pos>C</pos>
<start>true</start>
<min>30</min>
<fgm>4</fgm>
<fga>11</fga>
<tpm>0</tpm>
<tpa>1</tpa>
<ftm>6</ftm>
<fta>6</fta>
<oreb>1</oreb>
<dreb>3</dreb>
<reb>4</reb>
<ast>0</ast>
<stl>1</stl>
<blk>2</blk>
<to>0</to>
<pf>4</pf>
<pam>-9</pam>
<pts>14</pts>
<dnp>false</dnp>
</player>
<player>
<name>Mario Chalmers</name>
<pos>PG</pos>
<start>true</start>
<min>24</min>
<fgm>2</fgm>
<fga>8</fga>
<tpm>0</tpm>
<tpa>3</tpa>
<ftm>0</ftm>
<fta>0</fta>
<oreb>0</oreb>
<dreb>2</dreb>
<reb>2</reb>
<ast>3</ast>
<stl>1</stl>
<blk>1</blk>
<to>4</to>
<pf>3</pf>
<pam>-8</pam>
<pts>4</pts>
<dnp>false</dnp>
</player>
<player>
<name>Dwyane Wade</name>
<pos>SG</pos>
<start>true</start>
<min>36</min>
<fgm>7</fgm>
<fga>14</fga>
<tpm>0</tpm>
<tpa>0</tpa>
<ftm>3</ftm>
<fta>7</fta>
<oreb>1</oreb>
<dreb>4</dreb>
<reb>5</reb>
<ast>8</ast>
<stl>8</stl>
<blk>0</blk>
<to>0</to>
<pf>2</pf>
<pam>0</pam>
<pts>17</pts>
<dnp>false</dnp>
</player>
<player>
<name>Chris Andersen</name>
<pos>PF</pos>
<start>false</start>
<min>18</min>
<fgm>2</fgm>
<fga>4</fga>
<tpm>0</tpm>
<tpa>0</tpa>
<ftm>0</ftm>
<fta>0</fta>
<oreb>1</oreb>
<dreb>6</dreb>
<reb>7</reb>
<ast>0</ast>
<stl>0</stl>
<blk>0</blk>
<to>0</to>
<pf>2</pf>
<pam>+15</pam>
<pts>4</pts>
<dnp>false</dnp>
</player>
<player>
<name>Rashard Lewis</name>
<pos>PF</pos>
<start>false</start>
<min>29</min>
<fgm>4</fgm>
<fga>6</fga>
<tpm>3</tpm>
<tpa>5</tpa>
<ftm>0</ftm>
<fta>0</fta>
<oreb>0</oreb>
<dreb>3</dreb>
<reb>3</reb>
<ast>2</ast>
<stl>1</stl>
<blk>0</blk>
<to>1</to>
<pf>1</pf>
<pam>+15</pam>
<pts>11</pts>
<dnp>false</dnp>
</player>
<player>
<name>Michael Beasley</name>
<pos>SF</pos>
<start>false</start>
<min>16</min>
<fgm>3</fgm>
<fga>5</fga>
<tpm>0</tpm>
<tpa>0</tpa>
<ftm>0</ftm>
<fta>0</fta>
<oreb>0</oreb>
<dreb>1</dreb>
<reb>1</reb>
<ast>0</ast>
<stl>2</stl>
<blk>1</blk>
<to>2</to>
<pf>1</pf>
<pam>+11</pam>
<pts>6</pts>
<dnp>false</dnp>
</player>
<player>
<name>Norris Cole</name>
<pos>PG</pos>
<start>false</start>
<min>26</min>
<fgm>3</fgm>
<fga>4</fga>
<tpm>1</tpm>
<tpa>2</tpa>
<ftm>4</ftm>
<fta>4</fta>
<oreb>0</oreb>
<dreb>1</dreb>
<reb>1</reb>
<ast>0</ast>
<stl>3</stl>
<blk>0</blk>
<to>3</to>
<pf>0</pf>
<pam>+12</pam>
<pts>11</pts>
<dnp>false</dnp>
</player>
<player>
<name>Udonis Haslem</name>
<pos>PF</pos>
<start>false</start>
<min>0</min>
<fgm>0</fgm>
<fga>0</fga>
<tpm>0</tpm>
<tpa>0</tpa>
<ftm>0</ftm>
<fta>0</fta>
<oreb>0</oreb>
<dreb>0</dreb>
<reb>0</reb>
<ast>0</ast>
<stl>0</stl>
<blk>0</blk>
<to>0</to>
<pf>0</pf>
<pam>0</pam>
<pts>0</pts>
<dnp>true</dnp>
</player>
<player>
<name>James Jones</name>
<pos>SF</pos>
<start>false</start>
<min>0</min>
<fgm>0</fgm>
<fga>0</fga>
<tpm>0</tpm>
<tpa>0</tpa>
<ftm>0</ftm>
<fta>0</fta>
<oreb>0</oreb>
<dreb>0</dreb>
<reb>0</reb>
<ast>0</ast>
<stl>0</stl>
<blk>0</blk>
<to>0</to>
<pf>0</pf>
<pam>0</pam>
<pts>0</pts>
<dnp>true</dnp>
</player>
<player>
<name>Joel Anthony</name>
<pos>C</pos>
<start>false</start>
<min>0</min>
<fgm>0</fgm>
<fga>0</fga>
<tpm>0</tpm>
<tpa>0</tpa>
<ftm>0</ftm>
<fta>0</fta>
<oreb>0</oreb>
<dreb>0</dreb>
<reb>0</reb>
<ast>0</ast>
<stl>0</stl>
<blk>0</blk>
<to>0</to>
<pf>0</pf>
<pam>0</pam>
<pts>0</pts>
<dnp>true</dnp>
</player>
<home>true</home>
<win>true</win>
<fgm>40</fgm>
<fga>74</fga>
<tpm>5</tpm>
<tpa>13</tpa>
<ftm>25</ftm>
<fta>30</fta>
<oreb>4</oreb>
<dreb>30</dreb>
<reb>34</reb>
<ast>17</ast>
<stl>19</stl>
<blk>5</blk>
<to>16</to>
<pf>15</pf>
<pts>110</pts>
</team>
</game>