<game>
<id>400488921</id>
<date>7:00 PM ET, November 4, 2013</date>
<team>
<name>Golden State Warriors</name>
<player>
<name>David Lee</name>
<pos>PF</pos>
<start>true</start>
<min>26</min>
<fgm>8</fgm>
<fga>15</fga>
<tpm>0</tpm>
<tpa>0</tpa>
<ftm>2</ftm>
<fta>2</fta>
<oreb>3</oreb>
<dreb>4</dreb>
<reb>7</reb>
<ast>2</ast>
<stl>0</stl>
<blk>0</blk>
<to>5</to>
<pf>0</pf>
<pam>+34</pam>
<pts>18</pts>
<dnp>false</dnp>
</player>
<player>
<name>Andre Iguodala</name>
<pos>SF</pos>
<start>true</start>
<min>33</min>
<fgm>11</fgm>
<fga>18</fga>
<tpm>7</tpm>
<tpa>11</tpa>
<ftm>3</ftm>
<fta>4</fta>
<oreb>1</oreb>
<dreb>2</dreb>
<reb>3</reb>
<ast>3</ast>
<stl>3</stl>
<blk>1</blk>
<to>1</to>
<pf>2</pf>
<pam>+35</pam>
<pts>32</pts>
<dnp>false</dnp>
</player>
<player>
<name>Andrew Bogut</name>
<pos>C</pos>
<start>true</start>
<min>23</min>
<fgm>1</fgm>
<fga>1</fga>
<tpm>0</tpm>
<tpa>0</tpa>
<ftm>2</ftm>
<fta>4</fta>
<oreb>0</oreb>
<dreb>7</dreb>
<reb>7</reb>
<ast>3</ast>
<stl>2</stl>
<blk>1</blk>
<to>1</to>
<pf>4</pf>
<pam>+25</pam>
<pts>4</pts>
<dnp>false</dnp>
</player>
<player>
<name>Stephen Curry</name>
<pos>PG</pos>
<start>true</start>
<min>29</min>
<fgm>7</fgm>
<fga>16</fga>
<tpm>2</tpm>
<tpa>9</tpa>
<ftm>2</ftm>
<fta>2</fta>
<oreb>3</oreb>
<dreb>7</dreb>
<reb>10</reb>
<ast>12</ast>
<stl>5</stl>
<blk>1</blk>
<to>2</to>
<pf>0</pf>
<pam>+34</pam>
<pts>18</pts>
<dnp>false</dnp>
</player>
<player>
<name>Klay Thompson</name>
<pos>SG</pos>
<start>true</start>
<min>30</min>
<fgm>5</fgm>
<fga>12</fga>
<tpm>4</tpm>
<tpa>8</tpa>
<ftm>1</ftm>
<fta>2</fta>
<oreb>1</oreb>
<dreb>2</dreb>
<reb>3</reb>
<ast>2</ast>
<stl>2</stl>
<blk>0</blk>
<to>1</to>
<pf>3</pf>
<pam>+38</pam>
<pts>15</pts>
<dnp>false</dnp>
</player>
<player>
<name>Marreese Speights</name>
<pos>PF</pos>
<start>false</start>
<min>14</min>
<fgm>4</fgm>
<fga>8</fga>
<tpm>0</tpm>
<tpa>1</tpa>
<ftm>1</ftm>
<fta>2</fta>
<oreb>0</oreb>
<dreb>2</dreb>
<reb>2</reb>
<ast>0</ast>
<stl>0</stl>
<blk>1</blk>
<to>1</to>
<pf>3</pf>
<pam>-8</pam>
<pts>9</pts>
<dnp>false</dnp>
</player>
<player>
<name>Draymond Green</name>
<pos>SF</pos>
<start>false</start>
<min>21</min>
<fgm>1</fgm>
<fga>4</fga>
<tpm>0</tpm>
<tpa>1</tpa>
<ftm>0</ftm>
<fta>0</fta>
<oreb>0</oreb>
<dreb>9</dreb>
<reb>9</reb>
<ast>2</ast>
<stl>2</stl>
<blk>2</blk>
<to>1</to>
<pf>2</pf>
<pam>-3</pam>
<pts>2</pts>
<dnp>false</dnp>
</player>
<player>
<name>Jermaine O'Neal</name>
<pos>C</pos>
<start>false</start>
<min>12</min>
<fgm>0</fgm>
<fga>3</fga>
<tpm>0</tpm>
<tpa>0</tpa>
<ftm>0</ftm>
<fta>0</fta>
<oreb>1</oreb>
<dreb>3</dreb>
<reb>4</reb>
<ast>1</ast>
<stl>1</stl>
<blk>0</blk>
<to>1</to>
<pf>3</pf>
<pam>-1</pam>
<pts>0</pts>
<dnp>false</dnp>
</player>
<player>
<name>Ognjen Kuzmic</name>
<pos>C</pos>
<start>false</start>
<min>9</min>
<fgm>0</fgm>
<fga>1</fga>
<tpm>0</tpm>
<tpa>0</tpa>
<ftm>0</ftm>
<fta>0</fta>
<oreb>1</oreb>
<dreb>1</dreb>
<reb>2</reb>
<ast>0</ast>
<stl>0</stl>
<blk>0</blk>
<to>2</to>
<pf>2</pf>
<pam>-11</pam>
<pts>0</pts>
<dnp>false</dnp>
</player>
<player>
<name>Toney Douglas</name>
<pos>PG</pos>
<start>false</start>
<min>19</min>
<fgm>1</fgm>
<fga>5</fga>
<tpm>1</tpm>
<tpa>4</tpa>
<ftm>0</ftm>
<fta>0</fta>
<oreb>2</oreb>
<dreb>1</dreb>
<reb>3</reb>
<ast>2</ast>
<stl>1</stl>
<blk>0</blk>
<to>3</to>
<pf>3</pf>
<pam>-14</pam>
<pts>3</pts>
<dnp>false</dnp>
</player>
<player>
<name>Nemanja Nedovic</name>
<pos>PG</pos>
<start>false</start>
<min>12</min>
<fgm>1</fgm>
<fga>3</fga>
<tpm>0</tpm>
<tpa>2</tpa>
<ftm>0</ftm>
<fta>0</fta>
<oreb>0</oreb>
<dreb>1</dreb>
<reb>1</reb>
<ast>0</ast>
<stl>0</stl>
<blk>0</blk>
<to>2</to>
<pf>0</pf>
<pam>-14</pam>
<pts>2</pts>
<dnp>false</dnp>
</player>
<player>
<name>Kent Bazemore</name>
<pos>SG</pos>
<start>false</start>
<min>13</min>
<fgm>2</fgm>
<fga>6</fga>
<tpm>1</tpm>
<tpa>2</tpa>
<ftm>2</ftm>
<fta>4</fta>
<oreb>1</oreb>
<dreb>2</dreb>
<reb>3</reb>
<ast>1</ast>
<stl>2</stl>
<blk>1</blk>
<to>2</to>
<pf>2</pf>
<pam>-15</pam>
<pts>7</pts>
<dnp>false</dnp>
</player>
<home>false</home>
<win>true</win>
<fgm>41</fgm>
<fga>92</fga>
<tpm>15</tpm>
<tpa>38</tpa>
<ftm>13</ftm>
<fta>20</fta>
<oreb>13</oreb>
<dreb>41</dreb>
<reb>54</reb>
<ast>28</ast>
<stl>18</stl>
<blk>7</blk>
<to>22</to>
<pf>24</pf>
<pts>110</pts>
</team>
<team>
<name>Philadelphia 76ers</name>
<player>
<name>Spencer Hawes</name>
<pos>PF</pos>
<start>true</start>
<min>26</min>
<fgm>1</fgm>
<fga>6</fga>
<tpm>1</tpm>
<tpa>2</tpa>
<ftm>2</ftm>
<fta>4</fta>
<oreb>3</oreb>
<dreb>5</dreb>
<reb>8</reb>
<ast>3</ast>
<stl>0</stl>
<blk>1</blk>
<to>3</to>
<pf>4</pf>
<pam>-41</pam>
<pts>5</pts>
<dnp>false</dnp>
</player>
<player>
<name>Thaddeus Young</name>
<pos>PF</pos>
<start>true</start>
<min>23</min>
<fgm>3</fgm>
<fga>10</fga>
<tpm>0</tpm>
<tpa>2</tpa>
<ftm>0</ftm>
<fta>0</fta>
<oreb>0</oreb>
<dreb>2</dreb>
<reb>2</reb>
<ast>1</ast>
<stl>0</stl>
<blk>0</blk>
<to>2</to>
<pf>1</pf>
<pam>-29</pam>
<pts>6</pts>
<dnp>false</dnp>
</player>
<player>
<name>Evan Turner</name>
<pos>SF</pos>
<start>true</start>
<min>25</min>
<fgm>7</fgm>
<fga>12</fga>
<tpm>0</tpm>
<tpa>1</tpa>
<ftm>4</ftm>
<fta>5</fta>
<oreb>2</oreb>
<dreb>5</dreb>
<reb>7</reb>
<ast>1</ast>
<stl>3</stl>
<blk>0</blk>
<to>5</to>
<pf>0</pf>
<pam>-26</pam>
<pts>18</pts>
<dnp>false</dnp>
</player>
<player>
<name>Michael Carter-Williams</name>
<pos>PG</pos>
<start>true</start>
<min>35</min>
<fgm>4</fgm>
<fga>17</fga>
<tpm>1</tpm>
<tpa>7</tpa>
<ftm>9</ftm>
<fta>12</fta>
<oreb>1</oreb>
<dreb>5</dreb>
<reb>6</reb>
<ast>4</ast>
<stl>0</stl>
<blk>0</blk>
<to>6</to>
<pf>3</pf>
<pam>-23</pam>
<pts>18</pts>
<dnp>false</dnp>
</player>
<player>
<name>James Anderson</name>
<pos>SG</pos>
<start>true</start>
<min>26</min>
<fgm>3</fgm>
<fga>7</fga>
<tpm>1</tpm>
<tpa>3</tpa>
<ftm>0</ftm>
<fta>0</fta>
<oreb>2</oreb>
<dreb>3</dreb>
<reb>5</reb>
<ast>1</ast>
<stl>0</stl>
<blk>1</blk>
<to>0</to>
<pf>1</pf>
<pam>-31</pam>
<pts>7</pts>
<dnp>false</dnp>
</player>
<player>
<name>Lavoy Allen</name>
<pos>PF</pos>
<start>false</start>
<min>18</min>
<fgm>1</fgm>
<fga>3</fga>
<tpm>0</tpm>
<tpa>0</tpa>
<ftm>0</ftm>
<fta>0</fta>
<oreb>0</oreb>
<dreb>8</dreb>
<reb>8</reb>
<ast>1</ast>
<stl>0</stl>
<blk>0</blk>
<to>2</to>
<pf>2</pf>
<pam>+1</pam>
<pts>2</pts>
<dnp>false</dnp>
</player>
<player>
<name>Brandon Davies</name>
<pos>PF</pos>
<start>false</start>
<min>12</min>
<fgm>1</fgm>
<fga>4</fga>
<tpm>0</tpm>
<tpa>0</tpa>
<ftm>2</ftm>
<fta>3</fta>
<oreb>1</oreb>
<dreb>0</dreb>
<reb>1</reb>
<ast>1</ast>
<stl>2</stl>
<blk>0</blk>
<to>0</to>
<pf>0</pf>
<pam>+14</pam>
<pts>4</pts>
<dnp>false</dnp>
</player>
<player>
<name>Daniel Orton</name>
<pos>C</pos>
<start>false</start>
<min>17</min>
<fgm>0</fgm>
<fga>2</fga>
<tpm>0</tpm>
<tpa>0</tpa>
<ftm>1</ftm>
<fta>3</fta>
<oreb>2</oreb>
<dreb>4</dreb>
<reb>6</reb>
<ast>1</ast>
<stl>0</stl>
<blk>0</blk>
<to>2</to>
<pf>2</pf>
<pam>+15</pam>
<pts>1</pts>
<dnp>false</dnp>
</player>
<player>
<name>Darius Morris</name>
<pos>PG</pos>
<start>false</start>
<min>19</min>
<fgm>2</fgm>
<fga>6</fga>
<tpm>0</tpm>
<tpa>3</tpa>
<ftm>4</ftm>
<fta>5</fta>
<oreb>1</oreb>
<dreb>1</dreb>
<reb>2</reb>
<ast>5</ast>
<stl>4</stl>
<blk>0</blk>
<to>2</to>
<pf>3</pf>
<pam>+15</pam>
<pts>8</pts>
<dnp>false</dnp>
</player>
<player>
<name>Tony Wroten</name>
<pos>SG</pos>
<start>false</start>
<min>22</min>
<fgm>6</fgm>
<fga>14</fga>
<tpm>1</tpm>
<tpa>5</tpa>
<ftm>1</ftm>
<fta>5</fta>
<oreb>1</oreb>
<dreb>2</dreb>
<reb>3</reb>
<ast>1</ast>
<stl>0</stl>
<blk>0</blk>
<to>0</to>
<pf>1</pf>
<pam>-10</pam>
<pts>14</pts>
<dnp>false</dnp>
</player>
<player>
<name>Hollis Thompson</name>
<pos>SG</pos>
<start>false</start>
<min>17</min>
<fgm>3</fgm>
<fga>7</fga>
<tpm>1</tpm>
<tpa>2</tpa>
<ftm>0</ftm>
<fta>0</fta>
<oreb>1</oreb>
<dreb>3</dreb>
<reb>4</reb>
<ast>0</ast>
<stl>0</stl>
<blk>1</blk>
<to>2</to>
<pf>1</pf>
<pam>+15</pam>
<pts>7</pts>
<dnp>false</dnp>
</player>
<home>true</home>
<win>false</win>
<fgm>31</fgm>
<fga>88</fga>
<tpm>5</tpm>
<tpa>25</tpa>
<ftm>23</ftm>
<fta>37</fta>
<oreb>14</oreb>
<dreb>38</dreb>
<reb>52</reb>
<ast>19</ast>
<stl>9</stl>
<blk>3</blk>
<to>24</to>
<pf>18</pf>
<pts>90</pts>
</team>
</game>