<game>
<id>400489106</id>
<date>7:30 PM ET, November 29, 2013</date>
<team>
<name>Los Angeles Lakers</name>
<player>
<name>Pau Gasol</name>
<pos>PF</pos>
<start>true</start>
<min>33</min>
<fgm>5</fgm>
<fga>14</fga>
<tpm>0</tpm>
<tpa>0</tpa>
<ftm>3</ftm>
<fta>5</fta>
<oreb>4</oreb>
<dreb>8</dreb>
<reb>12</reb>
<ast>3</ast>
<stl>0</stl>
<blk>2</blk>
<to>3</to>
<pf>2</pf>
<pam>+3</pam>
<pts>13</pts>
<dnp>false</dnp>
</player>
<player>
<name>Jordan Hill</name>
<pos>PF</pos>
<start>true</start>
<min>14</min>
<fgm>1</fgm>
<fga>1</fga>
<tpm>0</tpm>
<tpa>0</tpa>
<ftm>0</ftm>
<fta>0</fta>
<oreb>0</oreb>
<dreb>4</dreb>
<reb>4</reb>
<ast>0</ast>
<stl>0</stl>
<blk>1</blk>
<to>2</to>
<pf>1</pf>
<pam>-11</pam>
<pts>2</pts>
<dnp>false</dnp>
</player>
<player>
<name>Wesley Johnson</name>
<pos>SF</pos>
<start>true</start>
<min>33</min>
<fgm>9</fgm>
<fga>11</fga>
<tpm>6</tpm>
<tpa>7</tpa>
<ftm>3</ftm>
<fta>4</fta>
<oreb>1</oreb>
<dreb>5</dreb>
<reb>6</reb>
<ast>2</ast>
<stl>0</stl>
<blk>3</blk>
<to>2</to>
<pf>2</pf>
<pam>0</pam>
<pts>27</pts>
<dnp>false</dnp>
</player>
<player>
<name>Steve Blake</name>
<pos>PG</pos>
<start>true</start>
<min>24</min>
<fgm>1</fgm>
<fga>6</fga>
<tpm>0</tpm>
<tpa>4</tpa>
<ftm>0</ftm>
<fta>0</fta>
<oreb>0</oreb>
<dreb>4</dreb>
<reb>4</reb>
<ast>10</ast>
<stl>1</stl>
<blk>0</blk>
<to>5</to>
<pf>2</pf>
<pam>-1</pam>
<pts>2</pts>
<dnp>false</dnp>
</player>
<player>
<name>Jodie Meeks</name>
<pos>SG</pos>
<start>true</start>
<min>27</min>
<fgm>3</fgm>
<fga>8</fga>
<tpm>0</tpm>
<tpa>2</tpa>
<ftm>4</ftm>
<fta>4</fta>
<oreb>1</oreb>
<dreb>0</dreb>
<reb>1</reb>
<ast>0</ast>
<stl>3</stl>
<blk>0</blk>
<to>0</to>
<pf>1</pf>
<pam>-6</pam>
<pts>10</pts>
<dnp>false</dnp>
</player>
<player>
<name>Xavier Henry</name>
<pos>SF</pos>
<start>false</start>
<min>13</min>
<fgm>1</fgm>
<fga>3</fga>
<tpm>0</tpm>
<tpa>0</tpa>
<ftm>1</ftm>
<fta>3</fta>
<oreb>0</oreb>
<dreb>1</dreb>
<reb>1</reb>
<ast>1</ast>
<stl>2</stl>
<blk>0</blk>
<to>0</to>
<pf>4</pf>
<pam>+4</pam>
<pts>3</pts>
<dnp>false</dnp>
</player>
<player>
<name>Shawne Williams</name>
<pos>SF</pos>
<start>false</start>
<min>31</min>
<fgm>7</fgm>
<fga>13</fga>
<tpm>6</tpm>
<tpa>11</tpa>
<ftm>0</ftm>
<fta>0</fta>
<oreb>3</oreb>
<dreb>6</dreb>
<reb>9</reb>
<ast>3</ast>
<stl>2</stl>
<blk>1</blk>
<to>0</to>
<pf>5</pf>
<pam>+9</pam>
<pts>20</pts>
<dnp>false</dnp>
</player>
<player>
<name>Nick Young</name>
<pos>SF</pos>
<start>false</start>
<min>28</min>
<fgm>3</fgm>
<fga>12</fga>
<tpm>0</tpm>
<tpa>2</tpa>
<ftm>6</ftm>
<fta>7</fta>
<oreb>0</oreb>
<dreb>1</dreb>
<reb>1</reb>
<ast>2</ast>
<stl>2</stl>
<blk>0</blk>
<to>1</to>
<pf>2</pf>
<pam>+10</pam>
<pts>12</pts>
<dnp>false</dnp>
</player>
<player>
<name>Robert Sacre</name>
<pos>C</pos>
<start>false</start>
<min>13</min>
<fgm>1</fgm>
<fga>1</fga>
<tpm>0</tpm>
<tpa>0</tpa>
<ftm>2</ftm>
<fta>4</fta>
<oreb>0</oreb>
<dreb>1</dreb>
<reb>1</reb>
<ast>0</ast>
<stl>0</stl>
<blk>1</blk>
<to>1</to>
<pf>1</pf>
<pam>+7</pam>
<pts>4</pts>
<dnp>false</dnp>
</player>
<player>
<name>Jordan Farmar</name>
<pos>PG</pos>
<start>false</start>
<min>24</min>
<fgm>5</fgm>
<fga>11</fga>
<tpm>2</tpm>
<tpa>5</tpa>
<ftm>1</ftm>
<fta>3</fta>
<oreb>2</oreb>
<dreb>3</dreb>
<reb>5</reb>
<ast>3</ast>
<stl>1</stl>
<blk>0</blk>
<to>3</to>
<pf>1</pf>
<pam>+5</pam>
<pts>13</pts>
<dnp>false</dnp>
</player>
<player>
<name>Chris Kaman</name>
<pos>C</pos>
<start>false</start>
<min>0</min>
<fgm>0</fgm>
<fga>0</fga>
<tpm>0</tpm>
<tpa>0</tpa>
<ftm>0</ftm>
<fta>0</fta>
<oreb>0</oreb>
<dreb>0</dreb>
<reb>0</reb>
<ast>0</ast>
<stl>0</stl>
<blk>0</blk>
<to>0</to>
<pf>0</pf>
<pam>0</pam>
<pts>0</pts>
<dnp>true</dnp>
</player>
<home>false</home>
<win>true</win>
<fgm>36</fgm>
<fga>80</fga>
<tpm>14</tpm>
<tpa>31</tpa>
<ftm>20</ftm>
<fta>30</fta>
<oreb>11</oreb>
<dreb>33</dreb>
<reb>44</reb>
<ast>24</ast>
<stl>11</stl>
<blk>8</blk>
<to>17</to>
<pf>21</pf>
<pts>106</pts>
</team>
<team>
<name>Detroit Pistons</name>
<player>
<name>Greg Monroe</name>
<pos>PF</pos>
<start>true</start>
<min>35</min>
<fgm>9</fgm>
<fga>15</fga>
<tpm>0</tpm>
<tpa>0</tpa>
<ftm>1</ftm>
<fta>3</fta>
<oreb>2</oreb>
<dreb>6</dreb>
<reb>8</reb>
<ast>3</ast>
<stl>1</stl>
<blk>0</blk>
<to>1</to>
<pf>2</pf>
<pam>-3</pam>
<pts>19</pts>
<dnp>false</dnp>
</player>
<player>
<name>Josh Smith</name>
<pos>SF</pos>
<start>true</start>
<min>44</min>
<fgm>4</fgm>
<fga>16</fga>
<tpm>0</tpm>
<tpa>1</tpa>
<ftm>0</ftm>
<fta>4</fta>
<oreb>7</oreb>
<dreb>12</dreb>
<reb>19</reb>
<ast>8</ast>
<stl>5</stl>
<blk>2</blk>
<to>5</to>
<pf>3</pf>
<pam>-2</pam>
<pts>8</pts>
<dnp>false</dnp>
</player>
<player>
<name>Andre Drummond</name>
<pos>C</pos>
<start>true</start>
<min>16</min>
<fgm>5</fgm>
<fga>10</fga>
<tpm>0</tpm>
<tpa>0</tpa>
<ftm>3</ftm>
<fta>4</fta>
<oreb>6</oreb>
<dreb>5</dreb>
<reb>11</reb>
<ast>0</ast>
<stl>1</stl>
<blk>1</blk>
<to>0</to>
<pf>4</pf>
<pam>+9</pam>
<pts>13</pts>
<dnp>false</dnp>
</player>
<player>
<name>Brandon Jennings</name>
<pos>PG</pos>
<start>true</start>
<min>41</min>
<fgm>8</fgm>
<fga>17</fga>
<tpm>0</tpm>
<tpa>1</tpa>
<ftm>3</ftm>
<fta>5</fta>
<oreb>1</oreb>
<dreb>1</dreb>
<reb>2</reb>
<ast>9</ast>
<stl>0</stl>
<blk>0</blk>
<to>4</to>
<pf>3</pf>
<pam>-2</pam>
<pts>19</pts>
<dnp>false</dnp>
</player>
<player>
<name>Kentavious Caldwell-Pope</name>
<pos>SG</pos>
<start>true</start>
<min>15</min>
<fgm>3</fgm>
<fga>7</fga>
<tpm>0</tpm>
<tpa>2</tpa>
<ftm>0</ftm>
<fta>0</fta>
<oreb>1</oreb>
<dreb>2</dreb>
<reb>3</reb>
<ast>0</ast>
<stl>0</stl>
<blk>0</blk>
<to>0</to>
<pf>2</pf>
<pam>+6</pam>
<pts>6</pts>
<dnp>false</dnp>
</player>
<player>
<name>Josh Harrellson</name>
<pos>PF</pos>
<start>false</start>
<min>12</min>
<fgm>2</fgm>
<fga>4</fga>
<tpm>0</tpm>
<tpa>0</tpa>
<ftm>0</ftm>
<fta>0</fta>
<oreb>3</oreb>
<dreb>0</dreb>
<reb>3</reb>
<ast>2</ast>
<stl>1</stl>
<blk>0</blk>
<to>0</to>
<pf>1</pf>
<pam>+3</pam>
<pts>4</pts>
<dnp>false</dnp>
</player>
<player>
<name>Charlie Villanueva</name>
<pos>PF</pos>
<start>false</start>
<min>4</min>
<fgm>1</fgm>
<fga>3</fga>
<tpm>0</tpm>
<tpa>1</tpa>
<ftm>0</ftm>
<fta>0</fta>
<oreb>0</oreb>
<dreb>1</dreb>
<reb>1</reb>
<ast>0</ast>
<stl>0</stl>
<blk>0</blk>
<to>0</to>
<pf>0</pf>
<pam>-2</pam>
<pts>2</pts>
<dnp>false</dnp>
</player>
<player>
<name>Kyle Singler</name>
<pos>SF</pos>
<start>false</start>
<min>33</min>
<fgm>3</fgm>
<fga>9</fga>
<tpm>1</tpm>
<tpa>3</tpa>
<ftm>0</ftm>
<fta>0</fta>
<oreb>0</oreb>
<dreb>5</dreb>
<reb>5</reb>
<ast>1</ast>
<stl>1</stl>
<blk>0</blk>
<to>0</to>
<pf>5</pf>
<pam>-17</pam>
<pts>7</pts>
<dnp>false</dnp>
</player>
<player>
<name>Peyton Siva</name>
<pos>PG</pos>
<start>false</start>
<min>7</min>
<fgm>1</fgm>
<fga>2</fga>
<tpm>0</tpm>
<tpa>0</tpa>
<ftm>0</ftm>
<fta>0</fta>
<oreb>1</oreb>
<dreb>0</dreb>
<reb>1</reb>
<ast>0</ast>
<stl>0</stl>
<blk>0</blk>
<to>2</to>
<pf>0</pf>
<pam>-2</pam>
<pts>2</pts>
<dnp>false</dnp>
</player>
<player>
<name>Rodney Stuckey</name>
<pos>PG</pos>
<start>false</start>
<min>33</min>
<fgm>8</fgm>
<fga>17</fga>
<tpm>0</tpm>
<tpa>0</tpa>
<ftm>6</ftm>
<fta>9</fta>
<oreb>1</oreb>
<dreb>1</dreb>
<reb>2</reb>
<ast>2</ast>
<stl>1</stl>
<blk>0</blk>
<to>1</to>
<pf>2</pf>
<pam>-10</pam>
<pts>22</pts>
<dnp>false</dnp>
</player>
<player>
<name>Tony Mitchell</name>
<pos>PF</pos>
<start>false</start>
<min>0</min>
<fgm>0</fgm>
<fga>0</fga>
<tpm>0</tpm>
<tpa>0</tpa>
<ftm>0</ftm>
<fta>0</fta>
<oreb>0</oreb>
<dreb>0</dreb>
<reb>0</reb>
<ast>0</ast>
<stl>0</stl>
<blk>0</blk>
<to>0</to>
<pf>0</pf>
<pam>0</pam>
<pts>0</pts>
<dnp>true</dnp>
</player>
<player>
<name>Jonas Jerebko</name>
<pos>PF</pos>
<start>false</start>
<min>0</min>
<fgm>0</fgm>
<fga>0</fga>
<tpm>0</tpm>
<tpa>0</tpa>
<ftm>0</ftm>
<fta>0</fta>
<oreb>0</oreb>
<dreb>0</dreb>
<reb>0</reb>
<ast>0</ast>
<stl>0</stl>
<blk>0</blk>
<to>0</to>
<pf>0</pf>
<pam>0</pam>
<pts>0</pts>
<dnp>true</dnp>
</player>
<home>true</home>
<win>false</win>
<fgm>44</fgm>
<fga>100</fga>
<tpm>1</tpm>
<tpa>8</tpa>
<ftm>13</ftm>
<fta>25</fta>
<oreb>22</oreb>
<dreb>33</dreb>
<reb>55</reb>
<ast>25</ast>
<stl>10</stl>
<blk>3</blk>
<to>13</to>
<pf>22</pf>
<pts>102</pts>
</team>
</game>