<game>
<id>400489112</id>
<date>9:00 PM ET, November 29, 2013</date>
<team>
<name>Phoenix Suns</name>
<player>
<name>Channing Frye</name>
<pos>PF</pos>
<start>true</start>
<min>22</min>
<fgm>5</fgm>
<fga>7</fga>
<tpm>3</tpm>
<tpa>5</tpa>
<ftm>0</ftm>
<fta>0</fta>
<oreb>1</oreb>
<dreb>1</dreb>
<reb>2</reb>
<ast>1</ast>
<stl>0</stl>
<blk>1</blk>
<to>0</to>
<pf>4</pf>
<pam>-9</pam>
<pts>13</pts>
<dnp>false</dnp>
</player>
<player>
<name>P.J. Tucker</name>
<pos>SF</pos>
<start>true</start>
<min>37</min>
<fgm>1</fgm>
<fga>6</fga>
<tpm>0</tpm>
<tpa>3</tpa>
<ftm>4</ftm>
<fta>4</fta>
<oreb>1</oreb>
<dreb>3</dreb>
<reb>4</reb>
<ast>2</ast>
<stl>0</stl>
<blk>0</blk>
<to>1</to>
<pf>2</pf>
<pam>+6</pam>
<pts>6</pts>
<dnp>false</dnp>
</player>
<player>
<name>Miles Plumlee</name>
<pos>C</pos>
<start>true</start>
<min>33</min>
<fgm>6</fgm>
<fga>9</fga>
<tpm>0</tpm>
<tpa>0</tpa>
<ftm>3</ftm>
<fta>4</fta>
<oreb>2</oreb>
<dreb>8</dreb>
<reb>10</reb>
<ast>2</ast>
<stl>0</stl>
<blk>1</blk>
<to>0</to>
<pf>3</pf>
<pam>+24</pam>
<pts>15</pts>
<dnp>false</dnp>
</player>
<player>
<name>Gerald Green</name>
<pos>SG</pos>
<start>true</start>
<min>29</min>
<fgm>5</fgm>
<fga>11</fga>
<tpm>3</tpm>
<tpa>8</tpa>
<ftm>0</ftm>
<fta>0</fta>
<oreb>0</oreb>
<dreb>1</dreb>
<reb>1</reb>
<ast>1</ast>
<stl>0</stl>
<blk>0</blk>
<to>1</to>
<pf>0</pf>
<pam>-5</pam>
<pts>13</pts>
<dnp>false</dnp>
</player>
<player>
<name>Goran Dragic</name>
<pos>SG</pos>
<start>true</start>
<min>39</min>
<fgm>7</fgm>
<fga>12</fga>
<tpm>0</tpm>
<tpa>2</tpa>
<ftm>5</ftm>
<fta>5</fta>
<oreb>0</oreb>
<dreb>3</dreb>
<reb>3</reb>
<ast>9</ast>
<stl>0</stl>
<blk>2</blk>
<to>2</to>
<pf>1</pf>
<pam>+19</pam>
<pts>19</pts>
<dnp>false</dnp>
</player>
<player>
<name>Markieff Morris</name>
<pos>PF</pos>
<start>false</start>
<min>28</min>
<fgm>8</fgm>
<fga>13</fga>
<tpm>1</tpm>
<tpa>2</tpa>
<ftm>6</ftm>
<fta>6</fta>
<oreb>1</oreb>
<dreb>2</dreb>
<reb>3</reb>
<ast>0</ast>
<stl>1</stl>
<blk>1</blk>
<to>2</to>
<pf>3</pf>
<pam>+11</pam>
<pts>23</pts>
<dnp>false</dnp>
</player>
<player>
<name>Marcus Morris</name>
<pos>PF</pos>
<start>false</start>
<min>17</min>
<fgm>2</fgm>
<fga>5</fga>
<tpm>0</tpm>
<tpa>2</tpa>
<ftm>0</ftm>
<fta>0</fta>
<oreb>0</oreb>
<dreb>0</dreb>
<reb>0</reb>
<ast>1</ast>
<stl>0</stl>
<blk>0</blk>
<to>0</to>
<pf>1</pf>
<pam>+8</pam>
<pts>4</pts>
<dnp>false</dnp>
</player>
<player>
<name>Eric Bledsoe</name>
<pos>PG</pos>
<start>false</start>
<min>28</min>
<fgm>7</fgm>
<fga>11</fga>
<tpm>1</tpm>
<tpa>2</tpa>
<ftm>4</ftm>
<fta>6</fta>
<oreb>1</oreb>
<dreb>5</dreb>
<reb>6</reb>
<ast>2</ast>
<stl>3</stl>
<blk>0</blk>
<to>2</to>
<pf>2</pf>
<pam>+10</pam>
<pts>19</pts>
<dnp>false</dnp>
</player>
<player>
<name>Archie Goodwin</name>
<pos>SG</pos>
<start>false</start>
<min>4</min>
<fgm>0</fgm>
<fga>1</fga>
<tpm>0</tpm>
<tpa>1</tpa>
<ftm>0</ftm>
<fta>0</fta>
<oreb>0</oreb>
<dreb>1</dreb>
<reb>1</reb>
<ast>0</ast>
<stl>0</stl>
<blk>0</blk>
<to>0</to>
<pf>1</pf>
<pam>-3</pam>
<pts>0</pts>
<dnp>false</dnp>
</player>
<player>
<name>Dionte Christmas</name>
<pos>SG</pos>
<start>false</start>
<min>2</min>
<fgm>0</fgm>
<fga>0</fga>
<tpm>0</tpm>
<tpa>0</tpa>
<ftm>0</ftm>
<fta>0</fta>
<oreb>0</oreb>
<dreb>0</dreb>
<reb>0</reb>
<ast>0</ast>
<stl>0</stl>
<blk>0</blk>
<to>0</to>
<pf>0</pf>
<pam>-6</pam>
<pts>0</pts>
<dnp>false</dnp>
</player>
<player>
<name>Slava Kravtsov</name>
<pos>C</pos>
<start>false</start>
<min>0</min>
<fgm>0</fgm>
<fga>0</fga>
<tpm>0</tpm>
<tpa>0</tpa>
<ftm>0</ftm>
<fta>0</fta>
<oreb>0</oreb>
<dreb>0</dreb>
<reb>0</reb>
<ast>0</ast>
<stl>0</stl>
<blk>0</blk>
<to>0</to>
<pf>0</pf>
<pam>0</pam>
<pts>0</pts>
<dnp>true</dnp>
</player>
<player>
<name>Alex Len</name>
<pos>C</pos>
<start>false</start>
<min>0</min>
<fgm>0</fgm>
<fga>0</fga>
<tpm>0</tpm>
<tpa>0</tpa>
<ftm>0</ftm>
<fta>0</fta>
<oreb>0</oreb>
<dreb>0</dreb>
<reb>0</reb>
<ast>0</ast>
<stl>0</stl>
<blk>0</blk>
<to>0</to>
<pf>0</pf>
<pam>0</pam>
<pts>0</pts>
<dnp>true</dnp>
</player>
<home>false</home>
<win>true</win>
<fgm>41</fgm>
<fga>75</fga>
<tpm>8</tpm>
<tpa>25</tpa>
<ftm>22</ftm>
<fta>25</fta>
<oreb>6</oreb>
<dreb>24</dreb>
<reb>30</reb>
<ast>18</ast>
<stl>4</stl>
<blk>5</blk>
<to>8</to>
<pf>17</pf>
<pts>112</pts>
</team>
<team>
<name>Utah Jazz</name>
<player>
<name>Marvin Williams</name>
<pos>PF</pos>
<start>true</start>
<min>28</min>
<fgm>7</fgm>
<fga>11</fga>
<tpm>2</tpm>
<tpa>6</tpa>
<ftm>2</ftm>
<fta>2</fta>
<oreb>2</oreb>
<dreb>5</dreb>
<reb>7</reb>
<ast>2</ast>
<stl>0</stl>
<blk>0</blk>
<to>0</to>
<pf>0</pf>
<pam>-8</pam>
<pts>18</pts>
<dnp>false</dnp>
</player>
<player>
<name>Richard Jefferson</name>
<pos>SF</pos>
<start>true</start>
<min>23</min>
<fgm>2</fgm>
<fga>5</fga>
<tpm>0</tpm>
<tpa>3</tpa>
<ftm>2</ftm>
<fta>2</fta>
<oreb>1</oreb>
<dreb>1</dreb>
<reb>2</reb>
<ast>3</ast>
<stl>0</stl>
<blk>0</blk>
<to>2</to>
<pf>1</pf>
<pam>-13</pam>
<pts>6</pts>
<dnp>false</dnp>
</player>
<player>
<name>Derrick Favors</name>
<pos>C</pos>
<start>true</start>
<min>25</min>
<fgm>6</fgm>
<fga>8</fga>
<tpm>0</tpm>
<tpa>0</tpa>
<ftm>3</ftm>
<fta>4</fta>
<oreb>1</oreb>
<dreb>3</dreb>
<reb>4</reb>
<ast>2</ast>
<stl>0</stl>
<blk>0</blk>
<to>2</to>
<pf>0</pf>
<pam>-20</pam>
<pts>15</pts>
<dnp>false</dnp>
</player>
<player>
<name>Trey Burke</name>
<pos>PG</pos>
<start>true</start>
<min>25</min>
<fgm>6</fgm>
<fga>14</fga>
<tpm>1</tpm>
<tpa>4</tpa>
<ftm>0</ftm>
<fta>0</fta>
<oreb>0</oreb>
<dreb>1</dreb>
<reb>1</reb>
<ast>3</ast>
<stl>1</stl>
<blk>0</blk>
<to>0</to>
<pf>2</pf>
<pam>-7</pam>
<pts>13</pts>
<dnp>false</dnp>
</player>
<player>
<name>Gordon Hayward</name>
<pos>SG</pos>
<start>true</start>
<min>34</min>
<fgm>4</fgm>
<fga>10</fga>
<tpm>0</tpm>
<tpa>2</tpa>
<ftm>3</ftm>
<fta>3</fta>
<oreb>2</oreb>
<dreb>5</dreb>
<reb>7</reb>
<ast>6</ast>
<stl>1</stl>
<blk>0</blk>
<to>2</to>
<pf>2</pf>
<pam>-4</pam>
<pts>11</pts>
<dnp>false</dnp>
</player>
<player>
<name>Jeremy Evans</name>
<pos>SF</pos>
<start>false</start>
<min>26</min>
<fgm>5</fgm>
<fga>8</fga>
<tpm>0</tpm>
<tpa>0</tpa>
<ftm>0</ftm>
<fta>2</fta>
<oreb>3</oreb>
<dreb>4</dreb>
<reb>7</reb>
<ast>1</ast>
<stl>2</stl>
<blk>1</blk>
<to>1</to>
<pf>4</pf>
<pam>+2</pam>
<pts>10</pts>
<dnp>false</dnp>
</player>
<player>
<name>Enes Kanter</name>
<pos>C</pos>
<start>false</start>
<min>19</min>
<fgm>3</fgm>
<fga>7</fga>
<tpm>0</tpm>
<tpa>0</tpa>
<ftm>0</ftm>
<fta>0</fta>
<oreb>2</oreb>
<dreb>2</dreb>
<reb>4</reb>
<ast>0</ast>
<stl>0</stl>
<blk>0</blk>
<to>2</to>
<pf>5</pf>
<pam>+3</pam>
<pts>6</pts>
<dnp>false</dnp>
</player>
<player>
<name>Andris Biedrins</name>
<pos>C</pos>
<start>false</start>
<min>4</min>
<fgm>0</fgm>
<fga>0</fga>
<tpm>0</tpm>
<tpa>0</tpa>
<ftm>0</ftm>
<fta>0</fta>
<oreb>0</oreb>
<dreb>0</dreb>
<reb>0</reb>
<ast>0</ast>
<stl>0</stl>
<blk>0</blk>
<to>0</to>
<pf>1</pf>
<pam>+6</pam>
<pts>0</pts>
<dnp>false</dnp>
</player>
<player>
<name>Alec Burks</name>
<pos>PG</pos>
<start>false</start>
<min>24</min>
<fgm>5</fgm>
<fga>12</fga>
<tpm>0</tpm>
<tpa>0</tpa>
<ftm>6</ftm>
<fta>7</fta>
<oreb>2</oreb>
<dreb>3</dreb>
<reb>5</reb>
<ast>0</ast>
<stl>0</stl>
<blk>0</blk>
<to>1</to>
<pf>2</pf>
<pam>-3</pam>
<pts>16</pts>
<dnp>false</dnp>
</player>
<player>
<name>Diante Garrett</name>
<pos>PG</pos>
<start>false</start>
<min>2</min>
<fgm>0</fgm>
<fga>0</fga>
<tpm>0</tpm>
<tpa>0</tpa>
<ftm>0</ftm>
<fta>0</fta>
<oreb>0</oreb>
<dreb>1</dreb>
<reb>1</reb>
<ast>1</ast>
<stl>0</stl>
<blk>0</blk>
<to>0</to>
<pf>0</pf>
<pam>+2</pam>
<pts>0</pts>
<dnp>false</dnp>
</player>
<player>
<name>John Lucas III</name>
<pos>PG</pos>
<start>false</start>
<min>17</min>
<fgm>2</fgm>
<fga>6</fga>
<tpm>2</tpm>
<tpa>4</tpa>
<ftm>0</ftm>
<fta>0</fta>
<oreb>0</oreb>
<dreb>0</dreb>
<reb>0</reb>
<ast>1</ast>
<stl>1</stl>
<blk>0</blk>
<to>0</to>
<pf>1</pf>
<pam>-9</pam>
<pts>6</pts>
<dnp>false</dnp>
</player>
<player>
<name>Brandon Rush</name>
<pos>SG</pos>
<start>false</start>
<min>13</min>
<fgm>0</fgm>
<fga>2</fga>
<tpm>0</tpm>
<tpa>1</tpa>
<ftm>0</ftm>
<fta>0</fta>
<oreb>0</oreb>
<dreb>1</dreb>
<reb>1</reb>
<ast>2</ast>
<stl>0</stl>
<blk>0</blk>
<to>1</to>
<pf>0</pf>
<pam>-4</pam>
<pts>0</pts>
<dnp>false</dnp>
</player>
<home>true</home>
<win>false</win>
<fgm>40</fgm>
<fga>83</fga>
<tpm>5</tpm>
<tpa>20</tpa>
<ftm>16</ftm>
<fta>20</fta>
<oreb>13</oreb>
<dreb>26</dreb>
<reb>39</reb>
<ast>21</ast>
<stl>5</stl>
<blk>1</blk>
<to>11</to>
<pf>18</pf>
<pts>101</pts>
</team>
</game>