<game>
<id>400488938</id>
<date>8:00 PM ET, November 6, 2013</date>
<team>
<name>New Orleans Pelicans</name>
<player>
<name>Anthony Davis</name>
<pos>PF</pos>
<start>true</start>
<min>37</min>
<fgm>5</fgm>
<fga>14</fga>
<tpm>0</tpm>
<tpa>0</tpa>
<ftm>8</ftm>
<fta>9</fta>
<oreb>2</oreb>
<dreb>7</dreb>
<reb>9</reb>
<ast>2</ast>
<stl>3</stl>
<blk>3</blk>
<to>0</to>
<pf>1</pf>
<pam>+4</pam>
<pts>18</pts>
<dnp>false</dnp>
</player>
<player>
<name>Al-Farouq Aminu</name>
<pos>SF</pos>
<start>true</start>
<min>24</min>
<fgm>4</fgm>
<fga>7</fga>
<tpm>0</tpm>
<tpa>1</tpa>
<ftm>1</ftm>
<fta>2</fta>
<oreb>3</oreb>
<dreb>4</dreb>
<reb>7</reb>
<ast>1</ast>
<stl>1</stl>
<blk>0</blk>
<to>1</to>
<pf>0</pf>
<pam>+13</pam>
<pts>9</pts>
<dnp>false</dnp>
</player>
<player>
<name>Jason Smith</name>
<pos>C</pos>
<start>true</start>
<min>29</min>
<fgm>4</fgm>
<fga>8</fga>
<tpm>0</tpm>
<tpa>0</tpa>
<ftm>2</ftm>
<fta>2</fta>
<oreb>2</oreb>
<dreb>2</dreb>
<reb>4</reb>
<ast>0</ast>
<stl>0</stl>
<blk>0</blk>
<to>1</to>
<pf>5</pf>
<pam>+6</pam>
<pts>10</pts>
<dnp>false</dnp>
</player>
<player>
<name>Jrue Holiday</name>
<pos>PG</pos>
<start>true</start>
<min>31</min>
<fgm>5</fgm>
<fga>11</fga>
<tpm>1</tpm>
<tpa>2</tpa>
<ftm>0</ftm>
<fta>0</fta>
<oreb>0</oreb>
<dreb>0</dreb>
<reb>0</reb>
<ast>3</ast>
<stl>2</stl>
<blk>0</blk>
<to>4</to>
<pf>4</pf>
<pam>+19</pam>
<pts>11</pts>
<dnp>false</dnp>
</player>
<player>
<name>Eric Gordon</name>
<pos>SG</pos>
<start>true</start>
<min>34</min>
<fgm>6</fgm>
<fga>14</fga>
<tpm>1</tpm>
<tpa>4</tpa>
<ftm>6</ftm>
<fta>6</fta>
<oreb>2</oreb>
<dreb>2</dreb>
<reb>4</reb>
<ast>2</ast>
<stl>2</stl>
<blk>1</blk>
<to>1</to>
<pf>0</pf>
<pam>+19</pam>
<pts>19</pts>
<dnp>false</dnp>
</player>
<player>
<name>Lance Thomas</name>
<pos>SF</pos>
<start>false</start>
<min>4</min>
<fgm>0</fgm>
<fga>0</fga>
<tpm>0</tpm>
<tpa>0</tpa>
<ftm>0</ftm>
<fta>0</fta>
<oreb>0</oreb>
<dreb>0</dreb>
<reb>0</reb>
<ast>0</ast>
<stl>0</stl>
<blk>0</blk>
<to>0</to>
<pf>0</pf>
<pam>+3</pam>
<pts>0</pts>
<dnp>false</dnp>
</player>
<player>
<name>Tyreke Evans</name>
<pos>SF</pos>
<start>false</start>
<min>30</min>
<fgm>7</fgm>
<fga>12</fga>
<tpm>0</tpm>
<tpa>1</tpa>
<ftm>2</ftm>
<fta>2</fta>
<oreb>2</oreb>
<dreb>5</dreb>
<reb>7</reb>
<ast>4</ast>
<stl>0</stl>
<blk>1</blk>
<to>3</to>
<pf>3</pf>
<pam>-3</pam>
<pts>16</pts>
<dnp>false</dnp>
</player>
<player>
<name>Greg Stiemsma</name>
<pos>C</pos>
<start>false</start>
<min>24</min>
<fgm>2</fgm>
<fga>2</fga>
<tpm>0</tpm>
<tpa>0</tpa>
<ftm>0</ftm>
<fta>0</fta>
<oreb>2</oreb>
<dreb>3</dreb>
<reb>5</reb>
<ast>1</ast>
<stl>0</stl>
<blk>0</blk>
<to>1</to>
<pf>3</pf>
<pam>+17</pam>
<pts>4</pts>
<dnp>false</dnp>
</player>
<player>
<name>Brian Roberts</name>
<pos>PG</pos>
<start>false</start>
<min>16</min>
<fgm>2</fgm>
<fga>4</fga>
<tpm>1</tpm>
<tpa>3</tpa>
<ftm>0</ftm>
<fta>0</fta>
<oreb>0</oreb>
<dreb>2</dreb>
<reb>2</reb>
<ast>3</ast>
<stl>1</stl>
<blk>0</blk>
<to>1</to>
<pf>1</pf>
<pam>-1</pam>
<pts>5</pts>
<dnp>false</dnp>
</player>
<player>
<name>Austin Rivers</name>
<pos>SG</pos>
<start>false</start>
<min>0</min>
<fgm>0</fgm>
<fga>0</fga>
<tpm>0</tpm>
<tpa>0</tpa>
<ftm>0</ftm>
<fta>0</fta>
<oreb>0</oreb>
<dreb>0</dreb>
<reb>0</reb>
<ast>0</ast>
<stl>0</stl>
<blk>0</blk>
<to>0</to>
<pf>0</pf>
<pam>-2</pam>
<pts>0</pts>
<dnp>false</dnp>
</player>
<player>
<name>Anthony Morrow</name>
<pos>SG</pos>
<start>false</start>
<min>12</min>
<fgm>3</fgm>
<fga>6</fga>
<tpm>1</tpm>
<tpa>2</tpa>
<ftm>0</ftm>
<fta>0</fta>
<oreb>0</oreb>
<dreb>1</dreb>
<reb>1</reb>
<ast>0</ast>
<stl>1</stl>
<blk>0</blk>
<to>1</to>
<pf>0</pf>
<pam>0</pam>
<pts>7</pts>
<dnp>false</dnp>
</player>
<player>
<name>Arinze Onuaku</name>
<pos>PF</pos>
<start>false</start>
<min>0</min>
<fgm>0</fgm>
<fga>0</fga>
<tpm>0</tpm>
<tpa>0</tpa>
<ftm>0</ftm>
<fta>0</fta>
<oreb>0</oreb>
<dreb>0</dreb>
<reb>0</reb>
<ast>0</ast>
<stl>0</stl>
<blk>0</blk>
<to>0</to>
<pf>0</pf>
<pam>0</pam>
<pts>0</pts>
<dnp>true</dnp>
</player>
<home>false</home>
<win>true</win>
<fgm>38</fgm>
<fga>78</fga>
<tpm>4</tpm>
<tpa>13</tpa>
<ftm>19</ftm>
<fta>21</fta>
<oreb>13</oreb>
<dreb>26</dreb>
<reb>39</reb>
<ast>16</ast>
<stl>10</stl>
<blk>5</blk>
<to>13</to>
<pf>17</pf>
<pts>99</pts>
</team>
<team>
<name>Memphis Grizzlies</name>
<player>
<name>Zach Randolph</name>
<pos>PF</pos>
<start>true</start>
<min>8</min>
<fgm>1</fgm>
<fga>1</fga>
<tpm>0</tpm>
<tpa>0</tpa>
<ftm>0</ftm>
<fta>0</fta>
<oreb>0</oreb>
<dreb>0</dreb>
<reb>0</reb>
<ast>1</ast>
<stl>0</stl>
<blk>0</blk>
<to>2</to>
<pf>1</pf>
<pam>-10</pam>
<pts>2</pts>
<dnp>false</dnp>
</player>
<player>
<name>Tayshaun Prince</name>
<pos>SF</pos>
<start>true</start>
<min>17</min>
<fgm>2</fgm>
<fga>4</fga>
<tpm>0</tpm>
<tpa>0</tpa>
<ftm>0</ftm>
<fta>0</fta>
<oreb>0</oreb>
<dreb>2</dreb>
<reb>2</reb>
<ast>1</ast>
<stl>0</stl>
<blk>1</blk>
<to>2</to>
<pf>1</pf>
<pam>-6</pam>
<pts>4</pts>
<dnp>false</dnp>
</player>
<player>
<name>Marc Gasol</name>
<pos>C</pos>
<start>true</start>
<min>31</min>
<fgm>4</fgm>
<fga>11</fga>
<tpm>0</tpm>
<tpa>0</tpa>
<ftm>3</ftm>
<fta>4</fta>
<oreb>0</oreb>
<dreb>1</dreb>
<reb>1</reb>
<ast>4</ast>
<stl>1</stl>
<blk>1</blk>
<to>3</to>
<pf>3</pf>
<pam>-19</pam>
<pts>11</pts>
<dnp>false</dnp>
</player>
<player>
<name>Mike Conley</name>
<pos>PG</pos>
<start>true</start>
<min>34</min>
<fgm>10</fgm>
<fga>16</fga>
<tpm>0</tpm>
<tpa>4</tpa>
<ftm>6</ftm>
<fta>6</fta>
<oreb>0</oreb>
<dreb>1</dreb>
<reb>1</reb>
<ast>1</ast>
<stl>1</stl>
<blk>0</blk>
<to>1</to>
<pf>1</pf>
<pam>-25</pam>
<pts>26</pts>
<dnp>false</dnp>
</player>
<player>
<name>Tony Allen</name>
<pos>SG</pos>
<start>true</start>
<min>22</min>
<fgm>3</fgm>
<fga>6</fga>
<tpm>0</tpm>
<tpa>1</tpa>
<ftm>0</ftm>
<fta>0</fta>
<oreb>2</oreb>
<dreb>3</dreb>
<reb>5</reb>
<ast>1</ast>
<stl>1</stl>
<blk>1</blk>
<to>2</to>
<pf>1</pf>
<pam>-4</pam>
<pts>6</pts>
<dnp>false</dnp>
</player>
<player>
<name>Ed Davis</name>
<pos>PF</pos>
<start>false</start>
<min>24</min>
<fgm>3</fgm>
<fga>4</fga>
<tpm>0</tpm>
<tpa>0</tpa>
<ftm>1</ftm>
<fta>2</fta>
<oreb>2</oreb>
<dreb>3</dreb>
<reb>5</reb>
<ast>2</ast>
<stl>0</stl>
<blk>0</blk>
<to>0</to>
<pf>3</pf>
<pam>+2</pam>
<pts>7</pts>
<dnp>false</dnp>
</player>
<player>
<name>Jon Leuer</name>
<pos>PF</pos>
<start>false</start>
<min>13</min>
<fgm>2</fgm>
<fga>5</fga>
<tpm>0</tpm>
<tpa>0</tpa>
<ftm>0</ftm>
<fta>0</fta>
<oreb>0</oreb>
<dreb>1</dreb>
<reb>1</reb>
<ast>0</ast>
<stl>0</stl>
<blk>0</blk>
<to>0</to>
<pf>1</pf>
<pam>-10</pam>
<pts>4</pts>
<dnp>false</dnp>
</player>
<player>
<name>Quincy Pondexter</name>
<pos>SF</pos>
<start>false</start>
<min>17</min>
<fgm>0</fgm>
<fga>4</fga>
<tpm>0</tpm>
<tpa>3</tpa>
<ftm>0</ftm>
<fta>0</fta>
<oreb>1</oreb>
<dreb>0</dreb>
<reb>1</reb>
<ast>1</ast>
<stl>0</stl>
<blk>0</blk>
<to>1</to>
<pf>1</pf>
<pam>-22</pam>
<pts>0</pts>
<dnp>false</dnp>
</player>
<player>
<name>Mike Miller</name>
<pos>SF</pos>
<start>false</start>
<min>24</min>
<fgm>3</fgm>
<fga>4</fga>
<tpm>3</tpm>
<tpa>4</tpa>
<ftm>0</ftm>
<fta>0</fta>
<oreb>0</oreb>
<dreb>6</dreb>
<reb>6</reb>
<ast>2</ast>
<stl>2</stl>
<blk>0</blk>
<to>2</to>
<pf>3</pf>
<pam>-5</pam>
<pts>9</pts>
<dnp>false</dnp>
</player>
<player>
<name>Kosta Koufos</name>
<pos>C</pos>
<start>false</start>
<min>17</min>
<fgm>2</fgm>
<fga>4</fga>
<tpm>0</tpm>
<tpa>0</tpa>
<ftm>2</ftm>
<fta>2</fta>
<oreb>1</oreb>
<dreb>2</dreb>
<reb>3</reb>
<ast>1</ast>
<stl>0</stl>
<blk>1</blk>
<to>0</to>
<pf>0</pf>
<pam>+9</pam>
<pts>6</pts>
<dnp>false</dnp>
</player>
<player>
<name>Jerryd Bayless</name>
<pos>PG</pos>
<start>false</start>
<min>14</min>
<fgm>1</fgm>
<fga>5</fga>
<tpm>1</tpm>
<tpa>2</tpa>
<ftm>0</ftm>
<fta>0</fta>
<oreb>0</oreb>
<dreb>2</dreb>
<reb>2</reb>
<ast>1</ast>
<stl>0</stl>
<blk>0</blk>
<to>1</to>
<pf>1</pf>
<pam>-5</pam>
<pts>3</pts>
<dnp>false</dnp>
</player>
<player>
<name>Nick Calathes</name>
<pos>SG</pos>
<start>false</start>
<min>10</min>
<fgm>1</fgm>
<fga>3</fga>
<tpm>0</tpm>
<tpa>0</tpa>
<ftm>0</ftm>
<fta>0</fta>
<oreb>0</oreb>
<dreb>0</dreb>
<reb>0</reb>
<ast>2</ast>
<stl>0</stl>
<blk>0</blk>
<to>4</to>
<pf>3</pf>
<pam>+6</pam>
<pts>2</pts>
<dnp>false</dnp>
</player>
<home>true</home>
<win>false</win>
<fgm>34</fgm>
<fga>71</fga>
<tpm>4</tpm>
<tpa>15</tpa>
<ftm>12</ftm>
<fta>14</fta>
<oreb>7</oreb>
<dreb>22</dreb>
<reb>29</reb>
<ast>17</ast>
<stl>5</stl>
<blk>5</blk>
<to>18</to>
<pf>20</pf>
<pts>84</pts>
</team>
</game>